// GERADO por tools/generate-embedded-shaders.ps1 com glslc -O (NDK pinado).
// Não editar este arquivo manualmente; altere os GLSL e regenere.
#pragma once

#include <cstdint>

namespace ae::rhi::shaders {

inline constexpr uint32_t kDirt_Road_Coverage_Shade_FallbackFragSpirv[] = {
0x07230203,0x00010300,0x000d000a,0x00002361,0x00000000,0x00020011,0x00000001,0x00020011,
0x00000032,0x0006000b,0x00000001,0x4c534c47,0x6474732e,0x3035342e,0x00000000,0x0003000e,
0x00000000,0x00000001,0x0010000f,0x00000004,0x00000004,0x6e69616d,0x00000000,0x000000da,
0x000000df,0x000006ae,0x000006af,0x000006b9,0x000006bb,0x00000a53,0x00000a55,0x00000a92,
0x00000aaf,0x00000bf2,0x00030010,0x00000004,0x00000007,0x00030010,0x00000004,0x00000009,
0x00030047,0x000000da,0x00000000,0x00040047,0x000000da,0x0000001e,0x00000001,0x00030047,
0x000000df,0x00000000,0x00040047,0x000000df,0x0000001e,0x00000002,0x00040047,0x000000f6,
0x00000006,0x00000040,0x00040047,0x000000f8,0x00000006,0x00000010,0x00040047,0x000000f9,
0x00000006,0x00000010,0x00040047,0x000000fa,0x00000006,0x00000010,0x00040047,0x000000fb,
0x00000006,0x00000010,0x00040047,0x000000fd,0x00000006,0x00000010,0x00040047,0x000000ff,
0x00000006,0x00000040,0x00040047,0x00000100,0x00000006,0x00000010,0x00040047,0x00000102,
0x00000006,0x00000010,0x00050048,0x00000103,0x00000000,0x00000023,0x00000000,0x00050048,
0x00000103,0x00000001,0x00000023,0x00000010,0x00050048,0x00000103,0x00000002,0x00000023,
0x00000020,0x00050048,0x00000103,0x00000003,0x00000023,0x00000030,0x00050048,0x00000103,
0x00000004,0x00000023,0x00000040,0x00050048,0x00000103,0x00000005,0x00000023,0x00000050,
0x00050048,0x00000103,0x00000006,0x00000023,0x00000060,0x00050048,0x00000103,0x00000007,
0x00000023,0x00000070,0x00050048,0x00000103,0x00000008,0x00000023,0x00000080,0x00050048,
0x00000103,0x00000009,0x00000023,0x00000090,0x00050048,0x00000103,0x0000000a,0x00000023,
0x000000a0,0x00050048,0x00000103,0x0000000b,0x00000023,0x000000b0,0x00050048,0x00000103,
0x0000000c,0x00000023,0x000000c0,0x00050048,0x00000103,0x0000000d,0x00000023,0x000000d0,
0x00050048,0x00000103,0x0000000e,0x00000023,0x000000e0,0x00050048,0x00000103,0x0000000f,
0x00000023,0x000000f0,0x00050048,0x00000103,0x00000010,0x00000023,0x00000100,0x00050048,
0x00000103,0x00000011,0x00000023,0x00000110,0x00040048,0x00000103,0x00000012,0x00000005,
0x00050048,0x00000103,0x00000012,0x00000023,0x00000120,0x00050048,0x00000103,0x00000012,
0x00000007,0x00000010,0x00050048,0x00000103,0x00000013,0x00000023,0x00000220,0x00050048,
0x00000103,0x00000014,0x00000023,0x00000230,0x00050048,0x00000103,0x00000015,0x00000023,
0x00000240,0x00050048,0x00000103,0x00000016,0x00000023,0x00000250,0x00050048,0x00000103,
0x00000017,0x00000023,0x00000260,0x00050048,0x00000103,0x00000018,0x00000023,0x00000270,
0x00050048,0x00000103,0x00000019,0x00000023,0x00000280,0x00050048,0x00000103,0x0000001a,
0x00000023,0x00000290,0x00050048,0x00000103,0x0000001b,0x00000023,0x000002a0,0x00050048,
0x00000103,0x0000001c,0x00000023,0x000002b0,0x00050048,0x00000103,0x0000001d,0x00000023,
0x000002c0,0x00050048,0x00000103,0x0000001e,0x00000023,0x000002d0,0x00050048,0x00000103,
0x0000001f,0x00000023,0x00000350,0x00050048,0x00000103,0x00000020,0x00000023,0x000003d0,
0x00050048,0x00000103,0x00000021,0x00000023,0x000003e0,0x00050048,0x00000103,0x00000022,
0x00000023,0x00000460,0x00050048,0x00000103,0x00000023,0x00000023,0x000004e0,0x00050048,
0x00000103,0x00000024,0x00000023,0x000004f0,0x00050048,0x00000103,0x00000025,0x00000023,
0x00000500,0x00050048,0x00000103,0x00000026,0x00000023,0x00000510,0x00050048,0x00000103,
0x00000027,0x00000023,0x00000710,0x00040048,0x00000103,0x00000028,0x00000005,0x00050048,
0x00000103,0x00000028,0x00000023,0x00000720,0x00050048,0x00000103,0x00000028,0x00000007,
0x00000010,0x00050048,0x00000103,0x00000029,0x00000023,0x00000b20,0x00050048,0x00000103,
0x0000002a,0x00000023,0x00000c20,0x00030047,0x00000103,0x00000002,0x00040047,0x00000105,
0x00000022,0x00000001,0x00040047,0x00000105,0x00000021,0x00000000,0x00030047,0x000001e9,
0x00000000,0x00040047,0x000001e9,0x00000001,0x00000002,0x00040047,0x000001fb,0x00000022,
0x00000001,0x00040047,0x000001fb,0x00000021,0x00000001,0x00040047,0x00000235,0x00000022,
0x00000001,0x00040047,0x00000235,0x00000021,0x00000003,0x00040047,0x00000256,0x00000022,
0x00000001,0x00040047,0x00000256,0x00000021,0x00000004,0x00040047,0x000003a2,0x00000022,
0x00000001,0x00040047,0x000003a2,0x00000021,0x00000002,0x00050048,0x00000578,0x00000000,
0x00000023,0x00000000,0x00050048,0x00000578,0x00000001,0x00000023,0x00000010,0x00050048,
0x00000578,0x00000002,0x00000023,0x00000020,0x00050048,0x00000578,0x00000003,0x00000023,
0x00000030,0x00050048,0x00000578,0x00000004,0x00000023,0x00000040,0x00050048,0x00000578,
0x00000005,0x00000023,0x00000050,0x00050048,0x00000578,0x00000006,0x00000023,0x00000060,
0x00050048,0x00000578,0x00000007,0x00000023,0x00000070,0x00030047,0x00000578,0x00000002,
0x00040047,0x00000582,0x00000006,0x00000010,0x00040048,0x00000583,0x00000000,0x00000018,
0x00050048,0x00000583,0x00000000,0x00000023,0x00000000,0x00030047,0x00000583,0x00000002,
0x00040047,0x00000585,0x00000022,0x00000001,0x00040047,0x00000585,0x00000021,0x00000010,
0x00040047,0x000006ae,0x0000001e,0x00000000,0x00030047,0x000006af,0x00000000,0x00040047,
0x000006af,0x0000001e,0x00000001,0x00040047,0x000006b9,0x0000001e,0x00000004,0x00040047,
0x000006bb,0x0000001e,0x00000003,0x00030047,0x000006c7,0x00000000,0x00040047,0x000006c7,
0x00000001,0x00000001,0x00040047,0x0000087f,0x00000022,0x00000001,0x00040047,0x0000087f,
0x00000021,0x00000011,0x00040047,0x00000a53,0x0000000b,0x0000000f,0x00030047,0x00000a55,
0x00000000,0x00040047,0x00000a55,0x0000001e,0x00000006,0x00030047,0x00000a5a,0x00000000,
0x00030047,0x00000a63,0x00000000,0x00040047,0x00000a63,0x00000001,0x00000000,0x00030047,
0x00000a69,0x00000000,0x00030047,0x00000a71,0x00000000,0x00030047,0x00000a72,0x00000000,
0x00030047,0x00000a81,0x00000000,0x00030047,0x00000a86,0x00000000,0x00030047,0x00000a87,
0x00000000,0x00030047,0x00000a8a,0x00000000,0x00030047,0x00000a8f,0x00000000,0x00030047,
0x00000a90,0x00000000,0x00040047,0x00000a92,0x0000001e,0x00000000,0x00030047,0x00000a94,
0x00000000,0x00030047,0x00000a95,0x00000000,0x00030047,0x00000a96,0x00000000,0x00030047,
0x00000a97,0x00000000,0x00030047,0x00000aa1,0x00000000,0x00030047,0x00000aaf,0x00000000,
0x00040047,0x00000aaf,0x0000001e,0x00000005,0x00030047,0x00000ab8,0x00000000,0x00040047,
0x00000abd,0x00000022,0x00000000,0x00040047,0x00000abd,0x00000021,0x00000000,0x00030047,
0x00000af1,0x00000000,0x00030047,0x00000af3,0x00000000,0x00030047,0x00000af4,0x00000000,
0x00030047,0x00000af5,0x00000000,0x00030047,0x00000af6,0x00000000,0x00030047,0x00000af8,
0x00000000,0x00030047,0x00000b02,0x00000000,0x00030047,0x00000b10,0x00000000,0x00030047,
0x00000b17,0x00000000,0x00030047,0x00000b1c,0x00000000,0x00030047,0x00000b29,0x00000000,
0x00030047,0x00000b42,0x00000000,0x00030047,0x00000b50,0x00000000,0x00030047,0x00000b63,
0x00000000,0x00040047,0x00000b6e,0x00000022,0x00000000,0x00040047,0x00000b6e,0x00000021,
0x00000002,0x00030047,0x00000b93,0x00000000,0x00030047,0x00000b9e,0x00000000,0x00030047,
0x00000ba6,0x00000000,0x00030047,0x00000bb3,0x00000000,0x00030047,0x00000bd4,0x00000000,
0x00030047,0x00000be2,0x00000000,0x00030047,0x00000be3,0x00000000,0x00030047,0x00000bf2,
0x00000000,0x00040047,0x00000bf2,0x0000001e,0x00000002,0x00030047,0x00000bf3,0x00000000,
0x00030047,0x00000bf4,0x00000000,0x00030047,0x00000bf9,0x00000000,0x00030047,0x00000bfa,
0x00000000,0x00030047,0x00000bfb,0x00000000,0x00030047,0x00000c16,0x00000000,0x00030047,
0x00000c23,0x00000000,0x00030047,0x00000c2d,0x00000000,0x00030047,0x00000c34,0x00000000,
0x00030047,0x00000c36,0x00000000,0x00040047,0x00000c3d,0x00000022,0x00000000,0x00040047,
0x00000c3d,0x00000021,0x00000001,0x00030047,0x00000c5b,0x00000000,0x00030047,0x00000c5c,
0x00000000,0x00030047,0x00000c65,0x00000000,0x00030047,0x00000c6c,0x00000000,0x00030047,
0x00000c73,0x00000000,0x00030047,0x00000c75,0x00000000,0x00030047,0x00000c7e,0x00000000,
0x00030047,0x00000c88,0x00000000,0x00030047,0x00000c89,0x00000000,0x00030047,0x00000c9a,
0x00000000,0x00030047,0x00000c9c,0x00000000,0x00030047,0x00000c9d,0x00000000,0x00030047,
0x00000cb8,0x00000000,0x00030047,0x00000cb9,0x00000000,0x00030047,0x00000cbb,0x00000000,
0x00030047,0x00000cbd,0x00000000,0x00030047,0x00000cbe,0x00000000,0x00030047,0x00000cc2,
0x00000000,0x00030047,0x00000cfe,0x00000000,0x00030047,0x00000d12,0x00000000,0x00030047,
0x00000d16,0x00000000,0x00030047,0x00000d17,0x00000000,0x00030047,0x00000d1d,0x00000000,
0x00030047,0x00000d1f,0x00000000,0x00030047,0x00000d22,0x00000000,0x00030047,0x00000d26,
0x00000000,0x00030047,0x00000d4c,0x00000000,0x00030047,0x00000d4e,0x00000000,0x00030047,
0x00000d67,0x00000000,0x00030047,0x00000d68,0x00000000,0x00030047,0x00000d6b,0x00000000,
0x00030047,0x00000d6c,0x00000000,0x00030047,0x00000d6d,0x00000000,0x00030047,0x00000d6e,
0x00000000,0x00030047,0x00000d78,0x00000000,0x00030047,0x00000d79,0x00000000,0x00030047,
0x00000d7d,0x00000000,0x00030047,0x00000d7f,0x00000000,0x00030047,0x00000d81,0x00000000,
0x00030047,0x00000d83,0x00000000,0x00040047,0x00000d94,0x00000022,0x00000000,0x00040047,
0x00000d94,0x00000021,0x00000003,0x00030047,0x00000dd2,0x00000000,0x00030047,0x00000dd6,
0x00000000,0x00030047,0x00000dd8,0x00000000,0x00030047,0x00000de4,0x00000000,0x00030047,
0x00000de6,0x00000000,0x00030047,0x00000de7,0x00000000,0x00030047,0x00000de9,0x00000000,
0x00030047,0x00000deb,0x00000000,0x00030047,0x00000dec,0x00000000,0x00030047,0x00000dee,
0x00000000,0x00030047,0x00000def,0x00000000,0x00030047,0x00000df0,0x00000000,0x00030047,
0x00000df1,0x00000000,0x00030047,0x00000dfd,0x00000000,0x00030047,0x00000dff,0x00000000,
0x00030047,0x00000e00,0x00000000,0x00030047,0x00000e02,0x00000000,0x00030047,0x00000e04,
0x00000000,0x00030047,0x00000e05,0x00000000,0x00030047,0x00000e0e,0x00000000,0x00030047,
0x00000e11,0x00000000,0x00030047,0x00000e12,0x00000000,0x00030047,0x00000e13,0x00000000,
0x00030047,0x00000e14,0x00000000,0x00030047,0x00000e1c,0x00000000,0x00030047,0x0000050f,
0x00000000,0x00030047,0x00000a68,0x00000000,0x00030047,0x0000018e,0x00000000,0x00030047,
0x0000058a,0x00000000,0x00030047,0x00000e86,0x00000000,0x00030047,0x00000e87,0x00000000,
0x00030047,0x00000e89,0x00000000,0x00030047,0x00000e8a,0x00000000,0x00030047,0x00000e96,
0x00000000,0x00030047,0x00000ee4,0x00000000,0x00030047,0x00000ee5,0x00000000,0x00030047,
0x00000eea,0x00000000,0x00030047,0x00000eec,0x00000000,0x00030047,0x00000eed,0x00000000,
0x00030047,0x00000ef3,0x00000000,0x00030047,0x00000ef5,0x00000000,0x00030047,0x00000ef7,
0x00000000,0x00030047,0x00000ef8,0x00000000,0x00030047,0x00000efd,0x00000000,0x00030047,
0x00000eff,0x00000000,0x00030047,0x00000f07,0x00000000,0x00030047,0x00000f24,0x00000000,
0x00030047,0x00000f25,0x00000000,0x00030047,0x00000f2b,0x00000000,0x00030047,0x00000f2c,
0x00000000,0x00030047,0x00000f2f,0x00000000,0x00030047,0x00000f30,0x00000000,0x00030047,
0x00000f32,0x00000000,0x00030047,0x00000f35,0x00000000,0x00030047,0x00000f36,0x00000000,
0x00030047,0x00000f38,0x00000000,0x00030047,0x00000f3a,0x00000000,0x00030047,0x00000f55,
0x00000000,0x00030047,0x00000f57,0x00000000,0x00030047,0x00000f59,0x00000000,0x00030047,
0x00000f5b,0x00000000,0x00030047,0x00000f5c,0x00000000,0x00030047,0x00000f5e,0x00000000,
0x00030047,0x00000f5f,0x00000000,0x00030047,0x00000f60,0x00000000,0x00030047,0x00000f68,
0x00000000,0x00030047,0x00000f71,0x00000000,0x00030047,0x00000f72,0x00000000,0x00030047,
0x00000f78,0x00000000,0x00030047,0x00000f7b,0x00000000,0x00030047,0x00000f7d,0x00000000,
0x00030047,0x00001032,0x00000000,0x00030047,0x0000104a,0x00000000,0x00030047,0x00001056,
0x00000000,0x00030047,0x0000107a,0x00000000,0x00030047,0x00001086,0x00000000,0x00030047,
0x000010f7,0x00000000,0x00030047,0x000010f8,0x00000000,0x00030047,0x000010fa,0x00000000,
0x00030047,0x000010fb,0x00000000,0x00030047,0x000010fc,0x00000000,0x00030047,0x00001122,
0x00000000,0x00030047,0x00001125,0x00000000,0x00030047,0x00001126,0x00000000,0x00030047,
0x00001199,0x00000000,0x00030047,0x000011a8,0x00000000,0x00030047,0x000011aa,0x00000000,
0x00030047,0x000011ab,0x00000000,0x00030047,0x000011bd,0x00000000,0x00030047,0x000011c1,
0x00000000,0x00030047,0x000011c4,0x00000000,0x00030047,0x00001218,0x00000000,0x00030047,
0x00001219,0x00000000,0x00030047,0x0000121b,0x00000000,0x00030047,0x0000121c,0x00000000,
0x00030047,0x0000121d,0x00000000,0x00030047,0x00001243,0x00000000,0x00030047,0x00001246,
0x00000000,0x00030047,0x00001247,0x00000000,0x00030047,0x000012ba,0x00000000,0x00030047,
0x000012c9,0x00000000,0x00030047,0x000012cb,0x00000000,0x00030047,0x000012cc,0x00000000,
0x00030047,0x000012de,0x00000000,0x00030047,0x000012e2,0x00000000,0x00030047,0x000012e5,
0x00000000,0x00030047,0x0000137d,0x00000000,0x00030047,0x0000137e,0x00000000,0x00030047,
0x00001380,0x00000000,0x00030047,0x00001381,0x00000000,0x00030047,0x000013e5,0x00000000,
0x00030047,0x000013f9,0x00000000,0x00030047,0x000013fb,0x00000000,0x00030047,0x000013fd,
0x00000000,0x00030047,0x00001403,0x00000000,0x00030047,0x00001409,0x00000000,0x00030047,
0x0000140a,0x00000000,0x00030047,0x0000140b,0x00000000,0x00030047,0x00001416,0x00000000,
0x00030047,0x0000141c,0x00000000,0x00030047,0x0000141d,0x00000000,0x00030047,0x0000141e,
0x00000000,0x00030047,0x00001425,0x00000000,0x00030047,0x00001426,0x00000000,0x00030047,
0x00001477,0x00000000,0x00030047,0x00001485,0x00000000,0x00030047,0x00001486,0x00000000,
0x00030047,0x00001489,0x00000000,0x00030047,0x000014a5,0x00000000,0x00030047,0x000014a7,
0x00000000,0x00030047,0x000014c0,0x00000000,0x00030047,0x000014d0,0x00000000,0x00030047,
0x000014e4,0x00000000,0x00030047,0x000014f8,0x00000000,0x00030047,0x000014fa,0x00000000,
0x00030047,0x000014fc,0x00000000,0x00030047,0x00001502,0x00000000,0x00030047,0x00001508,
0x00000000,0x00030047,0x00001509,0x00000000,0x00030047,0x0000150a,0x00000000,0x00030047,
0x00001515,0x00000000,0x00030047,0x0000151b,0x00000000,0x00030047,0x0000151c,0x00000000,
0x00030047,0x0000151d,0x00000000,0x00030047,0x00001524,0x00000000,0x00030047,0x00001525,
0x00000000,0x00030047,0x000015bc,0x00000000,0x00030047,0x000015cc,0x00000000,0x00030047,
0x000015f4,0x00000000,0x00030047,0x000015f6,0x00000000,0x00030047,0x000015f8,0x00000000,
0x00030047,0x000015fe,0x00000000,0x00030047,0x00001604,0x00000000,0x00030047,0x00001605,
0x00000000,0x00030047,0x00001606,0x00000000,0x00030047,0x00001611,0x00000000,0x00030047,
0x00001617,0x00000000,0x00030047,0x00001618,0x00000000,0x00030047,0x00001619,0x00000000,
0x00030047,0x00001620,0x00000000,0x00030047,0x00001621,0x00000000,0x00030047,0x000016ce,
0x00000000,0x00030047,0x000016d0,0x00000000,0x00030047,0x000016d2,0x00000000,0x00030047,
0x000016d8,0x00000000,0x00030047,0x000016de,0x00000000,0x00030047,0x000016df,0x00000000,
0x00030047,0x000016e0,0x00000000,0x00030047,0x000016ef,0x00000000,0x00030047,0x000016f1,
0x00000000,0x00030047,0x000016f2,0x00000000,0x00030047,0x000016f7,0x00000000,0x00030047,
0x000016fb,0x00000000,0x00030047,0x000016fc,0x00000000,0x00030047,0x000016fd,0x00000000,
0x00030047,0x0000170d,0x00000000,0x00030047,0x0000170e,0x00000000,0x00030047,0x0000170f,
0x00000000,0x00030047,0x00001712,0x00000000,0x00030047,0x00001713,0x00000000,0x00030047,
0x00001722,0x00000000,0x00030047,0x00001724,0x00000000,0x00030047,0x00001725,0x00000000,
0x00030047,0x0000174c,0x00000000,0x00030047,0x00001764,0x00000000,0x00030047,0x00001770,
0x00000000,0x00030047,0x00001794,0x00000000,0x00030047,0x000017a0,0x00000000,0x00030047,
0x00001811,0x00000000,0x00030047,0x00001812,0x00000000,0x00030047,0x00001814,0x00000000,
0x00030047,0x00001815,0x00000000,0x00030047,0x00001816,0x00000000,0x00030047,0x0000183c,
0x00000000,0x00030047,0x0000183f,0x00000000,0x00030047,0x00001840,0x00000000,0x00030047,
0x000018b3,0x00000000,0x00030047,0x000018c2,0x00000000,0x00030047,0x000018c4,0x00000000,
0x00030047,0x000018c5,0x00000000,0x00030047,0x000018d7,0x00000000,0x00030047,0x000018db,
0x00000000,0x00030047,0x000018de,0x00000000,0x00030047,0x00001932,0x00000000,0x00030047,
0x00001933,0x00000000,0x00030047,0x00001935,0x00000000,0x00030047,0x00001936,0x00000000,
0x00030047,0x00001937,0x00000000,0x00030047,0x0000195d,0x00000000,0x00030047,0x00001960,
0x00000000,0x00030047,0x00001961,0x00000000,0x00030047,0x000019d4,0x00000000,0x00030047,
0x000019e3,0x00000000,0x00030047,0x000019e5,0x00000000,0x00030047,0x000019e6,0x00000000,
0x00030047,0x000019f8,0x00000000,0x00030047,0x000019fc,0x00000000,0x00030047,0x000019ff,
0x00000000,0x00030047,0x00001a1e,0x00000000,0x00030047,0x00001a25,0x00000000,0x00030047,
0x00001a26,0x00000000,0x00030047,0x00001a29,0x00000000,0x00030047,0x00001a2a,0x00000000,
0x00030047,0x00001a2d,0x00000000,0x00030047,0x00001a2e,0x00000000,0x00030047,0x00001a31,
0x00000000,0x00030047,0x00001a32,0x00000000,0x00030047,0x00001a39,0x00000000,0x00030047,
0x00001a3b,0x00000000,0x00030047,0x00001a3d,0x00000000,0x00030047,0x00001a40,0x00000000,
0x00030047,0x00001a42,0x00000000,0x00030047,0x00001a47,0x00000000,0x00030047,0x00001a4e,
0x00000000,0x00030047,0x00001a4f,0x00000000,0x00030047,0x00001a5b,0x00000000,0x00030047,
0x00001a61,0x00000000,0x00030047,0x00001a63,0x00000000,0x00030047,0x00001a64,0x00000000,
0x00030047,0x00001a66,0x00000000,0x00030047,0x00001a68,0x00000000,0x00030047,0x00001a6b,
0x00000000,0x00030047,0x00001a6c,0x00000000,0x00030047,0x00001a6e,0x00000000,0x00030047,
0x00001a70,0x00000000,0x00030047,0x00001a78,0x00000000,0x00030047,0x00001a7a,0x00000000,
0x00030047,0x00001a7c,0x00000000,0x00030047,0x00001a7d,0x00000000,0x00030047,0x00001a7f,
0x00000000,0x00030047,0x00001a80,0x00000000,0x00030047,0x00001a86,0x00000000,0x00030047,
0x00001a89,0x00000000,0x00030047,0x00001a8b,0x00000000,0x00030047,0x00001a91,0x00000000,
0x00030047,0x00001a94,0x00000000,0x00030047,0x00001a96,0x00000000,0x00030047,0x00001a9c,
0x00000000,0x00030047,0x00001a9f,0x00000000,0x00030047,0x00001aa1,0x00000000,0x00030047,
0x00001b13,0x00000000,0x00030047,0x00001b18,0x00000000,0x00030047,0x00001b1d,0x00000000,
0x00030047,0x00001b22,0x00000000,0x00030047,0x00001b3d,0x00000000,0x00030047,0x00001b3e,
0x00000000,0x00030047,0x00001b41,0x00000000,0x00030047,0x00001b47,0x00000000,0x00030047,
0x00001b49,0x00000000,0x00030047,0x00001b4a,0x00000000,0x00030047,0x00001b4c,0x00000000,
0x00030047,0x00001b4f,0x00000000,0x00030047,0x00001b50,0x00000000,0x00030047,0x00001b51,
0x00000000,0x00030047,0x00001b54,0x00000000,0x00030047,0x00001b60,0x00000000,0x00030047,
0x00001b63,0x00000000,0x00030047,0x00001b65,0x00000000,0x00030047,0x00001b74,0x00000000,
0x00030047,0x00001b77,0x00000000,0x00030047,0x00001bac,0x00000000,0x00030047,0x00001bca,
0x00000000,0x00030047,0x00001bd7,0x00000000,0x00030047,0x00001bde,0x00000000,0x00030047,
0x00001cb9,0x00000000,0x00030047,0x00001cc0,0x00000000,0x00030047,0x00001cc1,0x00000000,
0x00030047,0x00001cc4,0x00000000,0x00030047,0x00001cc5,0x00000000,0x00030047,0x00001cc8,
0x00000000,0x00030047,0x00001cc9,0x00000000,0x00030047,0x00001ccc,0x00000000,0x00030047,
0x00001ccd,0x00000000,0x00030047,0x00001cd4,0x00000000,0x00030047,0x00001cd6,0x00000000,
0x00030047,0x00001cd8,0x00000000,0x00030047,0x00001cdb,0x00000000,0x00030047,0x00001cdd,
0x00000000,0x00030047,0x00001ce2,0x00000000,0x00030047,0x00001ce9,0x00000000,0x00030047,
0x00001cea,0x00000000,0x00030047,0x00001cf6,0x00000000,0x00030047,0x00001cfc,0x00000000,
0x00030047,0x00001cfe,0x00000000,0x00030047,0x00001cff,0x00000000,0x00030047,0x00001d01,
0x00000000,0x00030047,0x00001d03,0x00000000,0x00030047,0x00001d06,0x00000000,0x00030047,
0x00001d07,0x00000000,0x00030047,0x00001d09,0x00000000,0x00030047,0x00001d0b,0x00000000,
0x00030047,0x00001d13,0x00000000,0x00030047,0x00001d15,0x00000000,0x00030047,0x00001d17,
0x00000000,0x00030047,0x00001d18,0x00000000,0x00030047,0x00001d1a,0x00000000,0x00030047,
0x00001d1b,0x00000000,0x00030047,0x00001d21,0x00000000,0x00030047,0x00001d24,0x00000000,
0x00030047,0x00001d26,0x00000000,0x00030047,0x00001d2c,0x00000000,0x00030047,0x00001d2f,
0x00000000,0x00030047,0x00001d31,0x00000000,0x00030047,0x00001d37,0x00000000,0x00030047,
0x00001d3a,0x00000000,0x00030047,0x00001d3c,0x00000000,0x00030047,0x00001da9,0x00000000,
0x00030047,0x00001dab,0x00000000,0x00030047,0x00001dac,0x00000000,0x00030047,0x00001dba,
0x00000000,0x00030047,0x00001dce,0x00000000,0x00030047,0x00001dd6,0x00000000,0x00030047,
0x00001dd8,0x00000000,0x00030047,0x00001dda,0x00000000,0x00030047,0x00001ddc,0x00000000,
0x00030047,0x00001dde,0x00000000,0x00030047,0x00001de0,0x00000000,0x00030047,0x00001de2,
0x00000000,0x00030047,0x00001de4,0x00000000,0x00030047,0x00001de6,0x00000000,0x00030047,
0x00001de8,0x00000000,0x00030047,0x00001dea,0x00000000,0x00030047,0x00001dec,0x00000000,
0x00030047,0x00001def,0x00000000,0x00030047,0x00001df0,0x00000000,0x00030047,0x00001df4,
0x00000000,0x00030047,0x00001dfa,0x00000000,0x00030047,0x00001dfb,0x00000000,0x00030047,
0x00001dfc,0x00000000,0x00030047,0x00001e09,0x00000000,0x00030047,0x00001e0f,0x00000000,
0x00030047,0x00001e12,0x00000000,0x00030047,0x00001e4a,0x00000000,0x00030047,0x00001eed,
0x00000000,0x00030047,0x00001eef,0x00000000,0x00030047,0x00001ef0,0x00000000,0x00030047,
0x00001ef5,0x00000000,0x00030047,0x00001ef7,0x00000000,0x00030047,0x00001ef8,0x00000000,
0x00030047,0x00001f01,0x00000000,0x00030047,0x00001f03,0x00000000,0x00030047,0x00001f05,
0x00000000,0x00030047,0x00001f06,0x00000000,0x00030047,0x00001f08,0x00000000,0x00030047,
0x00001f09,0x00000000,0x00030047,0x00001f0f,0x00000000,0x00030047,0x00001f12,0x00000000,
0x00030047,0x00001f14,0x00000000,0x00030047,0x00001f2d,0x00000000,0x00030047,0x00001f3d,
0x00000000,0x00030047,0x00001f65,0x00000000,0x00030047,0x00001f67,0x00000000,0x00030047,
0x00001f69,0x00000000,0x00030047,0x00001f6f,0x00000000,0x00030047,0x00001f75,0x00000000,
0x00030047,0x00001f76,0x00000000,0x00030047,0x00001f77,0x00000000,0x00030047,0x00001f82,
0x00000000,0x00030047,0x00001f88,0x00000000,0x00030047,0x00001f89,0x00000000,0x00030047,
0x00001f8a,0x00000000,0x00030047,0x00001f91,0x00000000,0x00030047,0x00001f92,0x00000000,
0x00030047,0x0000206d,0x00000000,0x00030047,0x0000206f,0x00000000,0x00030047,0x000020b5,
0x00000000,0x00030047,0x000020dd,0x00000000,0x00030047,0x000020e7,0x00000000,0x00030047,
0x000020e9,0x00000000,0x00030047,0x00002172,0x00000000,0x00030047,0x00002174,0x00000000,
0x00030047,0x00002176,0x00000000,0x00030047,0x00002177,0x00000000,0x00030047,0x0000217d,
0x00000000,0x00030047,0x0000217e,0x00000000,0x00030047,0x00002181,0x00000000,0x00030047,
0x00002182,0x00000000,0x00030047,0x00002185,0x00000000,0x00030047,0x00002189,0x00000000,
0x00030047,0x0000218a,0x00000000,0x00030047,0x000021b1,0x00000000,0x00030047,0x000021b2,
0x00000000,0x00030047,0x000021be,0x00000000,0x00030047,0x000021c1,0x00000000,0x00030047,
0x000021c2,0x00000000,0x00030047,0x000021c5,0x00000000,0x00030047,0x000021c8,0x00000000,
0x00030047,0x000021ce,0x00000000,0x00030047,0x000021dc,0x00000000,0x00030047,0x000021e2,
0x00000000,0x00030047,0x000021eb,0x00000000,0x00030047,0x000021ec,0x00000000,0x00030047,
0x000021ea,0x00000000,0x00030047,0x000021ed,0x00000000,0x00030047,0x000021ee,0x00000000,
0x00030047,0x00002207,0x00000000,0x00030047,0x00002208,0x00000000,0x00030047,0x0000220c,
0x00000000,0x00030047,0x00002210,0x00000000,0x00030047,0x0000220f,0x00000000,0x00030047,
0x0000220e,0x00000000,0x00030047,0x00002211,0x00000000,0x00030047,0x00002212,0x00000000,
0x00030047,0x00002213,0x00000000,0x00030047,0x00002214,0x00000000,0x00030047,0x00002252,
0x00000000,0x00030047,0x00002255,0x00000000,0x00030047,0x00002263,0x00000000,0x00030047,
0x000022a1,0x00000000,0x00030047,0x000022a2,0x00000000,0x00030047,0x000022ae,0x00000000,
0x00030047,0x000022b0,0x00000000,0x00030047,0x000022c3,0x00000000,0x00030047,0x000022cc,
0x00000000,0x00030047,0x000022ce,0x00000000,0x00030047,0x000022d1,0x00000000,0x00030047,
0x000022d2,0x00000000,0x00030047,0x000022e0,0x00000000,0x00030047,0x000022e1,0x00000000,
0x00030047,0x000022e2,0x00000000,0x00030047,0x000022ea,0x00000000,0x00030047,0x000022eb,
0x00000000,0x00030047,0x000022ed,0x00000000,0x00030047,0x000022f2,0x00000000,0x00030047,
0x000022f5,0x00000000,0x00030047,0x000022fb,0x00000000,0x00030047,0x00002309,0x00000000,
0x00030047,0x0000230f,0x00000000,0x00030047,0x00002318,0x00000000,0x00030047,0x00002319,
0x00000000,0x00030047,0x00002317,0x00000000,0x00030047,0x0000231a,0x00000000,0x00030047,
0x0000231b,0x00000000,0x00030047,0x00002336,0x00000000,0x00030047,0x000021c6,0x00000000,
0x00030047,0x000021c9,0x00000000,0x00030047,0x000021ca,0x00000000,0x00030047,0x000021cb,
0x00000000,0x00030047,0x000021cd,0x00000000,0x00030047,0x000021dd,0x00000000,0x00030047,
0x000021de,0x00000000,0x00030047,0x000021df,0x00000000,0x00030047,0x000021e1,0x00000000,
0x00030047,0x0000220b,0x00000000,0x00030047,0x00002337,0x00000000,0x00030047,0x00002218,
0x00000000,0x00030047,0x00002253,0x00000000,0x00030047,0x00002254,0x00000000,0x00030047,
0x000022f3,0x00000000,0x00030047,0x000022f6,0x00000000,0x00030047,0x000022f7,0x00000000,
0x00030047,0x000022f8,0x00000000,0x00030047,0x000022fa,0x00000000,0x00030047,0x0000230a,
0x00000000,0x00030047,0x0000230b,0x00000000,0x00030047,0x0000230c,0x00000000,0x00030047,
0x0000230e,0x00000000,0x00020013,0x00000002,0x00030021,0x00000003,0x00000002,0x00030016,
0x00000006,0x00000020,0x00040020,0x00000007,0x00000007,0x00000006,0x00040017,0x00000015,
0x00000006,0x00000003,0x00040017,0x00000021,0x00000006,0x00000002,0x00040015,0x00000041,
0x00000020,0x00000001,0x00020014,0x00000051,0x00040015,0x00000057,0x00000020,0x00000000,
0x00040017,0x0000006d,0x00000006,0x00000004,0x00040018,0x00000077,0x00000021,0x00000002,
0x00040020,0x0000007c,0x00000007,0x0000006d,0x00040018,0x00000086,0x00000015,0x00000003,
0x00040020,0x000000d9,0x00000003,0x00000006,0x0004003b,0x000000d9,0x000000da,0x00000003,
0x0004002b,0x00000006,0x000000dc,0x00000000,0x0004002b,0x00000006,0x000000dd,0x3f666666,
0x0004003b,0x000000d9,0x000000df,0x00000003,0x0004002b,0x00000006,0x000000e1,0x3f800000,
0x0004002b,0x00000006,0x000000e8,0x3e99999a,0x00040018,0x000000f4,0x0000006d,0x00000004,
0x0004002b,0x00000057,0x000000f5,0x00000004,0x0004001c,0x000000f6,0x000000f4,0x000000f5,
0x0004002b,0x00000057,0x000000f7,0x00000008,0x0004001c,0x000000f8,0x0000006d,0x000000f7,
0x0004001c,0x000000f9,0x0000006d,0x000000f7,0x0004001c,0x000000fa,0x0000006d,0x000000f7,
0x0004001c,0x000000fb,0x0000006d,0x000000f7,0x0004002b,0x00000057,0x000000fc,0x00000020,
0x0004001c,0x000000fd,0x0000006d,0x000000fc,0x0004002b,0x00000057,0x000000fe,0x00000010,
0x0004001c,0x000000ff,0x000000f4,0x000000fe,0x0004001c,0x00000100,0x0000006d,0x000000fe,
0x0004002b,0x00000057,0x00000101,0x00000009,0x0004001c,0x00000102,0x0000006d,0x00000101,
0x002d001e,0x00000103,0x0000006d,0x0000006d,0x0000006d,0x0000006d,0x0000006d,0x0000006d,
0x0000006d,0x0000006d,0x0000006d,0x0000006d,0x0000006d,0x0000006d,0x0000006d,0x0000006d,
0x0000006d,0x0000006d,0x0000006d,0x0000006d,0x000000f6,0x0000006d,0x0000006d,0x0000006d,
0x0000006d,0x0000006d,0x0000006d,0x0000006d,0x0000006d,0x0000006d,0x0000006d,0x0000006d,
0x000000f8,0x000000f9,0x0000006d,0x000000fa,0x000000fb,0x0000006d,0x0000006d,0x0000006d,
0x000000fd,0x0000006d,0x000000ff,0x00000100,0x00000102,0x00040020,0x00000104,0x00000002,
0x00000103,0x0004003b,0x00000104,0x00000105,0x00000002,0x0004002b,0x00000041,0x00000106,
0x00000003,0x0004002b,0x00000057,0x00000107,0x00000001,0x00040020,0x00000108,0x00000002,
0x00000006,0x0004002b,0x00000057,0x00000111,0x00000000,0x0004002b,0x00000057,0x00000116,
0x00000002,0x0004001c,0x00000137,0x00000006,0x00000101,0x00040020,0x00000138,0x00000007,
0x00000137,0x0004002b,0x00000006,0x0000013a,0x3e906ebb,0x0004002b,0x00000006,0x0000013b,
0x3efa2a1c,0x0004002b,0x00000006,0x00000142,0x3f8bd8a1,0x0004002b,0x00000006,0x0000014b,
0x3ea17b01,0x0004002b,0x00000006,0x0000014c,0x40400000,0x0004002b,0x00000006,0x00000157,
0x3f0bd8a1,0x0006002c,0x00000015,0x00000162,0x000000dc,0x000000dc,0x000000dc,0x0004002b,
0x00000041,0x00000164,0x00000000,0x0004002b,0x00000041,0x0000016b,0x00000009,0x0004002b,
0x00000041,0x0000016d,0x0000002a,0x00040020,0x0000016f,0x00000002,0x0000006d,0x0004002b,
0x00000041,0x0000017a,0x00000001,0x0004002b,0x00000057,0x00000180,0x00000003,0x0004002b,
0x00000006,0x00000183,0x3f000000,0x0004002b,0x00000041,0x00000187,0x00000011,0x0004002b,
0x00000041,0x0000018e,0x00000008,0x0004002b,0x00000041,0x00000198,0x00000002,0x0004002b,
0x00000006,0x0000019b,0x40490fdb,0x0004002b,0x00000041,0x000001b0,0x00000006,0x0004002b,
0x00000006,0x000001bc,0x3e59b3d0,0x0004002b,0x00000006,0x000001bd,0x3f371759,0x0004002b,
0x00000006,0x000001be,0x3d93dd98,0x0006002c,0x00000015,0x000001bf,0x000001bc,0x000001bd,
0x000001be,0x0004002b,0x00000006,0x000001c6,0x40000000,0x0004002b,0x00000006,0x000001e2,
0xbf800000,0x00040032,0x00000057,0x000001e9,0x00000000,0x00060034,0x00000051,0x000001ea,
0x000000aa,0x000001e9,0x00000107,0x00060034,0x00000051,0x000001ee,0x000000aa,0x000001e9,
0x00000111,0x00090019,0x000001f8,0x00000006,0x00000001,0x00000000,0x00000000,0x00000000,
0x00000001,0x00000000,0x0003001b,0x000001f9,0x000001f8,0x00040020,0x000001fa,0x00000000,
0x000001f9,0x0004003b,0x000001fa,0x000001fb,0x00000000,0x0004002b,0x00000006,0x0000021a,
0x322bcc77,0x0005002c,0x00000021,0x00000228,0x000001e2,0x000001e2,0x0005002c,0x00000021,
0x00000229,0x000000e1,0x000000e1,0x0005002c,0x00000021,0x0000022b,0x000000dc,0x000000dc,
0x00040017,0x0000022c,0x00000051,0x00000002,0x0004003b,0x000001fa,0x00000235,0x00000000,
0x0004002b,0x00000041,0x00000247,0x0000000d,0x0004002b,0x00000006,0x00000251,0x3fc00000,
0x0004003b,0x000001fa,0x00000256,0x00000000,0x0004002b,0x00000006,0x00000260,0x3e800000,
0x0004002b,0x00000006,0x00000261,0x3f400000,0x0004002b,0x00000006,0x00000274,0x3cac0831,
0x0004002b,0x00000006,0x00000277,0x40805aee,0x0004002b,0x00000006,0x0000027b,0x41cd74bc,
0x0004002b,0x00000006,0x00000281,0x428cb7cf,0x0004002b,0x00000006,0x00000285,0x42958e56,
0x0004002b,0x00000006,0x0000028b,0x41d88d50,0x0004002b,0x00000006,0x00000294,0x2f5be6ff,
0x0004002b,0x00000006,0x00000297,0x3f0b7f1a,0x0004002b,0x00000006,0x00000298,0x3e0fcf85,
0x0004002b,0x00000006,0x00000299,0x3db5eb25,0x0006002c,0x00000015,0x0000029a,0x00000297,
0x00000298,0x00000299,0x0004002b,0x00000006,0x0000029b,0x3ebf6005,0x0004002b,0x00000006,
0x0000029c,0x3f410d54,0x0004002b,0x00000006,0x0000029d,0x3e372b91,0x0006002c,0x00000015,
0x0000029e,0x0000029b,0x0000029c,0x0000029d,0x0004002b,0x00000006,0x0000029f,0x3da6ad2b,
0x0004002b,0x00000006,0x000002a0,0x3dd7ed90,0x0004002b,0x00000006,0x000002a1,0x3f3b74bc,
0x0006002c,0x00000015,0x000002a2,0x0000029f,0x000002a0,0x000002a1,0x0006002c,0x00000086,
0x000002a3,0x0000029a,0x0000029e,0x000002a2,0x0004002b,0x00000006,0x000002a8,0xc1479539,
0x0004002b,0x00000006,0x000002a9,0x4080d58e,0x0004002b,0x00000006,0x000002b7,0x4019999a,
0x0006002c,0x00000015,0x000002b8,0x000002b7,0x000002b7,0x000002b7,0x0004002b,0x00000006,
0x000002ba,0x3ffb7668,0x0004002b,0x00000006,0x000002bb,0xbe9940ca,0x0004002b,0x00000006,
0x000002bc,0xbe28502c,0x0006002c,0x00000015,0x000002bd,0x000002ba,0x000002bb,0x000002bc,
0x0004002b,0x00000006,0x000002be,0xbf5b198a,0x0004002b,0x00000006,0x000002bf,0x3fa9c926,
0x0004002b,0x00000006,0x000002c0,0xbe73f129,0x0006002c,0x00000015,0x000002c1,0x000002be,
0x000002bf,0x000002c0,0x0004002b,0x00000006,0x000002c2,0xbddef5b8,0x0004002b,0x00000006,
0x000002c3,0xbcdddf4f,0x0004002b,0x00000006,0x000002c4,0x3fb38a8a,0x0006002c,0x00000015,
0x000002c5,0x000002c2,0x000002c3,0x000002c4,0x0006002c,0x00000086,0x000002c6,0x000002bd,
0x000002c1,0x000002c5,0x0006002c,0x00000015,0x000002d3,0x000000e1,0x000000e1,0x000000e1,
0x0004002b,0x00000006,0x000002dd,0x4020a3d7,0x0004002b,0x00000006,0x000002e0,0x3cf5c28f,
0x0004002b,0x00000006,0x000002e5,0x401b851f,0x0004002b,0x00000006,0x000002e8,0x3f170a3d,
0x0004002b,0x00000006,0x000002ec,0x3e0f5c29,0x0004002b,0x00000041,0x000002fa,0x0000000b,
0x0004002b,0x00000041,0x00000317,0x00000014,0x0004002b,0x00000041,0x0000031a,0x00000015,
0x0004002b,0x00000041,0x00000322,0x00000012,0x00040020,0x00000324,0x00000002,0x000000f4,
0x0004002b,0x00000041,0x00000392,0x00000016,0x00090019,0x0000039f,0x00000006,0x00000001,
0x00000001,0x00000000,0x00000000,0x00000001,0x00000000,0x0003001b,0x000003a0,0x0000039f,
0x00040020,0x000003a1,0x00000000,0x000003a0,0x0004003b,0x000003a1,0x000003a2,0x00000000,
0x0004002b,0x00000041,0x0000040f,0xffffffff,0x0004002b,0x00000006,0x0000043a,0x3de38e39,
0x0004002b,0x00000041,0x00000449,0x00000013,0x0004002b,0x00000006,0x00000486,0x38d1b717,
0x0004002b,0x00000041,0x0000048e,0x00000017,0x0003002a,0x00000051,0x000004da,0x00040017,
0x000004dc,0x00000041,0x00000002,0x0004001c,0x000004e4,0x00000006,0x000000fe,0x0004002b,
0x00000006,0x000004e5,0x3e000000,0x0004002b,0x00000006,0x000004e6,0x3f200000,0x0004002b,
0x00000006,0x000004e7,0x3f600000,0x0004002b,0x00000006,0x000004e8,0x3ec00000,0x0004002b,
0x00000006,0x000004e9,0x3e400000,0x0004002b,0x00000006,0x000004ea,0x3f300000,0x0004002b,
0x00000006,0x000004eb,0x3d800000,0x0004002b,0x00000006,0x000004ec,0x3f100000,0x0004002b,
0x00000006,0x000004ed,0x3f700000,0x0004002b,0x00000006,0x000004ee,0x3ee00000,0x0004002b,
0x00000006,0x000004ef,0x3f500000,0x0004002b,0x00000006,0x000004f0,0x3ea00000,0x0013002c,
0x000004e4,0x000004f1,0x000000dc,0x00000183,0x000004e5,0x000004e6,0x00000261,0x00000260,
0x000004e7,0x000004e8,0x000004e9,0x000004ea,0x000004eb,0x000004ec,0x000004ed,0x000004ee,
0x000004ef,0x000004f0,0x0004002b,0x00000041,0x000004f4,0x00000004,0x00040020,0x000004f9,
0x00000007,0x000004e4,0x0004002b,0x00000057,0x0000050f,0x00000100,0x0004002b,0x00000057,
0x00000531,0x0000000f,0x0004002b,0x00000057,0x00000535,0x0000000c,0x0005002c,0x00000021,
0x0000055e,0x00000183,0x00000183,0x00040017,0x00000577,0x00000057,0x00000004,0x000a001e,
0x00000578,0x0000006d,0x0000006d,0x0000006d,0x0000006d,0x0000006d,0x00000577,0x00000577,
0x0000006d,0x00040020,0x00000579,0x00000009,0x00000578,0x0004003b,0x00000579,0x0000057a,
0x00000009,0x00040020,0x0000057b,0x00000009,0x00000057,0x0003001d,0x00000582,0x0000006d,
0x0003001e,0x00000583,0x00000582,0x00040020,0x00000584,0x0000000c,0x00000583,0x0004003b,
0x00000584,0x00000585,0x0000000c,0x0004002b,0x00000057,0x0000058a,0x0000000e,0x00040020,
0x0000058e,0x0000000c,0x0000006d,0x0005002c,0x00000021,0x000005b4,0x000000e1,0x000000dc,
0x0005002c,0x00000021,0x000005b5,0x000000dc,0x000000e1,0x0005002c,0x00000077,0x000005b6,
0x000005b4,0x000005b5,0x0004002b,0x00000006,0x000005ca,0x358637bd,0x0006002c,0x00000015,
0x00000658,0x000000dc,0x000000e1,0x000000dc,0x0006002c,0x00000015,0x00000672,0x000000e1,
0x000000dc,0x000000dc,0x00040020,0x000006ad,0x00000001,0x00000015,0x0004003b,0x000006ad,
0x000006ae,0x00000001,0x0004003b,0x000006ad,0x000006af,0x00000001,0x00040020,0x000006b8,
0x00000001,0x00000021,0x0004003b,0x000006b8,0x000006b9,0x00000001,0x0004003b,0x000006b8,
0x000006bb,0x00000001,0x00040032,0x00000057,0x000006c7,0xffffffff,0x0004002b,0x00000057,
0x000006c8,0xffffffff,0x00060034,0x00000051,0x000006c9,0x000000aa,0x000006c7,0x000006c8,
0x0004002b,0x00000041,0x000006d8,0x00000018,0x0004002b,0x00000006,0x000007c1,0xbf000000,
0x0004002b,0x00000041,0x000007c7,0x00000027,0x0004002b,0x00000041,0x000007d8,0x00000010,
0x0004002b,0x00000041,0x00000814,0x00000005,0x0004002b,0x00000041,0x00000819,0x00000029,
0x0004002b,0x00000041,0x00000828,0x00000028,0x0004002b,0x00000006,0x00000834,0x3727c5ac,
0x0004003b,0x000003a1,0x0000087f,0x00000000,0x0004002b,0x00000041,0x000008e4,0x00000025,
0x0004002b,0x00000041,0x000008f9,0x00000026,0x00040020,0x0000097e,0x00000009,0x0000006d,
0x0004002b,0x00000041,0x00000983,0x0000000e,0x0004002b,0x00000006,0x00000998,0x3a83126f,
0x0004002b,0x00000041,0x0000099b,0x0000001a,0x0004002b,0x00000006,0x000009b5,0x3ccccccd,
0x0004002b,0x00000006,0x000009c4,0x3ee66666,0x0004002b,0x00000006,0x000009c5,0x40800000,
0x0004002b,0x00000041,0x000009ca,0x0000001d,0x0004002b,0x00000041,0x000009d3,0x0000001b,
0x0004002b,0x00000041,0x000009d7,0x0000001c,0x0004002b,0x00000006,0x000009e4,0x3eb33333,
0x0004002b,0x00000006,0x000009fd,0x43c00000,0x0004002b,0x00000006,0x000009fe,0x41900000,
0x0004002b,0x00000006,0x00000a36,0x3d4ccccd,0x0004002b,0x00000006,0x00000a3e,0x3e6147ae,
0x0004002b,0x00000006,0x00000a4a,0x3f6b851f,0x0004002b,0x00000006,0x00000a4b,0x3f7851ec,
0x0006002c,0x00000015,0x00000a4c,0x00000a4a,0x00000a4b,0x000000e1,0x00040020,0x00000a52,
0x00000001,0x0000006d,0x0004003b,0x00000a52,0x00000a53,0x00000001,0x00040020,0x00000a54,
0x00000001,0x00000006,0x0004003b,0x00000a54,0x00000a55,0x00000001,0x00040032,0x00000057,
0x00000a63,0x00000000,0x0004002b,0x00000057,0x00000a68,0x00000200,0x0004002b,0x00000006,
0x00000a7f,0x414eb852,0x0004002b,0x00000006,0x00000a82,0x3f870a3d,0x0004002b,0x00000006,
0x00000a84,0x3ed55555,0x0006002c,0x00000015,0x00000a85,0x00000a84,0x00000a84,0x00000a84,
0x0004002b,0x00000006,0x00000a88,0x3d6147ae,0x0004002b,0x00000006,0x00000a8c,0x3b4d2e1c,
0x0006002c,0x00000015,0x00000a8d,0x00000a8c,0x00000a8c,0x00000a8c,0x00040017,0x00000a8e,
0x00000051,0x00000003,0x00040020,0x00000a91,0x00000003,0x0000006d,0x0004003b,0x00000a91,
0x00000a92,0x00000003,0x0004003b,0x00000a52,0x00000aaf,0x00000001,0x0004003b,0x000001fa,
0x00000abd,0x00000000,0x0004002b,0x00000057,0x00000b0a,0x000000ff,0x0004002b,0x00000006,
0x00000b1d,0x3b808081,0x0007002c,0x0000006d,0x00000b64,0x000000e1,0x000000e1,0x000000e1,
0x000000e1,0x0004003b,0x000001fa,0x00000b6e,0x00000000,0x0004002b,0x00000041,0x00000b94,
0x00000007,0x00040020,0x00000b95,0x00000009,0x00000006,0x0004002b,0x00000006,0x00000b99,
0x3d8f5c29,0x0004002b,0x00000057,0x00000ba5,0x00004000,0x0004003b,0x00000a52,0x00000bf2,
0x00000001,0x0004003b,0x000001fa,0x00000c3d,0x00000000,0x0004002b,0x00000006,0x00000cb6,
0x3d23d70a,0x0004002b,0x00000006,0x00000d41,0x3c23d70a,0x0004002b,0x00000006,0x00000d44,
0x3f266666,0x0004003b,0x000001fa,0x00000d94,0x00000000,0x0004002b,0x00000057,0x00000da9,
0x0000000a,0x0005002c,0x000004dc,0x00002338,0x00000106,0x00000106,0x0006002c,0x00000015,
0x00002339,0x00000a88,0x00000a88,0x00000a88,0x0006002c,0x00000015,0x0000233a,0x000002e0,
0x000002e0,0x000002e0,0x0006002c,0x00000015,0x0000233b,0x000002e8,0x000002e8,0x000002e8,
0x0006002c,0x00000015,0x0000233c,0x000002ec,0x000002ec,0x000002ec,0x0006002c,0x00000015,
0x0000233d,0x00000294,0x00000294,0x00000294,0x0006002c,0x00000015,0x0000233e,0x000002a8,
0x000002a8,0x000002a8,0x0006002c,0x00000015,0x0000233f,0x000002a9,0x000002a9,0x000002a9,
0x0004002b,0x00000057,0x00002342,0x00000005,0x0004002b,0x00000057,0x00002343,0x00000006,
0x0004002b,0x00000057,0x00002344,0x00000007,0x0006002c,0x00000015,0x00002345,0x00000183,
0x00000183,0x00000183,0x0004002b,0x00000006,0x00002349,0x3ea2f983,0x0004002b,0x00000006,
0x0000234d,0xbf400000,0x0004002b,0x00000006,0x00002354,0x3e22f983,0x0004002b,0x00000006,
0x00002355,0x3d783e10,0x0006002c,0x00000015,0x00002356,0x00002355,0x00002355,0x00002355,
0x00050036,0x00000002,0x00000004,0x00000000,0x00000003,0x000200f8,0x00000005,0x0004003b,
0x00000138,0x00001dce,0x00000007,0x0004003b,0x000004f9,0x0000136e,0x00000007,0x0004003b,
0x000004f9,0x00000e78,0x00000007,0x0004003b,0x0000007c,0x00000b63,0x00000007,0x000300f7,
0x00000e1e,0x00000000,0x000300fb,0x00000111,0x00000e1f,0x000200f8,0x00000e1f,0x0004003d,
0x0000006d,0x00000a57,0x00000a53,0x0007004f,0x00000021,0x00000a58,0x00000a57,0x00000a57,
0x00000000,0x00000001,0x0004003d,0x00000006,0x00000a5a,0x00000a55,0x000300f7,0x00000e9a,
0x00000000,0x000300fb,0x00000111,0x00000e7c,0x000200f8,0x00000e7c,0x000500b4,0x00000051,
0x00000e7e,0x00000a5a,0x000000dc,0x000300f7,0x00000e80,0x00000000,0x000400fa,0x00000e7e,
0x00000e7f,0x00000e80,0x000200f8,0x00000e7f,0x000200f9,0x00000e9a,0x000200f8,0x00000e80,
0x0004006e,0x000004dc,0x00000e82,0x00000a58,0x000500c7,0x000004dc,0x00000e84,0x00000e82,
0x00002338,0x00050051,0x00000041,0x00000e86,0x00000e84,0x00000001,0x00050084,0x00000041,
0x00000e87,0x00000e86,0x000004f4,0x00050051,0x00000041,0x00000e89,0x00000e84,0x00000000,
0x00050080,0x00000041,0x00000e8a,0x00000e87,0x00000e89,0x0003003e,0x00000e78,0x000004f1,
0x00050041,0x00000007,0x00000e8b,0x00000e78,0x00000e8a,0x0004003d,0x00000006,0x00000e8c,
0x00000e8b,0x000500ba,0x00000051,0x00000e8e,0x00000a5a,0x000000dc,0x000300f7,0x00000e98,
0x00000000,0x000400fa,0x00000e8e,0x00000e8f,0x00000e93,0x000200f8,0x00000e8f,0x000500b8,
0x00000051,0x00000e92,0x00000e8c,0x00000a5a,0x000200f9,0x00000e98,0x000200f8,0x00000e93,
0x0004007f,0x00000006,0x00000e96,0x00000a5a,0x000500be,0x00000051,0x00000e97,0x00000e8c,
0x00000e96,0x000200f9,0x00000e98,0x000200f8,0x00000e98,0x000700f5,0x00000051,0x0000216a,
0x00000e92,0x00000e8f,0x00000e97,0x00000e93,0x000200f9,0x00000e9a,0x000200f8,0x00000e9a,
0x000700f5,0x00000051,0x0000216b,0x000004da,0x00000e7f,0x0000216a,0x00000e98,0x000300f7,
0x00000a5d,0x00000000,0x000400fa,0x0000216b,0x00000a5c,0x00000a5d,0x000200f8,0x00000a5c,
0x000100fc,0x000200f8,0x00000a5d,0x00060041,0x0000057b,0x00000a60,0x0000057a,0x000001b0,
0x00000111,0x0004003d,0x00000057,0x00000a61,0x00000a60,0x0003003e,0x000000da,0x000000dc,
0x0003003e,0x000000df,0x000000dc,0x000500c7,0x00000057,0x00000a69,0x00000a61,0x00000a68,
0x000500ab,0x00000051,0x00000a6a,0x00000a69,0x00000111,0x000300f7,0x00000a6c,0x00000000,
0x000400fa,0x00000a6a,0x00000a6b,0x00000a6c,0x000200f8,0x00000a6b,0x0003003e,0x000000da,
0x000000e8,0x0003003e,0x000000df,0x000000e1,0x0004003d,0x00000015,0x00000a71,0x000006af,
0x0006000c,0x00000015,0x00000a72,0x00000001,0x00000045,0x00000a71,0x0004003d,0x00000015,
0x00000a74,0x000006ae,0x00050041,0x0000097e,0x00000ed0,0x0000057a,0x00000198,0x0004003d,
0x0000006d,0x00000ed1,0x00000ed0,0x0008004f,0x00000015,0x00000ed2,0x00000ed1,0x00000ed1,
0x00000000,0x00000001,0x00000002,0x00060041,0x00000108,0x00000ed3,0x00000105,0x00000983,
0x00000180,0x0004003d,0x00000006,0x00000ed4,0x00000ed3,0x000500ba,0x00000051,0x00000ed5,
0x00000ed4,0x000000dc,0x000300f7,0x00000ee0,0x00000000,0x000400fa,0x00000ed5,0x00000ed6,
0x00000edb,0x000200f8,0x00000ed6,0x00050041,0x0000016f,0x00000ed7,0x00000105,0x000007d8,
0x0004003d,0x0000006d,0x00000ed8,0x00000ed7,0x0008004f,0x00000015,0x00000ed9,0x00000ed8,
0x00000ed8,0x00000000,0x00000001,0x00000002,0x0004007f,0x00000015,0x00000eda,0x00000ed9,
0x000200f9,0x00000ee0,0x000200f8,0x00000edb,0x00050083,0x00000015,0x00000ede,0x00000ed2,
0x00000a74,0x0006000c,0x00000015,0x00000edf,0x00000001,0x00000045,0x00000ede,0x000200f9,
0x00000ee0,0x000200f8,0x00000ee0,0x000700f5,0x00000015,0x000022ee,0x00000eda,0x00000ed6,
0x00000edf,0x00000edb,0x00050094,0x00000006,0x00000ee4,0x00000a72,0x000022ee,0x0007000c,
0x00000006,0x00000ee5,0x00000001,0x00000028,0x00000ee4,0x00000998,0x00060041,0x00000108,
0x00000ee6,0x00000105,0x0000099b,0x00000111,0x0004003d,0x00000006,0x00000ee7,0x00000ee6,
0x0008000c,0x00000006,0x00000ee8,0x00000001,0x0000002b,0x00000ee7,0x000000e1,0x000001c6,
0x00050083,0x00000006,0x00000eea,0x00000ee8,0x000000e1,0x00050081,0x00000006,0x00000eec,
0x00000ee8,0x000000e1,0x00050088,0x00000006,0x00000eed,0x00000eea,0x00000eec,0x0004007f,
0x00000006,0x00002359,0x00000eed,0x0008000c,0x00000006,0x00000ef3,0x00000001,0x00000032,
0x00002359,0x00000eed,0x000000e1,0x00050083,0x00000006,0x00000ef5,0x000000e1,0x00000ee5,
0x00050085,0x00000006,0x00000f78,0x00000ef5,0x00000ef5,0x00050085,0x00000006,0x00000f7b,
0x00000f78,0x00000f78,0x00050085,0x00000006,0x00000f7d,0x00000f7b,0x00000ef5,0x00050085,
0x00000006,0x00000ef7,0x00000ef3,0x00000f7d,0x0008000c,0x00000006,0x00000ef8,0x00000001,
0x00000032,0x00000eed,0x00000eed,0x00000ef7,0x00060041,0x00000108,0x00000ef9,0x00000105,
0x0000099b,0x00000107,0x0004003d,0x00000006,0x00000efa,0x00000ef9,0x0008000c,0x00000006,
0x00000efb,0x00000001,0x0000002b,0x00000efa,0x000009b5,0x000000e1,0x0004007f,0x00000015,
0x00000efd,0x000022ee,0x0007000c,0x00000015,0x00000eff,0x00000001,0x00000047,0x00000efd,
0x00000a72,0x00060041,0x00000108,0x00000f01,0x00000105,0x00000106,0x00000116,0x0004003d,
0x00000006,0x00000f02,0x00000f01,0x00050085,0x00000006,0x00000f03,0x00000efb,0x00000f02,
0x000300f7,0x00000fd8,0x00000000,0x000300fb,0x00000111,0x00000f94,0x000200f8,0x00000f94,
0x000400a8,0x00000051,0x00000f95,0x000001ea,0x000300f7,0x00000f9d,0x00000000,0x000400fa,
0x00000f95,0x00000f96,0x00000f9d,0x000200f8,0x00000f96,0x000300f7,0x00000f9b,0x00000000,
0x000400fa,0x000001ee,0x00000f97,0x00000f9b,0x000200f8,0x00000f97,0x00060041,0x00000108,
0x00000f98,0x00000105,0x00000106,0x00000180,0x0004003d,0x00000006,0x00000f99,0x00000f98,
0x000500b8,0x00000051,0x00000f9a,0x00000f99,0x00000183,0x000200f9,0x00000f9b,0x000200f8,
0x00000f9b,0x000700f5,0x00000051,0x00000f9c,0x000001ee,0x00000f96,0x00000f9a,0x00000f97,
0x000200f9,0x00000f9d,0x000200f8,0x00000f9d,0x000700f5,0x00000051,0x00000f9e,0x000001ea,
0x00000f94,0x00000f9c,0x00000f9b,0x000300f7,0x00000faa,0x00000000,0x000400fa,0x00000f9e,
0x00000f9f,0x00000faa,0x000200f8,0x00000f9f,0x0004003d,0x000001f9,0x00000fa0,0x000001fb,
0x00050051,0x00000006,0x00000fde,0x00000eff,0x00000002,0x00050051,0x00000006,0x00000fe0,
0x00000eff,0x00000000,0x0007000c,0x00000006,0x00000fe1,0x00000001,0x00000019,0x00000fde,
0x00000fe0,0x00060041,0x00000108,0x00000fe2,0x00000105,0x00000106,0x00000107,0x0004003d,
0x00000006,0x00000fe3,0x00000fe2,0x00050081,0x00000006,0x00000fe4,0x00000fe1,0x00000fe3,
0x0008000c,0x00000006,0x00000fe7,0x00000001,0x00000032,0x00000fe4,0x00002354,0x00000183,
0x0006000c,0x00000006,0x00000fe8,0x00000001,0x0000000a,0x00000fe7,0x00050051,0x00000006,
0x00000fea,0x00000eff,0x00000001,0x0008000c,0x00000006,0x00000feb,0x00000001,0x0000002b,
0x00000fea,0x000001e2,0x000000e1,0x0006000c,0x00000006,0x00000fec,0x00000001,0x00000011,
0x00000feb,0x00050085,0x00000006,0x00000fed,0x00000fec,0x00002349,0x00050050,0x00000021,
0x00000fee,0x00000fe8,0x00000fed,0x0008000c,0x00000006,0x00000fa6,0x00000001,0x0000002b,
0x00000f03,0x000000dc,0x00000f02,0x00070058,0x0000006d,0x00000fa7,0x00000fa0,0x00000fee,
0x00000002,0x00000fa6,0x0008004f,0x00000015,0x00000fa8,0x00000fa7,0x00000fa7,0x00000000,
0x00000001,0x00000002,0x000200f9,0x00000fd8,0x000200f8,0x00000faa,0x00060041,0x00000108,
0x00000ff3,0x00000105,0x00000106,0x00000107,0x0004003d,0x00000006,0x00000ff4,0x00000ff3,
0x0006000c,0x00000006,0x00000ff5,0x00000001,0x0000000e,0x00000ff4,0x0006000c,0x00000006,
0x00000ff8,0x00000001,0x0000000d,0x00000ff4,0x00050051,0x00000006,0x00000ffb,0x00000eff,
0x00000000,0x00050051,0x00000006,0x00000fff,0x00000eff,0x00000002,0x00050085,0x00000006,
0x00001000,0x00000ff8,0x00000fff,0x0004007f,0x00000006,0x0000235a,0x00001000,0x0008000c,
0x00000006,0x00001001,0x00000001,0x00000032,0x00000ff5,0x00000ffb,0x0000235a,0x00050051,
0x00000006,0x00001003,0x00000eff,0x00000001,0x00050085,0x00000006,0x0000100b,0x00000ff5,
0x00000fff,0x0008000c,0x00000006,0x0000100c,0x00000001,0x00000032,0x00000ff8,0x00000ffb,
0x0000100b,0x00060050,0x00000015,0x0000100d,0x00001001,0x00001003,0x0000100c,0x0007004f,
0x00000021,0x00000fae,0x0000100d,0x0000100d,0x00000000,0x00000002,0x0006000c,0x00000006,
0x00000fb1,0x00000001,0x00000004,0x00001001,0x0006000c,0x00000006,0x00000fb4,0x00000001,
0x00000004,0x00001003,0x00050081,0x00000006,0x00000fb5,0x00000fb1,0x00000fb4,0x0006000c,
0x00000006,0x00000fb8,0x00000001,0x00000004,0x0000100c,0x00050081,0x00000006,0x00000fb9,
0x00000fb5,0x00000fb8,0x0007000c,0x00000006,0x00000fba,0x00000001,0x00000028,0x00000fb9,
0x0000021a,0x00050050,0x00000021,0x00000fbb,0x00000fba,0x00000fba,0x00050088,0x00000021,
0x00000fbc,0x00000fae,0x00000fbb,0x000500b8,0x00000051,0x00000fbf,0x00001003,0x000000dc,
0x000300f7,0x00000fca,0x00000000,0x000400fa,0x00000fbf,0x00000fc0,0x00000fca,0x000200f8,
0x00000fc0,0x0007004f,0x00000021,0x00000fc2,0x00000fbc,0x00000fbc,0x00000001,0x00000000,
0x0006000c,0x00000021,0x00000fc3,0x00000001,0x00000004,0x00000fc2,0x00050083,0x00000021,
0x00000fc5,0x00000229,0x00000fc3,0x000500be,0x0000022c,0x00000fc7,0x00000fbc,0x0000022b,
0x000600a9,0x00000021,0x00000fc8,0x00000fc7,0x00000229,0x00000228,0x00050085,0x00000021,
0x00000fc9,0x00000fc5,0x00000fc8,0x000200f9,0x00000fca,0x000200f8,0x00000fca,0x000700f5,
0x00000021,0x000022f1,0x00000fbc,0x00000faa,0x00000fc9,0x00000fc0,0x0005008e,0x00000021,
0x00000fcc,0x000022f1,0x00000183,0x00050081,0x00000021,0x00000fce,0x00000fcc,0x0000055e,
0x0004003d,0x000001f9,0x00000fcf,0x00000235,0x0008000c,0x00000006,0x00000fd4,0x00000001,
0x0000002b,0x00000f03,0x000000dc,0x00000f02,0x00070058,0x0000006d,0x00000fd5,0x00000fcf,
0x00000fce,0x00000002,0x00000fd4,0x0008004f,0x00000015,0x00000fd6,0x00000fd5,0x00000fd5,
0x00000000,0x00000001,0x00000002,0x000200f9,0x00000fd8,0x000200f8,0x00000fd8,0x000700f5,
0x00000015,0x000022f2,0x00000fa8,0x00000f9f,0x00000fd6,0x00000fca,0x00060041,0x00000108,
0x00000f86,0x00000105,0x00000247,0x00000180,0x0004003d,0x00000006,0x00000f87,0x00000f86,
0x0005008e,0x00000015,0x00000f88,0x000022f2,0x00000f87,0x0008000c,0x00000006,0x00000f07,
0x00000001,0x0000002e,0x000009c4,0x000009c5,0x00000ef5,0x00050041,0x0000016f,0x00000f08,
0x00000105,0x000009ca,0x0004003d,0x0000006d,0x00000f09,0x00000f08,0x0008004f,0x00000015,
0x00000f0a,0x00000f09,0x00000f09,0x00000000,0x00000001,0x00000002,0x0004007f,0x00000015,
0x00000f0b,0x00000f0a,0x0005008e,0x00000015,0x00000f0d,0x00000f0b,0x00000f07,0x0006000c,
0x00000015,0x00000f0e,0x00000001,0x0000001b,0x00000f0d,0x00050041,0x0000016f,0x00000f0f,
0x00000105,0x000009d3,0x0004003d,0x0000006d,0x00000f10,0x00000f0f,0x0008004f,0x00000015,
0x00000f11,0x00000f10,0x00000f10,0x00000000,0x00000001,0x00000002,0x00050041,0x0000016f,
0x00000f12,0x00000105,0x000009d7,0x0004003d,0x0000006d,0x00000f13,0x00000f12,0x0008004f,
0x00000015,0x00000f14,0x00000f13,0x00000f13,0x00000000,0x00000001,0x00000002,0x0008000c,
0x00000015,0x00000f16,0x00000001,0x0000002e,0x00000f11,0x00000f14,0x00000f0e,0x00060041,
0x00000108,0x00000f1b,0x00000105,0x0000099b,0x00000116,0x0004003d,0x00000006,0x00000f1c,
0x00000f1b,0x0008000c,0x00000006,0x00000f1d,0x00000001,0x0000002b,0x00000f1c,0x000000dc,
0x000000e1,0x00050085,0x00000006,0x00000f1e,0x00000f1d,0x000009e4,0x00060050,0x00000015,
0x00000f1f,0x00000f1e,0x00000f1e,0x00000f1e,0x0008000c,0x00000015,0x00000f20,0x00000001,
0x0000002e,0x00000f16,0x00000f14,0x00000f1f,0x00060050,0x00000015,0x00000f24,0x00000ef8,
0x00000ef8,0x00000ef8,0x0008000c,0x00000015,0x00000f25,0x00000001,0x0000002e,0x00000f20,
0x00000f88,0x00000f24,0x00050041,0x0000016f,0x00000f26,0x00000105,0x00000164,0x0004003d,
0x0000006d,0x00000f27,0x00000f26,0x0008004f,0x00000015,0x00000f28,0x00000f27,0x00000f27,
0x00000000,0x00000001,0x00000002,0x00050094,0x00000006,0x00000f2b,0x00000a72,0x00000f28,
0x0007000c,0x00000006,0x00000f2c,0x00000001,0x00000028,0x00000f2b,0x000000dc,0x00050081,
0x00000015,0x00000f2f,0x000022ee,0x00000f28,0x0006000c,0x00000015,0x00000f30,0x00000001,
0x00000045,0x00000f2f,0x0008000c,0x00000006,0x00000f32,0x00000001,0x0000002e,0x000009fd,
0x000009fe,0x00000efb,0x00050094,0x00000006,0x00000f35,0x00000a72,0x00000f30,0x0007000c,
0x00000006,0x00000f36,0x00000001,0x00000028,0x00000f35,0x000000dc,0x0007000c,0x00000006,
0x00000f38,0x00000001,0x0000001a,0x00000f36,0x00000f32,0x00050085,0x00000006,0x00000f3a,
0x00000f38,0x00000f2c,0x00050041,0x0000016f,0x00000f3b,0x00000105,0x0000017a,0x0004003d,
0x0000006d,0x00000f3c,0x00000f3b,0x0008004f,0x00000015,0x00000f3d,0x00000f3c,0x00000f3c,
0x00000000,0x00000001,0x00000002,0x00060041,0x00000108,0x00000f3e,0x00000105,0x00000164,
0x00000180,0x0004003d,0x00000006,0x00000f3f,0x00000f3e,0x0005008e,0x00000015,0x00000f40,
0x00000f3d,0x00000f3f,0x00050041,0x0000016f,0x00000f41,0x00000105,0x000007d8,0x0004003d,
0x0000006d,0x00000f42,0x00000f41,0x0008004f,0x00000015,0x00000f43,0x00000f42,0x00000f42,
0x00000000,0x00000001,0x00000002,0x00050083,0x00000015,0x00000f46,0x00000a74,0x00000ed2,
0x00050094,0x00000006,0x00000f47,0x00000f43,0x00000f46,0x0007000c,0x00000006,0x00000f48,
0x00000001,0x00000028,0x00000f47,0x000000dc,0x000500ba,0x00000051,0x00000f4a,0x00000f2c,
0x000000dc,0x000300f7,0x00000f51,0x00000000,0x000400fa,0x00000f4a,0x00000f4b,0x00000f50,
0x000200f8,0x00000f4b,0x000300f7,0x000010a4,0x00000000,0x000300fb,0x00000111,0x00001028,
0x000200f8,0x00001028,0x00060041,0x00000108,0x00001029,0x00000105,0x00000317,0x00000107,
0x0004003d,0x00000006,0x0000102a,0x00001029,0x00050081,0x00000006,0x0000102b,0x0000102a,
0x00000183,0x0004006e,0x00000041,0x0000102c,0x0000102b,0x000500b3,0x00000051,0x0000102e,
0x0000102c,0x00000164,0x000300f7,0x00001030,0x00000000,0x000400fa,0x0000102e,0x0000102f,
0x00001030,0x000200f8,0x0000102f,0x000200f9,0x000010a4,0x000200f8,0x00001030,0x00050082,
0x00000041,0x00001032,0x0000102c,0x0000017a,0x00060041,0x00000108,0x00001033,0x00000105,
0x00000449,0x00001032,0x0004003d,0x00000006,0x00001034,0x00001033,0x000500ba,0x00000051,
0x00001037,0x00000f48,0x00001034,0x000300f7,0x00001039,0x00000000,0x000400fa,0x00001037,
0x00001038,0x00001039,0x000200f8,0x00001038,0x000200f9,0x000010a4,0x000200f8,0x00001039,
0x000200f9,0x0000103a,0x000200f8,0x0000103a,0x000700f5,0x00000041,0x000022f3,0x00000164,
0x00001039,0x0000104a,0x00001048,0x000400f6,0x0000104c,0x00001048,0x00000000,0x000200f9,
0x0000103b,0x000200f8,0x0000103b,0x000500b1,0x00000051,0x0000103f,0x000022f3,0x00001032,
0x000300f7,0x00001046,0x00000000,0x000400fa,0x0000103f,0x00001040,0x00001046,0x000200f8,
0x00001040,0x00060041,0x00000108,0x00001043,0x00000105,0x00000449,0x000022f3,0x0004003d,
0x00000006,0x00001044,0x00001043,0x000500ba,0x00000051,0x00001045,0x00000f48,0x00001044,
0x000200f9,0x00001046,0x000200f8,0x00001046,0x000700f5,0x00000051,0x00001047,0x0000103f,
0x0000103b,0x00001045,0x00001040,0x000400fa,0x00001047,0x00001048,0x0000104c,0x000200f8,
0x00001048,0x00050080,0x00000041,0x0000104a,0x000022f3,0x0000017a,0x000200f9,0x0000103a,
0x000200f8,0x0000104c,0x000300f7,0x000011c5,0x00000000,0x000300fb,0x00000111,0x000010bd,
0x000200f8,0x000010bd,0x00060041,0x00000108,0x000010c0,0x00000105,0x00000317,0x00000180,
0x0004003d,0x00000006,0x000010c1,0x000010c0,0x00060041,0x00000108,0x000010c3,0x00000105,
0x0000031a,0x000022f3,0x0004003d,0x00000006,0x000010c4,0x000010c3,0x00050085,0x00000006,
0x000010c5,0x000010c1,0x000010c4,0x0005008e,0x00000015,0x000010c6,0x00000a72,0x000010c5,
0x00050081,0x00000015,0x000010c7,0x00000a74,0x000010c6,0x00060041,0x00000324,0x000010c9,
0x00000105,0x00000322,0x000022f3,0x0004003d,0x000000f4,0x000010ca,0x000010c9,0x00050051,
0x00000006,0x000010cc,0x000010c7,0x00000000,0x00050051,0x00000006,0x000010cd,0x000010c7,
0x00000001,0x00050051,0x00000006,0x000010ce,0x000010c7,0x00000002,0x00070050,0x0000006d,
0x000010cf,0x000010cc,0x000010cd,0x000010ce,0x000000e1,0x00050091,0x0000006d,0x000010d0,
0x000010ca,0x000010cf,0x0008004f,0x00000015,0x000010d2,0x000010d0,0x000010d0,0x00000000,
0x00000001,0x00000002,0x00050051,0x00000006,0x000010d4,0x000010d0,0x00000003,0x00060050,
0x00000015,0x000010d5,0x000010d4,0x000010d4,0x000010d4,0x00050088,0x00000015,0x000010d6,
0x000010d2,0x000010d5,0x0007004f,0x00000021,0x000010d8,0x000010d6,0x000010d6,0x00000000,
0x00000001,0x0005008e,0x00000021,0x000010d9,0x000010d8,0x00000183,0x00050081,0x00000021,
0x000010db,0x000010d9,0x0000055e,0x00050051,0x00000006,0x000010dd,0x000010d6,0x00000002,
0x000500bc,0x00000051,0x000010de,0x000010dd,0x000000dc,0x000400a8,0x00000051,0x000010df,
0x000010de,0x000300f7,0x000010e4,0x00000000,0x000400fa,0x000010df,0x000010e0,0x000010e4,
0x000200f8,0x000010e0,0x000500be,0x00000051,0x000010e3,0x000010dd,0x000000e1,0x000200f9,
0x000010e4,0x000200f8,0x000010e4,0x000700f5,0x00000051,0x000010e5,0x000010de,0x000010bd,
0x000010e3,0x000010e0,0x000400a8,0x00000051,0x000010e6,0x000010e5,0x000300f7,0x000010eb,
0x00000000,0x000400fa,0x000010e6,0x000010e7,0x000010eb,0x000200f8,0x000010e7,0x000500b8,
0x0000022c,0x000010e9,0x000010db,0x0000022b,0x0004009a,0x00000051,0x000010ea,0x000010e9,
0x000200f9,0x000010eb,0x000200f8,0x000010eb,0x000700f5,0x00000051,0x000010ec,0x000010e5,
0x000010e4,0x000010ea,0x000010e7,0x000400a8,0x00000051,0x000010ed,0x000010ec,0x000300f7,
0x000010f2,0x00000000,0x000400fa,0x000010ed,0x000010ee,0x000010f2,0x000200f8,0x000010ee,
0x000500ba,0x0000022c,0x000010f0,0x000010db,0x00000229,0x0004009a,0x00000051,0x000010f1,
0x000010f0,0x000200f9,0x000010f2,0x000200f8,0x000010f2,0x000700f5,0x00000051,0x000010f3,
0x000010ec,0x000010eb,0x000010f1,0x000010ee,0x000300f7,0x000010f5,0x00000000,0x000400fa,
0x000010f3,0x000010f4,0x000010f5,0x000200f8,0x000010f4,0x000200f9,0x000011c5,0x000200f8,
0x000010f5,0x000500c7,0x00000041,0x000010f7,0x000022f3,0x0000017a,0x0004006f,0x00000006,
0x000010f8,0x000010f7,0x000500c3,0x00000041,0x000010fa,0x000022f3,0x0000017a,0x0004006f,
0x00000006,0x000010fb,0x000010fa,0x00050050,0x00000021,0x000010fc,0x000010f8,0x000010fb,
0x000500ad,0x00000051,0x000010fe,0x0000102c,0x0000017a,0x000600a9,0x00000006,0x000010ff,
0x000010fe,0x000001c6,0x000000e1,0x00050081,0x00000021,0x00001102,0x000010db,0x000010fc,
0x00050050,0x00000021,0x00001104,0x000010ff,0x000010ff,0x00050088,0x00000021,0x00001105,
0x00001102,0x00001104,0x00060041,0x00000108,0x00001106,0x00000105,0x00000317,0x00000111,
0x0004003d,0x00000006,0x00001107,0x00001106,0x00050088,0x00000021,0x0000110b,0x000010fc,
0x00001104,0x00050085,0x00000006,0x0000110d,0x00001107,0x00000183,0x00050050,0x00000021,
0x0000110e,0x0000110d,0x0000110d,0x00050081,0x00000021,0x0000110f,0x0000110b,0x0000110e,
0x00050081,0x00000021,0x00001112,0x000010fc,0x00000229,0x00050088,0x00000021,0x00001115,
0x00001112,0x00001104,0x00050083,0x00000021,0x00001119,0x00001115,0x0000110e,0x0008000c,
0x00000021,0x0000111d,0x00000001,0x0000002b,0x00001105,0x0000110f,0x00001119,0x000300f7,
0x00001128,0x00000000,0x000400fa,0x000010fe,0x00001120,0x00001127,0x000200f8,0x00001120,
0x0004006f,0x00000006,0x00001122,0x000022f3,0x0004006f,0x00000006,0x00001125,0x00001032,
0x00050088,0x00000006,0x00001126,0x00001122,0x00001125,0x000200f9,0x00001128,0x000200f8,
0x00001127,0x000200f9,0x00001128,0x000200f8,0x00001128,0x000700f5,0x00000006,0x000022f5,
0x00001126,0x00001120,0x000000dc,0x00001127,0x00060041,0x00000108,0x0000112a,0x00000105,
0x00000392,0x00000111,0x0004003d,0x00000006,0x0000112b,0x0000112a,0x00060041,0x00000108,
0x0000112c,0x00000105,0x00000392,0x00000107,0x0004003d,0x00000006,0x0000112d,0x0000112c,
0x0008000c,0x00000006,0x0000112f,0x00000001,0x0000002e,0x0000112b,0x0000112d,0x000022f5,
0x00050081,0x00000006,0x00001130,0x0000112f,0x00000183,0x0004006e,0x00000041,0x00001131,
0x00001130,0x000500b3,0x00000051,0x00001133,0x00001131,0x00000164,0x000300f7,0x0000113f,
0x00000000,0x000400fa,0x00001133,0x00001134,0x0000113f,0x000200f8,0x00001134,0x0004003d,
0x000003a0,0x00001135,0x000003a2,0x00050051,0x00000006,0x00001139,0x0000111d,0x00000000,
0x00050051,0x00000006,0x0000113a,0x0000111d,0x00000001,0x00060050,0x00000015,0x0000113b,
0x00001139,0x0000113a,0x000010dd,0x00060059,0x00000006,0x0000113d,0x00001135,0x0000113b,
0x000010dd,0x000200f9,0x000011c5,0x000200f8,0x0000113f,0x000500aa,0x00000051,0x00001141,
0x00001131,0x0000017a,0x000300f7,0x0000119a,0x00000000,0x000400fa,0x00001141,0x00001142,
0x0000119a,0x000200f8,0x00001142,0x0004003d,0x000003a0,0x00001146,0x000003a2,0x00050085,
0x00000006,0x0000114a,0x00001107,0x000007c1,0x00050050,0x00000021,0x0000114e,0x0000114a,
0x0000114a,0x00050081,0x00000021,0x0000114f,0x0000111d,0x0000114e,0x0008000c,0x00000021,
0x00001152,0x00000001,0x0000002b,0x0000114f,0x0000110f,0x00001119,0x00050051,0x00000006,
0x00001155,0x00001152,0x00000000,0x00050051,0x00000006,0x00001156,0x00001152,0x00000001,
0x00060050,0x00000015,0x00001157,0x00001155,0x00001156,0x000010dd,0x00060059,0x00000006,
0x00001159,0x00001146,0x00001157,0x000010dd,0x00050050,0x00000021,0x00001161,0x0000110d,
0x0000114a,0x00050081,0x00000021,0x00001162,0x0000111d,0x00001161,0x0008000c,0x00000021,
0x00001165,0x00000001,0x0000002b,0x00001162,0x0000110f,0x00001119,0x00050051,0x00000006,
0x00001168,0x00001165,0x00000000,0x00050051,0x00000006,0x00001169,0x00001165,0x00000001,
0x00060050,0x00000015,0x0000116a,0x00001168,0x00001169,0x000010dd,0x00060059,0x00000006,
0x0000116c,0x00001146,0x0000116a,0x000010dd,0x00050081,0x00000006,0x0000116e,0x00001159,
0x0000116c,0x00050050,0x00000021,0x00001176,0x0000114a,0x0000110d,0x00050081,0x00000021,
0x00001177,0x0000111d,0x00001176,0x0008000c,0x00000021,0x0000117a,0x00000001,0x0000002b,
0x00001177,0x0000110f,0x00001119,0x00050051,0x00000006,0x0000117d,0x0000117a,0x00000000,
0x00050051,0x00000006,0x0000117e,0x0000117a,0x00000001,0x00060050,0x00000015,0x0000117f,
0x0000117d,0x0000117e,0x000010dd,0x00060059,0x00000006,0x00001181,0x00001146,0x0000117f,
0x000010dd,0x00050081,0x00000006,0x00001183,0x0000116e,0x00001181,0x00050081,0x00000021,
0x0000118b,0x0000111d,0x0000110e,0x0008000c,0x00000021,0x0000118e,0x00000001,0x0000002b,
0x0000118b,0x0000110f,0x00001119,0x00050051,0x00000006,0x00001191,0x0000118e,0x00000000,
0x00050051,0x00000006,0x00001192,0x0000118e,0x00000001,0x00060050,0x00000015,0x00001193,
0x00001191,0x00001192,0x000010dd,0x00060059,0x00000006,0x00001195,0x00001146,0x00001193,
0x000010dd,0x00050081,0x00000006,0x00001197,0x00001183,0x00001195,0x00050085,0x00000006,
0x00001199,0x00001197,0x00000260,0x000200f9,0x000011c5,0x000200f8,0x0000119a,0x000200f9,
0x0000119b,0x000200f8,0x0000119b,0x000700f5,0x00000006,0x000022f7,0x000000dc,0x0000119a,
0x000022fa,0x000011bf,0x000700f5,0x00000041,0x000022f6,0x0000040f,0x0000119a,0x000011c1,
0x000011bf,0x000500b3,0x00000051,0x0000119e,0x000022f6,0x0000017a,0x000400f6,0x000011c2,
0x000011bf,0x00000000,0x000400fa,0x0000119e,0x0000119f,0x000011c2,0x000200f8,0x0000119f,
0x000200f9,0x000011a0,0x000200f8,0x000011a0,0x000700f5,0x00000006,0x000022fa,0x000022f7,
0x0000119f,0x000011ba,0x000011a4,0x000700f5,0x00000041,0x000022f8,0x0000040f,0x0000119f,
0x000011bd,0x000011a4,0x000500b3,0x00000051,0x000011a3,0x000022f8,0x0000017a,0x000400f6,
0x000011be,0x000011a4,0x00000000,0x000400fa,0x000011a3,0x000011a4,0x000011be,0x000200f8,
0x000011a4,0x0004003d,0x000003a0,0x000011a5,0x000003a2,0x0004006f,0x00000006,0x000011a8,
0x000022f8,0x0004006f,0x00000006,0x000011aa,0x000022f6,0x00050050,0x00000021,0x000011ab,
0x000011a8,0x000011aa,0x0005008e,0x00000021,0x000011ad,0x000011ab,0x00001107,0x00050081,
0x00000021,0x000011ae,0x0000111d,0x000011ad,0x0008000c,0x00000021,0x000011b1,0x00000001,
0x0000002b,0x000011ae,0x0000110f,0x00001119,0x00050051,0x00000006,0x000011b4,0x000011b1,
0x00000000,0x00050051,0x00000006,0x000011b5,0x000011b1,0x00000001,0x00060050,0x00000015,
0x000011b6,0x000011b4,0x000011b5,0x000010dd,0x00060059,0x00000006,0x000011b8,0x000011a5,
0x000011b6,0x000010dd,0x00050081,0x00000006,0x000011ba,0x000022fa,0x000011b8,0x00050080,
0x00000041,0x000011bd,0x000022f8,0x0000017a,0x000200f9,0x000011a0,0x000200f8,0x000011be,
0x000200f9,0x000011bf,0x000200f8,0x000011bf,0x00050080,0x00000041,0x000011c1,0x000022f6,
0x0000017a,0x000200f9,0x0000119b,0x000200f8,0x000011c2,0x00050085,0x00000006,0x000011c4,
0x000022f7,0x0000043a,0x000200f9,0x000011c5,0x000200f8,0x000011c5,0x000b00f5,0x00000006,
0x000022fb,0x000000e1,0x000010f4,0x0000113d,0x00001134,0x00001199,0x00001142,0x000011c4,
0x000011c2,0x000500ad,0x00000051,0x00001053,0x000022f3,0x00000164,0x000300f7,0x0000105a,
0x00000000,0x000400fa,0x00001053,0x00001054,0x00001059,0x000200f8,0x00001054,0x00050082,
0x00000041,0x00001056,0x000022f3,0x0000017a,0x00060041,0x00000108,0x00001057,0x00000105,
0x00000449,0x00001056,0x0004003d,0x00000006,0x00001058,0x00001057,0x000200f9,0x0000105a,
0x000200f8,0x00001059,0x000200f9,0x0000105a,0x000200f8,0x0000105a,0x000700f5,0x00000006,
0x00002303,0x00001058,0x00001054,0x000000dc,0x00001059,0x00060041,0x00000108,0x0000105d,
0x00000105,0x00000449,0x000022f3,0x0004003d,0x00000006,0x0000105e,0x0000105d,0x00050083,
0x00000006,0x00001061,0x0000105e,0x00002303,0x0007000c,0x00000006,0x00001062,0x00000001,
0x00000028,0x00001061,0x00000486,0x000300f7,0x0000106b,0x00000000,0x000400fa,0x0000103f,
0x00001067,0x0000106b,0x000200f8,0x00001067,0x00060041,0x00000108,0x00001068,0x00000105,
0x0000048e,0x00000111,0x0004003d,0x00000006,0x00001069,0x00001068,0x000500ba,0x00000051,
0x0000106a,0x00001069,0x000000dc,0x000200f9,0x0000106b,0x000200f8,0x0000106b,0x000700f5,
0x00000051,0x0000106c,0x0000103f,0x0000105a,0x0000106a,0x00001067,0x000300f7,0x000010a2,
0x00000000,0x000400fa,0x0000106c,0x0000106d,0x00001088,0x000200f8,0x0000106d,0x00060041,
0x00000108,0x0000106f,0x00000105,0x0000048e,0x00000111,0x0004003d,0x00000006,0x00001070,
0x0000106f,0x0004007f,0x00000006,0x0000235c,0x00001062,0x0008000c,0x00000006,0x00001074,
0x00000001,0x00000032,0x0000235c,0x00001070,0x0000105e,0x000500ba,0x00000051,0x00001077,
0x00000f48,0x00001074,0x000300f7,0x00001087,0x00000000,0x000400fa,0x00001077,0x00001078,
0x00001087,0x000200f8,0x00001078,0x00050080,0x00000041,0x0000107a,0x000022f3,0x0000017a,
0x000300f7,0x000012e6,0x00000000,0x000300fb,0x00000111,0x000011de,0x000200f8,0x000011de,
0x00060041,0x00000108,0x000011e4,0x00000105,0x0000031a,0x0000107a,0x0004003d,0x00000006,
0x000011e5,0x000011e4,0x00050085,0x00000006,0x000011e6,0x000010c1,0x000011e5,0x0005008e,
0x00000015,0x000011e7,0x00000a72,0x000011e6,0x00050081,0x00000015,0x000011e8,0x00000a74,
0x000011e7,0x00060041,0x00000324,0x000011ea,0x00000105,0x00000322,0x0000107a,0x0004003d,
0x000000f4,0x000011eb,0x000011ea,0x00050051,0x00000006,0x000011ed,0x000011e8,0x00000000,
0x00050051,0x00000006,0x000011ee,0x000011e8,0x00000001,0x00050051,0x00000006,0x000011ef,
0x000011e8,0x00000002,0x00070050,0x0000006d,0x000011f0,0x000011ed,0x000011ee,0x000011ef,
0x000000e1,0x00050091,0x0000006d,0x000011f1,0x000011eb,0x000011f0,0x0008004f,0x00000015,
0x000011f3,0x000011f1,0x000011f1,0x00000000,0x00000001,0x00000002,0x00050051,0x00000006,
0x000011f5,0x000011f1,0x00000003,0x00060050,0x00000015,0x000011f6,0x000011f5,0x000011f5,
0x000011f5,0x00050088,0x00000015,0x000011f7,0x000011f3,0x000011f6,0x0007004f,0x00000021,
0x000011f9,0x000011f7,0x000011f7,0x00000000,0x00000001,0x0005008e,0x00000021,0x000011fa,
0x000011f9,0x00000183,0x00050081,0x00000021,0x000011fc,0x000011fa,0x0000055e,0x00050051,
0x00000006,0x000011fe,0x000011f7,0x00000002,0x000500bc,0x00000051,0x000011ff,0x000011fe,
0x000000dc,0x000400a8,0x00000051,0x00001200,0x000011ff,0x000300f7,0x00001205,0x00000000,
0x000400fa,0x00001200,0x00001201,0x00001205,0x000200f8,0x00001201,0x000500be,0x00000051,
0x00001204,0x000011fe,0x000000e1,0x000200f9,0x00001205,0x000200f8,0x00001205,0x000700f5,
0x00000051,0x00001206,0x000011ff,0x000011de,0x00001204,0x00001201,0x000400a8,0x00000051,
0x00001207,0x00001206,0x000300f7,0x0000120c,0x00000000,0x000400fa,0x00001207,0x00001208,
0x0000120c,0x000200f8,0x00001208,0x000500b8,0x0000022c,0x0000120a,0x000011fc,0x0000022b,
0x0004009a,0x00000051,0x0000120b,0x0000120a,0x000200f9,0x0000120c,0x000200f8,0x0000120c,
0x000700f5,0x00000051,0x0000120d,0x00001206,0x00001205,0x0000120b,0x00001208,0x000400a8,
0x00000051,0x0000120e,0x0000120d,0x000300f7,0x00001213,0x00000000,0x000400fa,0x0000120e,
0x0000120f,0x00001213,0x000200f8,0x0000120f,0x000500ba,0x0000022c,0x00001211,0x000011fc,
0x00000229,0x0004009a,0x00000051,0x00001212,0x00001211,0x000200f9,0x00001213,0x000200f8,
0x00001213,0x000700f5,0x00000051,0x00001214,0x0000120d,0x0000120c,0x00001212,0x0000120f,
0x000300f7,0x00001216,0x00000000,0x000400fa,0x00001214,0x00001215,0x00001216,0x000200f8,
0x00001215,0x000200f9,0x000012e6,0x000200f8,0x00001216,0x000500c7,0x00000041,0x00001218,
0x0000107a,0x0000017a,0x0004006f,0x00000006,0x00001219,0x00001218,0x000500c3,0x00000041,
0x0000121b,0x0000107a,0x0000017a,0x0004006f,0x00000006,0x0000121c,0x0000121b,0x00050050,
0x00000021,0x0000121d,0x00001219,0x0000121c,0x000500ad,0x00000051,0x0000121f,0x0000102c,
0x0000017a,0x000600a9,0x00000006,0x00001220,0x0000121f,0x000001c6,0x000000e1,0x00050081,
0x00000021,0x00001223,0x000011fc,0x0000121d,0x00050050,0x00000021,0x00001225,0x00001220,
0x00001220,0x00050088,0x00000021,0x00001226,0x00001223,0x00001225,0x00060041,0x00000108,
0x00001227,0x00000105,0x00000317,0x00000111,0x0004003d,0x00000006,0x00001228,0x00001227,
0x00050088,0x00000021,0x0000122c,0x0000121d,0x00001225,0x00050085,0x00000006,0x0000122e,
0x00001228,0x00000183,0x00050050,0x00000021,0x0000122f,0x0000122e,0x0000122e,0x00050081,
0x00000021,0x00001230,0x0000122c,0x0000122f,0x00050081,0x00000021,0x00001233,0x0000121d,
0x00000229,0x00050088,0x00000021,0x00001236,0x00001233,0x00001225,0x00050083,0x00000021,
0x0000123a,0x00001236,0x0000122f,0x0008000c,0x00000021,0x0000123e,0x00000001,0x0000002b,
0x00001226,0x00001230,0x0000123a,0x000300f7,0x00001249,0x00000000,0x000400fa,0x0000121f,
0x00001241,0x00001248,0x000200f8,0x00001241,0x0004006f,0x00000006,0x00001243,0x0000107a,
0x0004006f,0x00000006,0x00001246,0x00001032,0x00050088,0x00000006,0x00001247,0x00001243,
0x00001246,0x000200f9,0x00001249,0x000200f8,0x00001248,0x000200f9,0x00001249,0x000200f8,
0x00001249,0x000700f5,0x00000006,0x00002309,0x00001247,0x00001241,0x000000dc,0x00001248,
0x00060041,0x00000108,0x0000124b,0x00000105,0x00000392,0x00000111,0x0004003d,0x00000006,
0x0000124c,0x0000124b,0x00060041,0x00000108,0x0000124d,0x00000105,0x00000392,0x00000107,
0x0004003d,0x00000006,0x0000124e,0x0000124d,0x0008000c,0x00000006,0x00001250,0x00000001,
0x0000002e,0x0000124c,0x0000124e,0x00002309,0x00050081,0x00000006,0x00001251,0x00001250,
0x00000183,0x0004006e,0x00000041,0x00001252,0x00001251,0x000500b3,0x00000051,0x00001254,
0x00001252,0x00000164,0x000300f7,0x00001260,0x00000000,0x000400fa,0x00001254,0x00001255,
0x00001260,0x000200f8,0x00001255,0x0004003d,0x000003a0,0x00001256,0x000003a2,0x00050051,
0x00000006,0x0000125a,0x0000123e,0x00000000,0x00050051,0x00000006,0x0000125b,0x0000123e,
0x00000001,0x00060050,0x00000015,0x0000125c,0x0000125a,0x0000125b,0x000011fe,0x00060059,
0x00000006,0x0000125e,0x00001256,0x0000125c,0x000011fe,0x000200f9,0x000012e6,0x000200f8,
0x00001260,0x000500aa,0x00000051,0x00001262,0x00001252,0x0000017a,0x000300f7,0x000012bb,
0x00000000,0x000400fa,0x00001262,0x00001263,0x000012bb,0x000200f8,0x00001263,0x0004003d,
0x000003a0,0x00001267,0x000003a2,0x00050085,0x00000006,0x0000126b,0x00001228,0x000007c1,
0x00050050,0x00000021,0x0000126f,0x0000126b,0x0000126b,0x00050081,0x00000021,0x00001270,
0x0000123e,0x0000126f,0x0008000c,0x00000021,0x00001273,0x00000001,0x0000002b,0x00001270,
0x00001230,0x0000123a,0x00050051,0x00000006,0x00001276,0x00001273,0x00000000,0x00050051,
0x00000006,0x00001277,0x00001273,0x00000001,0x00060050,0x00000015,0x00001278,0x00001276,
0x00001277,0x000011fe,0x00060059,0x00000006,0x0000127a,0x00001267,0x00001278,0x000011fe,
0x00050050,0x00000021,0x00001282,0x0000122e,0x0000126b,0x00050081,0x00000021,0x00001283,
0x0000123e,0x00001282,0x0008000c,0x00000021,0x00001286,0x00000001,0x0000002b,0x00001283,
0x00001230,0x0000123a,0x00050051,0x00000006,0x00001289,0x00001286,0x00000000,0x00050051,
0x00000006,0x0000128a,0x00001286,0x00000001,0x00060050,0x00000015,0x0000128b,0x00001289,
0x0000128a,0x000011fe,0x00060059,0x00000006,0x0000128d,0x00001267,0x0000128b,0x000011fe,
0x00050081,0x00000006,0x0000128f,0x0000127a,0x0000128d,0x00050050,0x00000021,0x00001297,
0x0000126b,0x0000122e,0x00050081,0x00000021,0x00001298,0x0000123e,0x00001297,0x0008000c,
0x00000021,0x0000129b,0x00000001,0x0000002b,0x00001298,0x00001230,0x0000123a,0x00050051,
0x00000006,0x0000129e,0x0000129b,0x00000000,0x00050051,0x00000006,0x0000129f,0x0000129b,
0x00000001,0x00060050,0x00000015,0x000012a0,0x0000129e,0x0000129f,0x000011fe,0x00060059,
0x00000006,0x000012a2,0x00001267,0x000012a0,0x000011fe,0x00050081,0x00000006,0x000012a4,
0x0000128f,0x000012a2,0x00050081,0x00000021,0x000012ac,0x0000123e,0x0000122f,0x0008000c,
0x00000021,0x000012af,0x00000001,0x0000002b,0x000012ac,0x00001230,0x0000123a,0x00050051,
0x00000006,0x000012b2,0x000012af,0x00000000,0x00050051,0x00000006,0x000012b3,0x000012af,
0x00000001,0x00060050,0x00000015,0x000012b4,0x000012b2,0x000012b3,0x000011fe,0x00060059,
0x00000006,0x000012b6,0x00001267,0x000012b4,0x000011fe,0x00050081,0x00000006,0x000012b8,
0x000012a4,0x000012b6,0x00050085,0x00000006,0x000012ba,0x000012b8,0x00000260,0x000200f9,
0x000012e6,0x000200f8,0x000012bb,0x000200f9,0x000012bc,0x000200f8,0x000012bc,0x000700f5,
0x00000006,0x0000230b,0x000000dc,0x000012bb,0x0000230e,0x000012e0,0x000700f5,0x00000041,
0x0000230a,0x0000040f,0x000012bb,0x000012e2,0x000012e0,0x000500b3,0x00000051,0x000012bf,
0x0000230a,0x0000017a,0x000400f6,0x000012e3,0x000012e0,0x00000000,0x000400fa,0x000012bf,
0x000012c0,0x000012e3,0x000200f8,0x000012c0,0x000200f9,0x000012c1,0x000200f8,0x000012c1,
0x000700f5,0x00000006,0x0000230e,0x0000230b,0x000012c0,0x000012db,0x000012c5,0x000700f5,
0x00000041,0x0000230c,0x0000040f,0x000012c0,0x000012de,0x000012c5,0x000500b3,0x00000051,
0x000012c4,0x0000230c,0x0000017a,0x000400f6,0x000012df,0x000012c5,0x00000000,0x000400fa,
0x000012c4,0x000012c5,0x000012df,0x000200f8,0x000012c5,0x0004003d,0x000003a0,0x000012c6,
0x000003a2,0x0004006f,0x00000006,0x000012c9,0x0000230c,0x0004006f,0x00000006,0x000012cb,
0x0000230a,0x00050050,0x00000021,0x000012cc,0x000012c9,0x000012cb,0x0005008e,0x00000021,
0x000012ce,0x000012cc,0x00001228,0x00050081,0x00000021,0x000012cf,0x0000123e,0x000012ce,
0x0008000c,0x00000021,0x000012d2,0x00000001,0x0000002b,0x000012cf,0x00001230,0x0000123a,
0x00050051,0x00000006,0x000012d5,0x000012d2,0x00000000,0x00050051,0x00000006,0x000012d6,
0x000012d2,0x00000001,0x00060050,0x00000015,0x000012d7,0x000012d5,0x000012d6,0x000011fe,
0x00060059,0x00000006,0x000012d9,0x000012c6,0x000012d7,0x000011fe,0x00050081,0x00000006,
0x000012db,0x0000230e,0x000012d9,0x00050080,0x00000041,0x000012de,0x0000230c,0x0000017a,
0x000200f9,0x000012c1,0x000200f8,0x000012df,0x000200f9,0x000012e0,0x000200f8,0x000012e0,
0x00050080,0x00000041,0x000012e2,0x0000230a,0x0000017a,0x000200f9,0x000012bc,0x000200f8,
0x000012e3,0x00050085,0x00000006,0x000012e5,0x0000230b,0x0000043a,0x000200f9,0x000012e6,
0x000200f8,0x000012e6,0x000b00f5,0x00000006,0x0000230f,0x000000e1,0x00001215,0x0000125e,
0x00001255,0x000012ba,0x00001263,0x000012e5,0x000012e3,0x0008000c,0x00000006,0x00001082,
0x00000001,0x00000031,0x00001074,0x0000105e,0x00000f48,0x0008000c,0x00000006,0x00001086,
0x00000001,0x0000002e,0x000022fb,0x0000230f,0x00001082,0x000200f9,0x00001087,0x000200f8,
0x00001087,0x000700f5,0x00000006,0x00002318,0x000022fb,0x0000106d,0x00001086,0x000012e6,
0x000200f9,0x000010a2,0x000200f8,0x00001088,0x000500aa,0x00000051,0x0000108c,0x000022f3,
0x00001032,0x000300f7,0x00001091,0x00000000,0x000400fa,0x0000108c,0x0000108d,0x00001091,
0x000200f8,0x0000108d,0x00060041,0x00000108,0x0000108e,0x00000105,0x0000048e,0x00000107,
0x0004003d,0x00000006,0x0000108f,0x0000108e,0x000500ba,0x00000051,0x00001090,0x0000108f,
0x000000dc,0x000200f9,0x00001091,0x000200f8,0x00001091,0x000700f5,0x00000051,0x00001092,
0x0000108c,0x00001088,0x00001090,0x0000108d,0x000300f7,0x000010a1,0x00000000,0x000400fa,
0x00001092,0x00001093,0x000010a1,0x000200f8,0x00001093,0x00060041,0x00000108,0x00001095,
0x00000105,0x0000048e,0x00000107,0x0004003d,0x00000006,0x00001096,0x00001095,0x0004007f,
0x00000006,0x0000235b,0x00001062,0x0008000c,0x00000006,0x0000109a,0x00000001,0x00000032,
0x0000235b,0x00001096,0x0000105e,0x0008000c,0x00000006,0x0000109f,0x00000001,0x00000031,
0x0000109a,0x0000105e,0x00000f48,0x0008000c,0x00000006,0x000010a0,0x00000001,0x0000002e,
0x000022fb,0x000000e1,0x0000109f,0x000200f9,0x000010a1,0x000200f8,0x000010a1,0x000700f5,
0x00000006,0x00002319,0x000022fb,0x00001091,0x000010a0,0x00001093,0x000200f9,0x000010a2,
0x000200f8,0x000010a2,0x000700f5,0x00000006,0x00002317,0x00002318,0x00001087,0x00002319,
0x000010a1,0x000200f9,0x000010a4,0x000200f8,0x000010a4,0x000900f5,0x00000006,0x0000231a,
0x000000e1,0x0000102f,0x000000e1,0x00001038,0x00002317,0x000010a2,0x000200f9,0x00000f51,
0x000200f8,0x00000f50,0x000200f9,0x00000f51,0x000200f8,0x00000f51,0x000700f5,0x00000006,
0x0000231b,0x0000231a,0x000010a4,0x000000e1,0x00000f50,0x0005008e,0x00000015,0x00000f55,
0x00000f40,0x00000f3a,0x0005008e,0x00000015,0x00000f57,0x00000f55,0x0000231b,0x00050081,
0x00000015,0x00000f59,0x00000f25,0x00000f57,0x0007004f,0x00000021,0x00000f5b,0x00000a72,
0x00000a72,0x00000000,0x00000002,0x0006000c,0x00000006,0x00000f5c,0x00000001,0x00000042,
0x00000f5b,0x00050051,0x00000006,0x00000f5e,0x00000a72,0x00000001,0x0007000c,0x00000006,
0x00000f5f,0x00000001,0x00000028,0x00000f5e,0x00000a36,0x00050088,0x00000006,0x00000f60,
0x00000f5c,0x00000f5f,0x00060041,0x00000108,0x00000f61,0x00000105,0x0000099b,0x00000180,
0x0004003d,0x00000006,0x00000f62,0x00000f61,0x00050081,0x00000006,0x00000f65,0x00000f62,
0x00000a3e,0x0007000c,0x00000006,0x00000f66,0x00000001,0x00000025,0x00000f65,0x000000e1,
0x0008000c,0x00000006,0x00000f68,0x00000001,0x0000002b,0x00000f60,0x000000dc,0x000000e1,
0x0008000c,0x00000006,0x00000f69,0x00000001,0x00000031,0x00000f62,0x00000f66,0x00000f68,
0x00060041,0x00000108,0x00000f6a,0x00000105,0x000009d3,0x00000180,0x0004003d,0x00000006,
0x00000f6b,0x00000f6a,0x0008000c,0x00000006,0x00000f6c,0x00000001,0x0000002b,0x00000f6b,
0x000000dc,0x000000e1,0x00050085,0x00000006,0x00000f6e,0x00000f69,0x00000f6c,0x00060050,
0x00000015,0x00000f71,0x00000f6e,0x00000f6e,0x00000f6e,0x0008000c,0x00000015,0x00000f72,
0x00000001,0x0000002e,0x00000f59,0x00000a4c,0x00000f71,0x000300f7,0x00001303,0x00000000,
0x000300fb,0x00000111,0x000012ee,0x000200f8,0x000012ee,0x00060041,0x00000108,0x000012ef,
0x00000105,0x000002fa,0x00000116,0x0004003d,0x00000006,0x000012f0,0x000012ef,0x000500ba,
0x00000051,0x000012f1,0x000012f0,0x00000183,0x000300f7,0x000012f5,0x00000000,0x000400fa,
0x000012f1,0x000012f2,0x000012f5,0x000200f8,0x000012f2,0x0007000c,0x00000015,0x000012f4,
0x00000001,0x00000028,0x00000f72,0x00000162,0x000200f9,0x00001303,0x000200f8,0x000012f5,
0x00060041,0x00000108,0x000012f7,0x00000105,0x00000106,0x00000111,0x0004003d,0x00000006,
0x000012f8,0x000012f7,0x0005008e,0x00000015,0x000012f9,0x00000f72,0x000012f8,0x00060041,
0x00000108,0x000012fa,0x00000105,0x000002fa,0x00000111,0x0004003d,0x00000006,0x000012fb,
0x000012fa,0x0006000c,0x00000006,0x000012fc,0x00000001,0x0000001d,0x000012fb,0x0005008e,
0x00000015,0x000012fd,0x000012f9,0x000012fc,0x0007000c,0x00000015,0x000012fe,0x00000001,
0x00000028,0x000012fd,0x00000162,0x00060041,0x00000108,0x00001300,0x00000105,0x000002fa,
0x00000107,0x0004003d,0x00000006,0x00001301,0x00001300,0x000300f7,0x0000132e,0x00000000,
0x000300fb,0x00000111,0x0000130a,0x000200f8,0x0000130a,0x0007000c,0x00000015,0x0000130c,
0x00000001,0x00000028,0x000012fe,0x00000162,0x000500b8,0x00000051,0x0000130e,0x00001301,
0x00000183,0x000300f7,0x00001314,0x00000000,0x000400fa,0x0000130e,0x0000130f,0x00001314,
0x000200f8,0x0000130f,0x00050081,0x00000015,0x00001312,0x000002d3,0x0000130c,0x00050088,
0x00000015,0x00001313,0x0000130c,0x00001312,0x000200f9,0x0000132e,0x000200f8,0x00001314,
0x000500b8,0x00000051,0x00001316,0x00001301,0x00000251,0x000300f7,0x0000132a,0x00000000,
0x000400fa,0x00001316,0x00001317,0x0000132a,0x000200f8,0x00001317,0x0005008e,0x00000015,
0x0000131a,0x0000130c,0x000002dd,0x00050081,0x00000015,0x0000131c,0x0000131a,0x0000233a,
0x00050085,0x00000015,0x0000131d,0x0000130c,0x0000131c,0x0005008e,0x00000015,0x00001320,
0x0000130c,0x000002e5,0x00050081,0x00000015,0x00001322,0x00001320,0x0000233b,0x0008000c,
0x00000015,0x00001325,0x00000001,0x00000032,0x0000130c,0x00001322,0x0000233c,0x00050088,
0x00000015,0x00001326,0x0000131d,0x00001325,0x0008000c,0x00000015,0x00001329,0x00000001,
0x0000002b,0x00001326,0x00000162,0x000002d3,0x000200f9,0x0000132e,0x000200f8,0x0000132a,
0x0007000c,0x00000015,0x00001335,0x00000001,0x00000028,0x0000130c,0x0000233d,0x00050091,
0x00000015,0x00001337,0x000002a3,0x00001335,0x0006000c,0x00000015,0x00001339,0x00000001,
0x0000001e,0x00001337,0x0008000c,0x00000015,0x0000133c,0x00000001,0x0000002b,0x00001339,
0x0000233e,0x0000233f,0x00050083,0x00000015,0x0000133f,0x0000133c,0x0000233e,0x00050085,
0x00000015,0x00001341,0x0000133f,0x00002356,0x00050085,0x00000015,0x0000134f,0x00001341,
0x00001341,0x00050085,0x00000015,0x00001352,0x0000134f,0x0000134f,0x0005008e,0x00000015,
0x00001354,0x00001341,0x00000274,0x0005008e,0x00000015,0x00001356,0x0000134f,0x00000277,
0x00050081,0x00000015,0x00001357,0x00001354,0x00001356,0x0005008e,0x00000015,0x00001359,
0x0000134f,0x0000027b,0x0004007f,0x00000015,0x0000235d,0x00001359,0x0008000c,0x00000015,
0x0000135c,0x00000001,0x00000032,0x0000235d,0x00001341,0x00001357,0x0005008e,0x00000015,
0x0000135e,0x00001352,0x00000281,0x00050081,0x00000015,0x0000135f,0x0000135c,0x0000135e,
0x0005008e,0x00000015,0x00001361,0x00001352,0x00000285,0x0004007f,0x00000015,0x0000235e,
0x00001361,0x0008000c,0x00000015,0x00001364,0x00000001,0x00000032,0x0000235e,0x00001341,
0x0000135f,0x0005008e,0x00000015,0x00001366,0x00001352,0x0000028b,0x0008000c,0x00000015,
0x00001369,0x00000001,0x00000032,0x00001366,0x0000134f,0x00001364,0x0007000c,0x00000015,
0x00001345,0x00000001,0x0000001a,0x00001369,0x000002b8,0x00050091,0x00000015,0x00001347,
0x000002c6,0x00001345,0x0007000c,0x00000015,0x0000132d,0x00000001,0x00000028,0x00001347,
0x00000162,0x000200f9,0x0000132e,0x000200f8,0x0000132e,0x000900f5,0x00000015,0x00002334,
0x00001313,0x0000130f,0x00001329,0x00001317,0x0000132d,0x0000132a,0x000200f9,0x00001303,
0x000200f8,0x00001303,0x000700f5,0x00000015,0x00002335,0x000012f4,0x000012f2,0x00002334,
0x0000132e,0x00060041,0x0000057b,0x00000a79,0x0000057a,0x000001b0,0x00000116,0x0004003d,
0x00000057,0x00000a7a,0x00000a79,0x000500c7,0x00000057,0x00000a7b,0x00000a7a,0x00000107,
0x000500ab,0x00000051,0x00000a7c,0x00000a7b,0x00000111,0x000300f7,0x00000a7e,0x00000000,
0x000400fa,0x00000a7c,0x00000a7d,0x00000a7e,0x000200f8,0x00000a7d,0x0005008e,0x00000015,
0x00000a81,0x00002335,0x00000a7f,0x0007000c,0x00000015,0x00000a86,0x00000001,0x0000001a,
0x00002335,0x00000a85,0x0005008e,0x00000015,0x00000a87,0x00000a86,0x00000a82,0x00050083,
0x00000015,0x00000a8a,0x00000a87,0x00002339,0x000500ba,0x00000a8e,0x00000a8f,0x00002335,
0x00000a8d,0x000600a9,0x00000015,0x00000a90,0x00000a8f,0x00000a8a,0x00000a81,0x000200f9,
0x00000a7e,0x000200f8,0x00000a7e,0x000700f5,0x00000015,0x00002336,0x00002335,0x00001303,
0x00000a90,0x00000a7d,0x00050051,0x00000006,0x00000a94,0x00002336,0x00000000,0x00050051,
0x00000006,0x00000a95,0x00002336,0x00000001,0x00050051,0x00000006,0x00000a96,0x00002336,
0x00000002,0x00070050,0x0000006d,0x00000a97,0x00000a94,0x00000a95,0x00000a96,0x000000e1,
0x0003003e,0x00000a92,0x00000a97,0x000200f9,0x00000e1e,0x000200f8,0x00000a6c,0x0004003d,
0x00000021,0x00000a9a,0x000006bb,0x000400cf,0x00000021,0x00000a9b,0x00000a9a,0x000400d0,
0x00000021,0x00000a9e,0x00000a9a,0x000500c7,0x00000057,0x00000aa1,0x00000a61,0x0000050f,
0x000500ab,0x00000051,0x00000aa2,0x00000aa1,0x00000111,0x000300f7,0x00000aa4,0x00000000,
0x000400fa,0x00000aa2,0x00000aa3,0x00000aa4,0x000200f8,0x00000aa3,0x00060041,0x0000057b,
0x00000aa5,0x0000057a,0x000001b0,0x00000107,0x0004003d,0x00000057,0x00000aa6,0x00000aa5,
0x000500c2,0x00000057,0x00000aa7,0x00000aa6,0x000000fe,0x000500ab,0x00000051,0x00000aa8,
0x00000aa7,0x00000111,0x000200f9,0x00000aa4,0x000200f8,0x00000aa4,0x000700f5,0x00000051,
0x00000aa9,0x00000aa2,0x00000a6c,0x00000aa8,0x00000aa3,0x000300f7,0x00000aae,0x00000000,
0x000400fa,0x00000aa9,0x00000aad,0x00000aae,0x000200f8,0x00000aad,0x0004003d,0x00000021,
0x00000ab5,0x000006b9,0x00050041,0x00000a54,0x00000ab7,0x00000aaf,0x00000180,0x0004003d,
0x00000006,0x00000ab8,0x00000ab7,0x000300f7,0x0000138b,0x00000000,0x000300fb,0x00000111,
0x00001371,0x000200f8,0x00001371,0x000500aa,0x00000051,0x00001374,0x00000aa1,0x00000111,
0x000300f7,0x00001377,0x00000000,0x000400fa,0x00001374,0x00001375,0x00001377,0x000200f8,
0x00001375,0x000200f9,0x0000138b,0x000200f8,0x00001377,0x0004006e,0x000004dc,0x00001379,
0x00000a58,0x000500c7,0x000004dc,0x0000137b,0x00001379,0x00002338,0x00050051,0x00000041,
0x0000137d,0x0000137b,0x00000001,0x00050084,0x00000041,0x0000137e,0x0000137d,0x000004f4,
0x00050051,0x00000041,0x00001380,0x0000137b,0x00000000,0x00050080,0x00000041,0x00001381,
0x0000137e,0x00001380,0x0003003e,0x0000136e,0x000004f1,0x00050041,0x00000007,0x00001382,
0x0000136e,0x00001381,0x0004003d,0x00000006,0x00001383,0x00001382,0x000500b8,0x00000051,
0x00001386,0x00001383,0x00000ab8,0x00050050,0x0000022c,0x00001389,0x00001386,0x00001386,
0x000600a9,0x00000021,0x0000138a,0x00001389,0x00000ab5,0x00000a9a,0x000200f9,0x0000138b,
0x000200f8,0x0000138b,0x000700f5,0x00000021,0x0000216c,0x00000a9a,0x00001375,0x0000138a,
0x00001377,0x0004003d,0x000001f9,0x00000abe,0x00000abd,0x00040064,0x000001f8,0x00000abf,
0x00000abe,0x00050067,0x000004dc,0x00000ac0,0x00000abf,0x00000164,0x0004006f,0x00000021,
0x00000ac1,0x00000ac0,0x00060041,0x0000057b,0x00000ac2,0x0000057a,0x000001b0,0x00000107,
0x0004003d,0x00000057,0x00000ac3,0x00000ac2,0x000500c2,0x00000057,0x00000ac4,0x00000ac3,
0x000000fe,0x00040064,0x000001f8,0x00000ac6,0x00000abe,0x0004006a,0x00000041,0x00000ac7,
0x00000ac6,0x00050082,0x00000041,0x00000ac8,0x00000ac7,0x0000017a,0x0004006f,0x00000006,
0x00000ac9,0x00000ac8,0x000500c2,0x00000057,0x00001396,0x00000ac4,0x000000f7,0x000500c7,
0x00000057,0x00001397,0x00001396,0x00000531,0x00040070,0x00000006,0x00001398,0x00001397,
0x000500c2,0x00000057,0x0000139a,0x00000ac4,0x00000535,0x000500c7,0x00000057,0x0000139b,
0x0000139a,0x00000531,0x00040070,0x00000006,0x0000139c,0x0000139b,0x00050050,0x00000021,
0x0000139d,0x00001398,0x0000139c,0x000500c7,0x00000057,0x0000139f,0x00000ac4,0x00000531,
0x00040070,0x00000006,0x000013a0,0x0000139f,0x000500c2,0x00000057,0x000013a2,0x00000ac4,
0x000000f5,0x000500c7,0x00000057,0x000013a3,0x000013a2,0x00000531,0x00040070,0x00000006,
0x000013a4,0x000013a3,0x00050050,0x00000021,0x000013a5,0x000013a0,0x000013a4,0x0004007f,
0x00000021,0x000013a6,0x000013a5,0x0006000c,0x00000021,0x000013a7,0x00000001,0x0000001d,
0x000013a6,0x00050088,0x00000021,0x000013a9,0x000013a7,0x0000139d,0x00050088,0x00000021,
0x000013ac,0x0000216c,0x000013a9,0x0006000c,0x00000021,0x000013ad,0x00000001,0x00000008,
0x000013ac,0x00050085,0x00000021,0x000013b0,0x00000a9b,0x00000ac1,0x0006000c,0x00000006,
0x000013b1,0x00000001,0x00000042,0x000013b0,0x00050085,0x00000021,0x000013b4,0x00000a9e,
0x00000ac1,0x0006000c,0x00000006,0x000013b5,0x00000001,0x00000042,0x000013b4,0x0007000c,
0x00000006,0x000013b6,0x00000001,0x00000028,0x000013b1,0x000013b5,0x0007000c,0x00000006,
0x000013b8,0x00000001,0x00000028,0x000013b6,0x000000e1,0x0006000c,0x00000006,0x000013b9,
0x00000001,0x0000001e,0x000013b8,0x0006000c,0x00000006,0x000013ba,0x00000001,0x00000009,
0x000013b9,0x0008000c,0x00000006,0x000013bc,0x00000001,0x0000002b,0x000013ba,0x000000dc,
0x00000ac9,0x0006000c,0x00000006,0x000013be,0x00000001,0x0000001d,0x000013bc,0x0005008e,
0x00000021,0x000013bf,0x0000055e,0x000013be,0x00050088,0x00000021,0x000013c1,0x000013bf,
0x00000ac1,0x0005008e,0x00000021,0x000013c3,0x000013a9,0x00000183,0x0007000c,0x00000021,
0x000013c4,0x00000001,0x00000025,0x000013c1,0x000013c3,0x0008000c,0x00000021,0x000013ca,
0x00000001,0x00000032,0x000013ad,0x000013a9,0x000013c4,0x00050081,0x00000021,0x000013cd,
0x000013ad,0x00000229,0x0004007f,0x00000021,0x00002346,0x000013c4,0x0008000c,0x00000021,
0x000013d1,0x00000001,0x00000032,0x000013cd,0x000013a9,0x00002346,0x0008000c,0x00000021,
0x000013d2,0x00000001,0x0000002b,0x0000216c,0x000013ca,0x000013d1,0x000200f9,0x00000aae,
0x000200f8,0x00000aae,0x000700f5,0x00000021,0x00002170,0x00000a9a,0x00000aa4,0x000013d2,
0x0000138b,0x000300f7,0x00000ad8,0x00000000,0x000400fa,0x00000aa9,0x00000ad7,0x00000ade,
0x000200f8,0x00000ad7,0x0004003d,0x000001f9,0x00000ad9,0x00000abd,0x00080058,0x0000006d,
0x00000add,0x00000ad9,0x00002170,0x00000004,0x00000a9b,0x00000a9e,0x000200f9,0x00000ad8,
0x000200f8,0x00000ade,0x0004003d,0x000001f9,0x00000adf,0x00000abd,0x00060041,0x0000057b,
0x000013db,0x0000057a,0x000001b0,0x00000107,0x0004003d,0x00000057,0x000013dc,0x000013db,
0x000500c2,0x00000057,0x000013df,0x000013dc,0x00000111,0x000500c7,0x00000057,0x000013e0,
0x000013df,0x00000180,0x000500aa,0x00000051,0x000013e2,0x000013e0,0x00000116,0x000300f7,
0x000013ee,0x00000000,0x000400fa,0x000013e2,0x000013e3,0x000013e7,0x000200f8,0x000013e3,
0x0004003d,0x00000015,0x000013e4,0x000006ae,0x0004003d,0x00000015,0x000013e5,0x000006af,
0x000300f7,0x0000142d,0x00000000,0x000300fb,0x00000111,0x000013f7,0x000200f8,0x000013f7,
0x0006000c,0x00000015,0x000013f9,0x00000001,0x00000004,0x000013e5,0x00050051,0x00000006,
0x000013fb,0x000013f9,0x00000000,0x00050051,0x00000006,0x000013fd,0x000013f9,0x00000001,
0x000500be,0x00000051,0x000013fe,0x000013fb,0x000013fd,0x000300f7,0x00001405,0x00000000,
0x000400fa,0x000013fe,0x000013ff,0x00001405,0x000200f8,0x000013ff,0x00050051,0x00000006,
0x00001403,0x000013f9,0x00000002,0x000500be,0x00000051,0x00001404,0x000013fb,0x00001403,
0x000200f9,0x00001405,0x000200f8,0x00001405,0x000700f5,0x00000051,0x00001406,0x000013fe,
0x000013f7,0x00001404,0x000013ff,0x000300f7,0x00001412,0x00000000,0x000400fa,0x00001406,
0x00001407,0x00001412,0x000200f8,0x00001407,0x00050051,0x00000006,0x00001409,0x000013e5,
0x00000000,0x0006000c,0x00000006,0x0000140a,0x00000001,0x00000006,0x00001409,0x0004007f,
0x00000006,0x0000140b,0x0000140a,0x00050051,0x00000006,0x0000140d,0x000013e4,0x00000002,
0x00050085,0x00000006,0x0000140e,0x0000140b,0x0000140d,0x00050051,0x00000006,0x00001410,
0x000013e4,0x00000001,0x00050050,0x00000021,0x00001411,0x0000140e,0x00001410,0x000200f9,
0x0000142d,0x000200f8,0x00001412,0x00050051,0x00000006,0x00001416,0x000013f9,0x00000002,
0x000500be,0x00000051,0x00001417,0x000013fd,0x00001416,0x000300f7,0x00001423,0x00000000,
0x000400fa,0x00001417,0x00001418,0x00001423,0x000200f8,0x00001418,0x00050051,0x00000006,
0x0000141a,0x000013e4,0x00000000,0x00050051,0x00000006,0x0000141c,0x000013e5,0x00000001,
0x0006000c,0x00000006,0x0000141d,0x00000001,0x00000006,0x0000141c,0x0004007f,0x00000006,
0x0000141e,0x0000141d,0x00050051,0x00000006,0x00001420,0x000013e4,0x00000002,0x00050085,
0x00000006,0x00001421,0x0000141e,0x00001420,0x00050050,0x00000021,0x00001422,0x0000141a,
0x00001421,0x000200f9,0x0000142d,0x000200f8,0x00001423,0x00050051,0x00000006,0x00001425,
0x000013e5,0x00000002,0x0006000c,0x00000006,0x00001426,0x00000001,0x00000006,0x00001425,
0x00050051,0x00000006,0x00001428,0x000013e4,0x00000000,0x00050085,0x00000006,0x00001429,
0x00001426,0x00001428,0x00050051,0x00000006,0x0000142b,0x000013e4,0x00000001,0x00050050,
0x00000021,0x0000142c,0x00001429,0x0000142b,0x000200f9,0x0000142d,0x000200f8,0x0000142d,
0x000900f5,0x00000021,0x0000216d,0x00001411,0x00001407,0x00001422,0x00001418,0x0000142c,
0x00001423,0x000200f9,0x000013ee,0x000200f8,0x000013e7,0x000500aa,0x00000051,0x000013e9,
0x000013e0,0x00000107,0x0004003d,0x00000021,0x000013ea,0x000006b9,0x00050050,0x0000022c,
0x000013ec,0x000013e9,0x000013e9,0x000600a9,0x00000021,0x000013ed,0x000013ec,0x000013ea,
0x00000a9a,0x000200f9,0x000013ee,0x000200f8,0x000013ee,0x000700f5,0x00000021,0x0000216e,
0x0000216d,0x0000142d,0x000013ed,0x000013e7,0x000300f7,0x0000144e,0x00000000,0x000300fb,
0x00000111,0x00001436,0x000200f8,0x00001436,0x00060041,0x0000057b,0x00001452,0x0000057a,
0x000001b0,0x00000116,0x0004003d,0x00000057,0x00001453,0x00001452,0x000500c2,0x00000057,
0x00001454,0x00001453,0x00000107,0x000500ab,0x00000051,0x00001455,0x00001454,0x00000111,
0x000400a8,0x00000051,0x00001438,0x00001455,0x000300f7,0x0000143b,0x00000000,0x000400fa,
0x00001438,0x00001439,0x0000143b,0x000200f8,0x00001439,0x000200f9,0x0000144e,0x000200f8,
0x0000143b,0x00050051,0x00000006,0x0000143d,0x0000216e,0x00000000,0x00050051,0x00000006,
0x0000143e,0x0000216e,0x00000001,0x00060050,0x00000015,0x0000143f,0x0000143d,0x0000143e,
0x000000e1,0x00050082,0x00000057,0x0000145b,0x00001454,0x00000107,0x00050084,0x00000057,
0x0000145c,0x0000145b,0x0000058a,0x00060041,0x0000058e,0x0000145f,0x00000585,0x00000164,
0x0000145c,0x0004003d,0x0000006d,0x00001460,0x0000145f,0x0008004f,0x00000015,0x00001443,
0x00001460,0x00001460,0x00000000,0x00000001,0x00000002,0x00050094,0x00000006,0x00001445,
0x00001443,0x0000143f,0x00050080,0x00000057,0x00001469,0x0000145c,0x00000107,0x00060041,
0x0000058e,0x0000146a,0x00000585,0x00000164,0x00001469,0x0004003d,0x0000006d,0x0000146b,
0x0000146a,0x0008004f,0x00000015,0x0000144a,0x0000146b,0x0000146b,0x00000000,0x00000001,
0x00000002,0x00050094,0x00000006,0x0000144c,0x0000144a,0x0000143f,0x00050050,0x00000021,
0x0000144d,0x00001445,0x0000144c,0x000200f9,0x0000144e,0x000200f8,0x0000144e,0x000700f5,
0x00000021,0x0000216f,0x0000216e,0x00001439,0x0000144d,0x0000143b,0x00050057,0x0000006d,
0x00000ae2,0x00000adf,0x0000216f,0x000200f9,0x00000ad8,0x000200f8,0x00000ad8,0x000700f5,
0x0000006d,0x00002171,0x00000add,0x00000ad7,0x00000ae2,0x0000144e,0x000400a8,0x00000051,
0x00000ae5,0x00000aa9,0x000300f7,0x00000ae7,0x00000000,0x000400fa,0x00000ae5,0x00000ae6,
0x00000ae7,0x000200f8,0x00000ae6,0x000300f7,0x0000148a,0x00000000,0x000300fb,0x00000111,
0x00001472,0x000200f8,0x00001472,0x00060041,0x0000057b,0x0000148e,0x0000057a,0x000001b0,
0x00000116,0x0004003d,0x00000057,0x0000148f,0x0000148e,0x000500c2,0x00000057,0x00001490,
0x0000148f,0x00000107,0x000500ab,0x00000051,0x00001491,0x00001490,0x00000111,0x000400a8,
0x00000051,0x00001474,0x00001491,0x000300f7,0x00001478,0x00000000,0x000400fa,0x00001474,
0x00001475,0x00001478,0x000200f8,0x00001475,0x00050051,0x00000006,0x00001477,0x00002171,
0x00000003,0x000200f9,0x0000148a,0x000200f8,0x00001478,0x00050082,0x00000057,0x00001497,
0x00001490,0x00000107,0x00050084,0x00000057,0x00001498,0x00001497,0x0000058a,0x00050080,
0x00000057,0x0000149a,0x00001498,0x00000101,0x00060041,0x0000058e,0x0000149b,0x00000585,
0x00000164,0x0000149a,0x0004003d,0x0000006d,0x0000149c,0x0000149b,0x00050051,0x00000006,
0x0000147a,0x0000149c,0x00000002,0x00050081,0x00000006,0x0000147b,0x0000147a,0x00000183,
0x0004006d,0x00000057,0x0000147c,0x0000147b,0x000500aa,0x00000051,0x0000147e,0x0000147c,
0x00000107,0x000300f7,0x00001480,0x00000000,0x000400fa,0x0000147e,0x0000147f,0x00001480,
0x000200f8,0x0000147f,0x000200f9,0x0000148a,0x000200f8,0x00001480,0x000500aa,0x00000051,
0x00001482,0x0000147c,0x00000116,0x000300f7,0x00001487,0x00000000,0x000400fa,0x00001482,
0x00001483,0x00001487,0x000200f8,0x00001483,0x0008004f,0x00000015,0x00001485,0x00002171,
0x00002171,0x00000000,0x00000001,0x00000002,0x00050094,0x00000006,0x00001486,0x00001485,
0x000001bf,0x000200f9,0x0000148a,0x000200f8,0x00001487,0x00050051,0x00000006,0x00001489,
0x00002171,0x00000003,0x000200f9,0x0000148a,0x000200f8,0x0000148a,0x000b00f5,0x00000006,
0x00002172,0x00001477,0x00001475,0x000000e1,0x0000147f,0x00001486,0x00001483,0x00001489,
0x00001487,0x00060052,0x0000006d,0x000020b5,0x00002172,0x00002171,0x00000003,0x000200f9,
0x00000ae7,0x000200f8,0x00000ae7,0x000700f5,0x0000006d,0x00002176,0x00002171,0x00000ad8,
0x000020b5,0x0000148a,0x000300f7,0x00000af0,0x00000000,0x000400fa,0x00000aa9,0x00000aef,
0x00000af7,0x000200f8,0x00000aef,0x0004003d,0x0000006d,0x00000af1,0x00000aaf,0x00050051,
0x00000006,0x00000af3,0x00000af1,0x00000000,0x00050051,0x00000006,0x00000af4,0x00000af1,
0x00000001,0x00050051,0x00000006,0x00000af5,0x00000af1,0x00000002,0x00070050,0x0000006d,
0x00000af6,0x00000af3,0x00000af4,0x00000af5,0x000000e1,0x000200f9,0x00000af0,0x000200f8,
0x00000af7,0x0004003d,0x0000006d,0x00000af8,0x00000aaf,0x000200f9,0x00000af0,0x000200f8,
0x00000af0,0x000700f5,0x0000006d,0x00002174,0x00000af6,0x00000aef,0x00000af8,0x00000af7,
0x00050041,0x0000097e,0x00000afc,0x0000057a,0x00000106,0x0004003d,0x0000006d,0x00000afd,
0x00000afc,0x00050085,0x0000006d,0x00000afe,0x00002176,0x00000afd,0x00050085,0x0000006d,
0x00000b00,0x00000afe,0x00002174,0x000500c7,0x00000057,0x00000b02,0x00000a61,0x000000fe,
0x000500ab,0x00000051,0x00000b03,0x00000b02,0x00000111,0x000300f7,0x00000b05,0x00000000,
0x000400fa,0x00000b03,0x00000b04,0x00000b05,0x000200f8,0x00000b04,0x00060041,0x0000057b,
0x00000b07,0x0000057a,0x000001b0,0x00000107,0x0004003d,0x00000057,0x00000b08,0x00000b07,
0x000500c2,0x00000057,0x00000b09,0x00000b08,0x000000f7,0x000500c7,0x00000057,0x00000b0b,
0x00000b09,0x00000b0a,0x00040070,0x00000006,0x00000b0c,0x00000b0b,0x00050085,0x00000006,
0x00000b0e,0x00000b0c,0x00000b1d,0x00050051,0x00000006,0x00000b10,0x00000b00,0x00000003,
0x000500b8,0x00000051,0x00000b12,0x00000b10,0x00000b0e,0x000300f7,0x00000b14,0x00000000,
0x000400fa,0x00000b12,0x00000b13,0x00000b14,0x000200f8,0x00000b13,0x000100fc,0x000200f8,
0x00000b14,0x000200f9,0x00000b05,0x000200f8,0x00000b05,0x000500c7,0x00000057,0x00000b17,
0x00000a61,0x00000107,0x000500ab,0x00000051,0x00000b18,0x00000b17,0x00000111,0x000300f7,
0x00000b1a,0x00000000,0x000400fa,0x00000b18,0x00000b19,0x00000b1a,0x000200f8,0x00000b19,
0x00050051,0x00000006,0x00000b1c,0x00000b00,0x00000003,0x000500b8,0x00000051,0x00000b1e,
0x00000b1c,0x00000b1d,0x000200f9,0x00000b1a,0x000200f8,0x00000b1a,0x000700f5,0x00000051,
0x00000b1f,0x00000b18,0x00000b05,0x00000b1e,0x00000b19,0x000300f7,0x00000b21,0x00000000,
0x000400fa,0x00000b1f,0x00000b20,0x00000b21,0x000200f8,0x00000b20,0x000100fc,0x000200f8,
0x00000b21,0x000500aa,0x00000051,0x00000b24,0x00000a63,0x00000180,0x000300f7,0x00000b26,
0x00000000,0x000400fa,0x00000b24,0x00000b25,0x00000b26,0x000200f8,0x00000b25,0x0008004f,
0x00000015,0x00000b29,0x00000b00,0x00000b00,0x00000000,0x00000001,0x00000002,0x00060041,
0x0000057b,0x00000b2a,0x0000057a,0x000001b0,0x00000116,0x0004003d,0x00000057,0x00000b2b,
0x00000b2a,0x000500c7,0x00000057,0x00000b2c,0x00000b2b,0x00000107,0x000500ab,0x00000051,
0x00000b2d,0x00000b2c,0x00000111,0x000300f7,0x00000b2f,0x00000000,0x000400fa,0x00000b2d,
0x00000b2e,0x00000b2f,0x000200f8,0x00000b2e,0x0005008e,0x00000015,0x00000b31,0x00000b29,
0x00000a7f,0x0007000c,0x00000015,0x00000b33,0x00000001,0x0000001a,0x00000b29,0x00000a85,
0x0005008e,0x00000015,0x00000b34,0x00000b33,0x00000a82,0x00050083,0x00000015,0x00000b36,
0x00000b34,0x00002339,0x000500ba,0x00000a8e,0x00000b38,0x00000b29,0x00000a8d,0x000600a9,
0x00000015,0x00000b39,0x00000b38,0x00000b36,0x00000b31,0x000200f9,0x00000b2f,0x000200f8,
0x00000b2f,0x000700f5,0x00000015,0x000022ec,0x00000b29,0x00000b25,0x00000b39,0x00000b2e,
0x000300f7,0x00000b40,0x00000000,0x000400fa,0x00000b18,0x00000b3f,0x00000b43,0x000200f8,
0x00000b3f,0x00050051,0x00000006,0x00000b42,0x00000b00,0x00000003,0x000200f9,0x00000b40,
0x000200f8,0x00000b43,0x000200f9,0x00000b40,0x000200f8,0x00000b40,0x000700f5,0x00000006,
0x000022ed,0x00000b42,0x00000b3f,0x000000e1,0x00000b43,0x00050051,0x00000006,0x00000b45,
0x000022ec,0x00000000,0x00050051,0x00000006,0x00000b46,0x000022ec,0x00000001,0x00050051,
0x00000006,0x00000b47,0x000022ec,0x00000002,0x00070050,0x0000006d,0x00000b48,0x00000b45,
0x00000b46,0x00000b47,0x000022ed,0x0003003e,0x00000a92,0x00000b48,0x000300f7,0x00000b4d,
0x00000000,0x000400fa,0x00000b18,0x00000b4c,0x00000b4d,0x000200f8,0x00000b4c,0x00050051,
0x00000006,0x00000b50,0x00000b00,0x00000003,0x0008000c,0x00000006,0x000014a5,0x00000001,
0x0000002b,0x00000b50,0x000000dc,0x000000dd,0x0003003e,0x000000da,0x000014a5,0x0008000c,
0x00000006,0x000014a7,0x00000001,0x0000002b,0x00000b50,0x000000dc,0x000000e1,0x0003003e,
0x000000df,0x000014a7,0x000200f9,0x00000b4d,0x000200f8,0x00000b4d,0x000200f9,0x00000e1e,
0x000200f8,0x00000b26,0x00050041,0x0000097e,0x00000b54,0x0000057a,0x00000198,0x0004003d,
0x0000006d,0x00000b55,0x00000b54,0x0008004f,0x00000015,0x00000b56,0x00000b55,0x00000b55,
0x00000000,0x00000001,0x00000002,0x0004003d,0x00000015,0x00000b59,0x000006ae,0x00050083,
0x00000015,0x00000b5a,0x00000b56,0x00000b59,0x0006000c,0x00000006,0x00000b5b,0x00000001,
0x00000042,0x00000b5a,0x00060041,0x00000108,0x00000b60,0x00000105,0x000006d8,0x00000111,
0x0004003d,0x00000006,0x00000b61,0x00000b60,0x000300f7,0x000014c7,0x00000000,0x000300fb,
0x00000111,0x000014ae,0x000200f8,0x000014ae,0x000500bc,0x00000051,0x000014b0,0x00000b61,
0x000000dc,0x000300f7,0x000014b2,0x00000000,0x000400fa,0x000014b0,0x000014b1,0x000014b2,
0x000200f8,0x000014b1,0x000200f9,0x000014c7,0x000200f8,0x000014b2,0x00060041,0x00000108,
0x000014b3,0x00000105,0x000006d8,0x00000116,0x0004003d,0x00000006,0x000014b4,0x000014b3,
0x0008000c,0x00000006,0x000014b5,0x00000001,0x0000002b,0x000014b4,0x000000dc,0x00000183,
0x000500bc,0x00000051,0x000014b7,0x000014b5,0x000000dc,0x000300f7,0x000014bd,0x00000000,
0x000400fa,0x000014b7,0x000014b8,0x000014bd,0x000200f8,0x000014b8,0x000500bc,0x00000051,
0x000014bb,0x00000b5b,0x00000b61,0x000600a9,0x00000006,0x000014bc,0x000014bb,0x000000e1,
0x000000dc,0x000200f9,0x000014c7,0x000200f8,0x000014bd,0x00050083,0x00000006,0x000014c0,
0x000000e1,0x000014b5,0x00050085,0x00000006,0x000014c1,0x00000b61,0x000014c0,0x0008000c,
0x00000006,0x000014c4,0x00000001,0x00000031,0x000014c1,0x00000b61,0x00000b5b,0x00050083,
0x00000006,0x000014c5,0x000000e1,0x000014c4,0x000200f9,0x000014c7,0x000200f8,0x000014c7,
0x000900f5,0x00000006,0x00002177,0x000000e1,0x000014b1,0x000014bc,0x000014b8,0x000014c5,
0x000014bd,0x0003003e,0x00000b63,0x00000b64,0x000600a9,0x00000057,0x000014cd,0x000006c9,
0x00000a61,0x000006c7,0x000500c7,0x00000057,0x000014d0,0x000014cd,0x000000f5,0x000500ab,
0x00000051,0x000014d1,0x000014d0,0x00000111,0x000500ba,0x00000051,0x00000b6a,0x00002177,
0x000000dc,0x000500a7,0x00000051,0x00000b6b,0x000014d1,0x00000b6a,0x000300f7,0x00000b6d,
0x00000000,0x000400fa,0x00000b6b,0x00000b6c,0x00000b6d,0x000200f8,0x00000b6c,0x0004003d,
0x000001f9,0x00000b6f,0x00000b6e,0x00060041,0x0000057b,0x000014da,0x0000057a,0x000001b0,
0x00000107,0x0004003d,0x00000057,0x000014db,0x000014da,0x000500c2,0x00000057,0x000014de,
0x000014db,0x000000f5,0x000500c7,0x00000057,0x000014df,0x000014de,0x00000180,0x000500aa,
0x00000051,0x000014e1,0x000014df,0x00000116,0x000300f7,0x000014ed,0x00000000,0x000400fa,
0x000014e1,0x000014e2,0x000014e6,0x000200f8,0x000014e2,0x0004003d,0x00000015,0x000014e4,
0x000006af,0x000300f7,0x0000152c,0x00000000,0x000300fb,0x00000111,0x000014f6,0x000200f8,
0x000014f6,0x0006000c,0x00000015,0x000014f8,0x00000001,0x00000004,0x000014e4,0x00050051,
0x00000006,0x000014fa,0x000014f8,0x00000000,0x00050051,0x00000006,0x000014fc,0x000014f8,
0x00000001,0x000500be,0x00000051,0x000014fd,0x000014fa,0x000014fc,0x000300f7,0x00001504,
0x00000000,0x000400fa,0x000014fd,0x000014fe,0x00001504,0x000200f8,0x000014fe,0x00050051,
0x00000006,0x00001502,0x000014f8,0x00000002,0x000500be,0x00000051,0x00001503,0x000014fa,
0x00001502,0x000200f9,0x00001504,0x000200f8,0x00001504,0x000700f5,0x00000051,0x00001505,
0x000014fd,0x000014f6,0x00001503,0x000014fe,0x000300f7,0x00001511,0x00000000,0x000400fa,
0x00001505,0x00001506,0x00001511,0x000200f8,0x00001506,0x00050051,0x00000006,0x00001508,
0x000014e4,0x00000000,0x0006000c,0x00000006,0x00001509,0x00000001,0x00000006,0x00001508,
0x0004007f,0x00000006,0x0000150a,0x00001509,0x00050051,0x00000006,0x0000150c,0x00000b59,
0x00000002,0x00050085,0x00000006,0x0000150d,0x0000150a,0x0000150c,0x00050051,0x00000006,
0x0000150f,0x00000b59,0x00000001,0x00050050,0x00000021,0x00001510,0x0000150d,0x0000150f,
0x000200f9,0x0000152c,0x000200f8,0x00001511,0x00050051,0x00000006,0x00001515,0x000014f8,
0x00000002,0x000500be,0x00000051,0x00001516,0x000014fc,0x00001515,0x000300f7,0x00001522,
0x00000000,0x000400fa,0x00001516,0x00001517,0x00001522,0x000200f8,0x00001517,0x00050051,
0x00000006,0x00001519,0x00000b59,0x00000000,0x00050051,0x00000006,0x0000151b,0x000014e4,
0x00000001,0x0006000c,0x00000006,0x0000151c,0x00000001,0x00000006,0x0000151b,0x0004007f,
0x00000006,0x0000151d,0x0000151c,0x00050051,0x00000006,0x0000151f,0x00000b59,0x00000002,
0x00050085,0x00000006,0x00001520,0x0000151d,0x0000151f,0x00050050,0x00000021,0x00001521,
0x00001519,0x00001520,0x000200f9,0x0000152c,0x000200f8,0x00001522,0x00050051,0x00000006,
0x00001524,0x000014e4,0x00000002,0x0006000c,0x00000006,0x00001525,0x00000001,0x00000006,
0x00001524,0x00050051,0x00000006,0x00001527,0x00000b59,0x00000000,0x00050085,0x00000006,
0x00001528,0x00001525,0x00001527,0x00050051,0x00000006,0x0000152a,0x00000b59,0x00000001,
0x00050050,0x00000021,0x0000152b,0x00001528,0x0000152a,0x000200f9,0x0000152c,0x000200f8,
0x0000152c,0x000900f5,0x00000021,0x00002178,0x00001510,0x00001506,0x00001521,0x00001517,
0x0000152b,0x00001522,0x000200f9,0x000014ed,0x000200f8,0x000014e6,0x000500aa,0x00000051,
0x000014e8,0x000014df,0x00000107,0x0004003d,0x00000021,0x000014e9,0x000006b9,0x00050050,
0x0000022c,0x000014eb,0x000014e8,0x000014e8,0x000600a9,0x00000021,0x000014ec,0x000014eb,
0x000014e9,0x00000a9a,0x000200f9,0x000014ed,0x000200f8,0x000014ed,0x000700f5,0x00000021,
0x00002179,0x00002178,0x0000152c,0x000014ec,0x000014e6,0x000300f7,0x0000154d,0x00000000,
0x000300fb,0x00000111,0x00001535,0x000200f8,0x00001535,0x00060041,0x0000057b,0x00001551,
0x0000057a,0x000001b0,0x00000116,0x0004003d,0x00000057,0x00001552,0x00001551,0x000500c2,
0x00000057,0x00001553,0x00001552,0x00000107,0x000500ab,0x00000051,0x00001554,0x00001553,
0x00000111,0x000400a8,0x00000051,0x00001537,0x00001554,0x000300f7,0x0000153a,0x00000000,
0x000400fa,0x00001537,0x00001538,0x0000153a,0x000200f8,0x00001538,0x000200f9,0x0000154d,
0x000200f8,0x0000153a,0x00050051,0x00000006,0x0000153c,0x00002179,0x00000000,0x00050051,
0x00000006,0x0000153d,0x00002179,0x00000001,0x00060050,0x00000015,0x0000153e,0x0000153c,
0x0000153d,0x000000e1,0x00050082,0x00000057,0x0000155a,0x00001553,0x00000107,0x00050084,
0x00000057,0x0000155b,0x0000155a,0x0000058a,0x00050080,0x00000057,0x0000155d,0x0000155b,
0x000000f5,0x00060041,0x0000058e,0x0000155e,0x00000585,0x00000164,0x0000155d,0x0004003d,
0x0000006d,0x0000155f,0x0000155e,0x0008004f,0x00000015,0x00001542,0x0000155f,0x0000155f,
0x00000000,0x00000001,0x00000002,0x00050094,0x00000006,0x00001544,0x00001542,0x0000153e,
0x00050080,0x00000057,0x00001568,0x0000155b,0x00002342,0x00060041,0x0000058e,0x00001569,
0x00000585,0x00000164,0x00001568,0x0004003d,0x0000006d,0x0000156a,0x00001569,0x0008004f,
0x00000015,0x00001549,0x0000156a,0x0000156a,0x00000000,0x00000001,0x00000002,0x00050094,
0x00000006,0x0000154b,0x00001549,0x0000153e,0x00050050,0x00000021,0x0000154c,0x00001544,
0x0000154b,0x000200f9,0x0000154d,0x000200f8,0x0000154d,0x000700f5,0x00000021,0x0000217a,
0x00002179,0x00001538,0x0000154c,0x0000153a,0x00050057,0x0000006d,0x00000b72,0x00000b6f,
0x0000217a,0x00070050,0x0000006d,0x00000b74,0x00002177,0x00002177,0x00002177,0x00002177,
0x0008000c,0x0000006d,0x00000b75,0x00000001,0x0000002e,0x00000b64,0x00000b72,0x00000b74,
0x0003003e,0x00000b63,0x00000b75,0x000200f9,0x00000b6d,0x000200f8,0x00000b6d,0x00060041,
0x0000057b,0x0000156d,0x0000057a,0x000001b0,0x00000116,0x0004003d,0x00000057,0x0000156e,
0x0000156d,0x000500c2,0x00000057,0x0000156f,0x0000156e,0x00000107,0x000500ab,0x00000051,
0x00001570,0x0000156f,0x00000111,0x000300f7,0x00000b7c,0x00000000,0x000400fa,0x00001570,
0x00000b7b,0x00000b82,0x000200f8,0x00000b7b,0x00050082,0x00000057,0x00001576,0x0000156f,
0x00000107,0x00050084,0x00000057,0x00001577,0x00001576,0x0000058a,0x00050080,0x00000057,
0x00001579,0x00001577,0x00000101,0x00060041,0x0000058e,0x0000157a,0x00000585,0x00000164,
0x00001579,0x0004003d,0x0000006d,0x0000157b,0x0000157a,0x00050051,0x00000006,0x00000b7f,
0x0000157b,0x00000000,0x00050081,0x00000006,0x00000b80,0x00000b7f,0x00000183,0x0004006d,
0x00000057,0x00000b81,0x00000b80,0x000200f9,0x00000b7c,0x000200f8,0x00000b82,0x000200f9,
0x00000b7c,0x000200f8,0x00000b7c,0x000700f5,0x00000057,0x0000217b,0x00000b81,0x00000b7b,
0x00000107,0x00000b82,0x000300f7,0x00000b88,0x00000000,0x000400fa,0x00001570,0x00000b87,
0x00000b8e,0x000200f8,0x00000b87,0x00050082,0x00000057,0x00001581,0x0000156f,0x00000107,
0x00050084,0x00000057,0x00001582,0x00001581,0x0000058a,0x00050080,0x00000057,0x00001584,
0x00001582,0x00000101,0x00060041,0x0000058e,0x00001585,0x00000585,0x00000164,0x00001584,
0x0004003d,0x0000006d,0x00001586,0x00001585,0x00050051,0x00000006,0x00000b8b,0x00001586,
0x00000001,0x00050081,0x00000006,0x00000b8c,0x00000b8b,0x00000183,0x0004006d,0x00000057,
0x00000b8d,0x00000b8c,0x000200f9,0x00000b88,0x000200f8,0x00000b8e,0x000200f9,0x00000b88,
0x000200f8,0x00000b88,0x000700f5,0x00000057,0x0000217c,0x00000b8d,0x00000b87,0x00000116,
0x00000b8e,0x00050041,0x00000007,0x00000b92,0x00000b63,0x0000217b,0x0004003d,0x00000006,
0x00000b93,0x00000b92,0x00060041,0x00000b95,0x00000b96,0x0000057a,0x00000b94,0x00000111,
0x0004003d,0x00000006,0x00000b97,0x00000b96,0x00050085,0x00000006,0x00000b98,0x00000b93,
0x00000b97,0x0008000c,0x00000006,0x00000b9a,0x00000001,0x0000002b,0x00000b98,0x00000b99,
0x000000e1,0x00050041,0x00000007,0x00000b9d,0x00000b63,0x0000217c,0x0004003d,0x00000006,
0x00000b9e,0x00000b9d,0x00060041,0x00000b95,0x00000b9f,0x0000057a,0x00000b94,0x00000107,
0x0004003d,0x00000006,0x00000ba0,0x00000b9f,0x00050085,0x00000006,0x00000ba1,0x00000b9e,
0x00000ba0,0x0008000c,0x00000006,0x00000ba2,0x00000001,0x0000002b,0x00000ba1,0x000000dc,
0x000000e1,0x000500c7,0x00000057,0x00000ba6,0x00000a61,0x00000ba5,0x000500ab,0x00000051,
0x00000ba7,0x00000ba6,0x00000111,0x000600a9,0x00000051,0x0000235f,0x00000ba7,0x000014d1,
0x00000ba7,0x000300f7,0x00000bb1,0x00000000,0x000400fa,0x0000235f,0x00000bb0,0x00000bb4,
0x000200f8,0x00000bb0,0x00050041,0x00000007,0x00000bb2,0x00000b63,0x00000111,0x0004003d,
0x00000006,0x00000bb3,0x00000bb2,0x000200f9,0x00000bb1,0x000200f8,0x00000bb4,0x000200f9,
0x00000bb1,0x000200f8,0x00000bb1,0x000700f5,0x00000006,0x0000217d,0x00000bb3,0x00000bb0,
0x000000e1,0x00000bb4,0x000300f7,0x00000bb8,0x00000000,0x000400fa,0x00001570,0x00000bb7,
0x00000bb8,0x000200f8,0x00000bb7,0x00050082,0x00000057,0x00001595,0x0000156f,0x00000107,
0x00050084,0x00000057,0x00001596,0x00001595,0x0000058a,0x00050080,0x00000057,0x00001598,
0x00001596,0x000000f7,0x00060041,0x0000058e,0x00001599,0x00000585,0x00000164,0x00001598,
0x0004003d,0x0000006d,0x0000159a,0x00001599,0x00050051,0x00000006,0x00000bbe,0x0000159a,
0x00000001,0x00050081,0x00000006,0x00000bbf,0x00000bbe,0x00000183,0x0004006d,0x00000057,
0x00000bc0,0x00000bbf,0x00050051,0x00000006,0x00000bc3,0x0000159a,0x00000002,0x00050081,
0x00000006,0x00000bc4,0x00000bc3,0x00000183,0x0004006d,0x00000057,0x00000bc5,0x00000bc4,
0x000500aa,0x00000051,0x00000bc8,0x00000bc0,0x00000107,0x000600a9,0x00000051,0x00002360,
0x00000bc8,0x000014d1,0x00000bc8,0x000300f7,0x00000bd1,0x00000000,0x000400fa,0x00002360,
0x00000bd0,0x00000bd1,0x000200f8,0x00000bd0,0x00050041,0x00000007,0x00000bd3,0x00000b63,
0x00000bc5,0x0004003d,0x00000006,0x00000bd4,0x00000bd3,0x000200f9,0x00000bd1,0x000200f8,
0x00000bd1,0x000700f5,0x00000006,0x0000217e,0x000000e1,0x00000bb7,0x00000bd4,0x00000bd0,
0x000500aa,0x00000051,0x00000bd6,0x00000bc0,0x00000111,0x000300f7,0x00000bd9,0x00000000,
0x000400fa,0x00000bd6,0x00000bd8,0x00000bda,0x000200f8,0x00000bd8,0x000200f9,0x00000bd9,
0x000200f8,0x00000bda,0x00050051,0x00000006,0x00000bdd,0x0000159a,0x00000000,0x0008000c,
0x00000006,0x00000bde,0x00000001,0x0000002b,0x00000bdd,0x000000dc,0x000000e1,0x0008000c,
0x00000006,0x00000bdf,0x00000001,0x0000002e,0x000000e1,0x0000217e,0x00000bde,0x000200f9,
0x00000bd9,0x000200f8,0x00000bd9,0x000700f5,0x00000006,0x00002180,0x000000e1,0x00000bd8,
0x00000bdf,0x00000bda,0x000200f9,0x00000bb8,0x000200f8,0x00000bb8,0x000700f5,0x00000006,
0x00002263,0x0000217d,0x00000bb1,0x00002180,0x00000bd9,0x0004003d,0x00000015,0x00000be2,
0x000006af,0x0006000c,0x00000015,0x00000be3,0x00000001,0x00000045,0x00000be2,0x000300f7,
0x00000be8,0x00000000,0x000400fa,0x00000aa9,0x00000be7,0x00000be9,0x000200f8,0x00000be7,
0x000200f9,0x00000be8,0x000200f8,0x00000be9,0x00060041,0x00000108,0x00000bed,0x00000105,
0x00000187,0x00000111,0x0004003d,0x00000006,0x00000bee,0x00000bed,0x000300f7,0x000015c3,
0x00000000,0x000300fb,0x00000111,0x000015aa,0x000200f8,0x000015aa,0x000500bc,0x00000051,
0x000015ac,0x00000bee,0x000000dc,0x000300f7,0x000015ae,0x00000000,0x000400fa,0x000015ac,
0x000015ad,0x000015ae,0x000200f8,0x000015ad,0x000200f9,0x000015c3,0x000200f8,0x000015ae,
0x00060041,0x00000108,0x000015af,0x00000105,0x000006d8,0x00000116,0x0004003d,0x00000006,
0x000015b0,0x000015af,0x0008000c,0x00000006,0x000015b1,0x00000001,0x0000002b,0x000015b0,
0x000000dc,0x00000183,0x000500bc,0x00000051,0x000015b3,0x000015b1,0x000000dc,0x000300f7,
0x000015b9,0x00000000,0x000400fa,0x000015b3,0x000015b4,0x000015b9,0x000200f8,0x000015b4,
0x000500bc,0x00000051,0x000015b7,0x00000b5b,0x00000bee,0x000600a9,0x00000006,0x000015b8,
0x000015b7,0x000000e1,0x000000dc,0x000200f9,0x000015c3,0x000200f8,0x000015b9,0x00050083,
0x00000006,0x000015bc,0x000000e1,0x000015b1,0x00050085,0x00000006,0x000015bd,0x00000bee,
0x000015bc,0x0008000c,0x00000006,0x000015c0,0x00000001,0x00000031,0x000015bd,0x00000bee,
0x00000b5b,0x00050083,0x00000006,0x000015c1,0x000000e1,0x000015c0,0x000200f9,0x000015c3,
0x000200f8,0x000015c3,0x000900f5,0x00000006,0x00002181,0x000000e1,0x000015ad,0x000015b8,
0x000015b4,0x000015c1,0x000015b9,0x000200f9,0x00000be8,0x000200f8,0x00000be8,0x000700f5,
0x00000006,0x00002182,0x000000e1,0x00000be7,0x00002181,0x000015c3,0x0004003d,0x0000006d,
0x00000bf3,0x00000bf2,0x0008004f,0x00000015,0x00000bf4,0x00000bf3,0x00000bf3,0x00000000,
0x00000001,0x00000002,0x00050094,0x00000006,0x00000bf9,0x00000be3,0x00000bf4,0x0005008e,
0x00000015,0x00000bfa,0x00000be3,0x00000bf9,0x00050083,0x00000015,0x00000bfb,0x00000bf4,
0x00000bfa,0x00060041,0x0000057b,0x00000bfd,0x0000057a,0x000001b0,0x00000107,0x0004003d,
0x00000057,0x00000bfe,0x00000bfd,0x000500c2,0x00000057,0x00000bff,0x00000bfe,0x00000116,
0x000500c7,0x00000057,0x00000c00,0x00000bff,0x00000180,0x000500aa,0x00000051,0x00000c01,
0x00000c00,0x00000116,0x000500c7,0x00000057,0x000015cc,0x000014cd,0x00000116,0x000500ab,
0x00000051,0x000015cd,0x000015cc,0x00000111,0x000500ab,0x00000051,0x00000c07,0x00000a63,
0x00000107,0x000500a7,0x00000051,0x00000c08,0x000015cd,0x00000c07,0x000500ba,0x00000051,
0x00000c0a,0x00002182,0x000000dc,0x000500a7,0x00000051,0x00000c0b,0x00000c08,0x00000c0a,
0x000300f7,0x00000c0d,0x00000000,0x000400fa,0x00000c0b,0x00000c0c,0x00000c0d,0x000200f8,
0x00000c0c,0x000500a6,0x00000051,0x00000c10,0x00000aa9,0x00000c01,0x000400a8,0x00000051,
0x00000c11,0x00000c10,0x000300f7,0x00000c13,0x00000000,0x000400fa,0x00000c11,0x00000c12,
0x00000c13,0x000200f8,0x00000c12,0x00050094,0x00000006,0x00000c16,0x00000bfb,0x00000bfb,
0x000500ba,0x00000051,0x00000c17,0x00000c16,0x000005ca,0x000200f9,0x00000c13,0x000200f8,
0x00000c13,0x000700f5,0x00000051,0x00000c18,0x00000c10,0x00000c0c,0x00000c17,0x00000c12,
0x000200f9,0x00000c0d,0x000200f8,0x00000c0d,0x000700f5,0x00000051,0x00000c19,0x00000c0b,
0x00000be8,0x00000c18,0x00000c13,0x000300f7,0x00000c1b,0x00000000,0x000400fa,0x00000c19,
0x00000c1a,0x00000c1b,0x000200f8,0x00000c1a,0x000300f7,0x00000c20,0x00000000,0x000400fa,
0x00000c01,0x00000c1f,0x00000c21,0x000200f8,0x00000c1f,0x000200f9,0x00000c20,0x000200f8,
0x00000c21,0x0006000c,0x00000015,0x00000c23,0x00000001,0x00000045,0x00000bfb,0x000200f9,
0x00000c20,0x000200f8,0x00000c20,0x000700f5,0x00000015,0x00002185,0x00000672,0x00000c1f,
0x00000c23,0x00000c21,0x000300f7,0x00000c29,0x00000000,0x000400fa,0x00000c01,0x00000c28,
0x00000c2a,0x000200f8,0x00000c28,0x000200f9,0x00000c29,0x000200f8,0x00000c2a,0x0007000c,
0x00000015,0x00000c2d,0x00000001,0x00000044,0x00000be3,0x00002185,0x000300f7,0x00000c31,
0x00000000,0x000400fa,0x00000aa9,0x00000c30,0x00000c32,0x000200f8,0x00000c30,0x000200f9,
0x00000c31,0x000200f8,0x00000c32,0x00050041,0x00000a54,0x00000c33,0x00000bf2,0x00000180,
0x0004003d,0x00000006,0x00000c34,0x00000c33,0x000200f9,0x00000c31,0x000200f8,0x00000c31,
0x000700f5,0x00000006,0x00002189,0x000000e1,0x00000c30,0x00000c34,0x00000c32,0x0005008e,
0x00000015,0x00000c36,0x00000c2d,0x00002189,0x000200f9,0x00000c29,0x000200f8,0x00000c29,
0x000700f5,0x00000015,0x0000218a,0x00000658,0x00000c28,0x00000c36,0x00000c31,0x000300f7,
0x00000c3c,0x00000000,0x000400fa,0x00000aa9,0x00000c3b,0x00000c43,0x000200f8,0x00000c3b,
0x0004003d,0x000001f9,0x00000c3e,0x00000c3d,0x00080058,0x0000006d,0x00000c42,0x00000c3e,
0x00002170,0x00000004,0x00000a9b,0x00000a9e,0x000200f9,0x00000c3c,0x000200f8,0x00000c43,
0x0004003d,0x000001f9,0x00000c44,0x00000c3d,0x000300f7,0x000015e9,0x00000000,0x000400fa,
0x00000c01,0x000015de,0x000015e2,0x000200f8,0x000015de,0x000300f7,0x00001628,0x00000000,
0x000300fb,0x00000111,0x000015f2,0x000200f8,0x000015f2,0x0006000c,0x00000015,0x000015f4,
0x00000001,0x00000004,0x00000be2,0x00050051,0x00000006,0x000015f6,0x000015f4,0x00000000,
0x00050051,0x00000006,0x000015f8,0x000015f4,0x00000001,0x000500be,0x00000051,0x000015f9,
0x000015f6,0x000015f8,0x000300f7,0x00001600,0x00000000,0x000400fa,0x000015f9,0x000015fa,
0x00001600,0x000200f8,0x000015fa,0x00050051,0x00000006,0x000015fe,0x000015f4,0x00000002,
0x000500be,0x00000051,0x000015ff,0x000015f6,0x000015fe,0x000200f9,0x00001600,0x000200f8,
0x00001600,0x000700f5,0x00000051,0x00001601,0x000015f9,0x000015f2,0x000015ff,0x000015fa,
0x000300f7,0x0000160d,0x00000000,0x000400fa,0x00001601,0x00001602,0x0000160d,0x000200f8,
0x00001602,0x00050051,0x00000006,0x00001604,0x00000be2,0x00000000,0x0006000c,0x00000006,
0x00001605,0x00000001,0x00000006,0x00001604,0x0004007f,0x00000006,0x00001606,0x00001605,
0x00050051,0x00000006,0x00001608,0x00000b59,0x00000002,0x00050085,0x00000006,0x00001609,
0x00001606,0x00001608,0x00050051,0x00000006,0x0000160b,0x00000b59,0x00000001,0x00050050,
0x00000021,0x0000160c,0x00001609,0x0000160b,0x000200f9,0x00001628,0x000200f8,0x0000160d,
0x00050051,0x00000006,0x00001611,0x000015f4,0x00000002,0x000500be,0x00000051,0x00001612,
0x000015f8,0x00001611,0x000300f7,0x0000161e,0x00000000,0x000400fa,0x00001612,0x00001613,
0x0000161e,0x000200f8,0x00001613,0x00050051,0x00000006,0x00001615,0x00000b59,0x00000000,
0x00050051,0x00000006,0x00001617,0x00000be2,0x00000001,0x0006000c,0x00000006,0x00001618,
0x00000001,0x00000006,0x00001617,0x0004007f,0x00000006,0x00001619,0x00001618,0x00050051,
0x00000006,0x0000161b,0x00000b59,0x00000002,0x00050085,0x00000006,0x0000161c,0x00001619,
0x0000161b,0x00050050,0x00000021,0x0000161d,0x00001615,0x0000161c,0x000200f9,0x00001628,
0x000200f8,0x0000161e,0x00050051,0x00000006,0x00001620,0x00000be2,0x00000002,0x0006000c,
0x00000006,0x00001621,0x00000001,0x00000006,0x00001620,0x00050051,0x00000006,0x00001623,
0x00000b59,0x00000000,0x00050085,0x00000006,0x00001624,0x00001621,0x00001623,0x00050051,
0x00000006,0x00001626,0x00000b59,0x00000001,0x00050050,0x00000021,0x00001627,0x00001624,
0x00001626,0x000200f9,0x00001628,0x000200f8,0x00001628,0x000900f5,0x00000021,0x0000218b,
0x0000160c,0x00001602,0x0000161d,0x00001613,0x00001627,0x0000161e,0x000200f9,0x000015e9,
0x000200f8,0x000015e2,0x000500aa,0x00000051,0x000015e4,0x00000c00,0x00000107,0x0004003d,
0x00000021,0x000015e5,0x000006b9,0x00050050,0x0000022c,0x000015e7,0x000015e4,0x000015e4,
0x000600a9,0x00000021,0x000015e8,0x000015e7,0x000015e5,0x00000a9a,0x000200f9,0x000015e9,
0x000200f8,0x000015e9,0x000700f5,0x00000021,0x0000218c,0x0000218b,0x00001628,0x000015e8,
0x000015e2,0x000300f7,0x00001649,0x00000000,0x000300fb,0x00000111,0x00001631,0x000200f8,
0x00001631,0x000400a8,0x00000051,0x00001633,0x00001570,0x000300f7,0x00001636,0x00000000,
0x000400fa,0x00001633,0x00001634,0x00001636,0x000200f8,0x00001634,0x000200f9,0x00001649,
0x000200f8,0x00001636,0x00050051,0x00000006,0x00001638,0x0000218c,0x00000000,0x00050051,
0x00000006,0x00001639,0x0000218c,0x00000001,0x00060050,0x00000015,0x0000163a,0x00001638,
0x00001639,0x000000e1,0x00050082,0x00000057,0x00001656,0x0000156f,0x00000107,0x00050084,
0x00000057,0x00001657,0x00001656,0x0000058a,0x00050080,0x00000057,0x00001659,0x00001657,
0x00000116,0x00060041,0x0000058e,0x0000165a,0x00000585,0x00000164,0x00001659,0x0004003d,
0x0000006d,0x0000165b,0x0000165a,0x0008004f,0x00000015,0x0000163e,0x0000165b,0x0000165b,
0x00000000,0x00000001,0x00000002,0x00050094,0x00000006,0x00001640,0x0000163e,0x0000163a,
0x00050080,0x00000057,0x00001664,0x00001657,0x00000180,0x00060041,0x0000058e,0x00001665,
0x00000585,0x00000164,0x00001664,0x0004003d,0x0000006d,0x00001666,0x00001665,0x0008004f,
0x00000015,0x00001645,0x00001666,0x00001666,0x00000000,0x00000001,0x00000002,0x00050094,
0x00000006,0x00001647,0x00001645,0x0000163a,0x00050050,0x00000021,0x00001648,0x00001640,
0x00001647,0x000200f9,0x00001649,0x000200f8,0x00001649,0x000700f5,0x00000021,0x0000218d,
0x0000218c,0x00001634,0x00001648,0x00001636,0x00050057,0x0000006d,0x00000c47,0x00000c44,
0x0000218d,0x000200f9,0x00000c3c,0x000200f8,0x00000c3c,0x000700f5,0x0000006d,0x000021ad,
0x00000c42,0x00000c3b,0x00000c47,0x00001649,0x0008004f,0x00000015,0x00000c49,0x000021ad,
0x000021ad,0x00000000,0x00000001,0x00000002,0x0005008e,0x00000015,0x00000c4a,0x00000c49,
0x000001c6,0x00050083,0x00000015,0x00000c4c,0x00000c4a,0x000002d3,0x000500a7,0x00000051,
0x00000c50,0x00000ae5,0x00001570,0x000300f7,0x00000c52,0x00000000,0x000400fa,0x00000c50,
0x00000c51,0x00000c52,0x000200f8,0x00000c51,0x00050082,0x00000057,0x0000166c,0x0000156f,
0x00000107,0x00050084,0x00000057,0x0000166d,0x0000166c,0x0000058a,0x00050080,0x00000057,
0x0000166f,0x0000166d,0x00000101,0x00060041,0x0000058e,0x00001670,0x00000585,0x00000164,
0x0000166f,0x0004003d,0x0000006d,0x00001671,0x00001670,0x00050051,0x00000006,0x00000c55,
0x00001671,0x00000003,0x000500ba,0x00000051,0x00000c56,0x00000c55,0x00000183,0x000200f9,
0x00000c52,0x000200f8,0x00000c52,0x000700f5,0x00000051,0x00000c57,0x00000c50,0x00000c3c,
0x00000c56,0x00000c51,0x000300f7,0x00000c59,0x00000000,0x000400fa,0x00000c57,0x00000c58,
0x00000c59,0x000200f8,0x00000c58,0x00050051,0x00000006,0x00000c5b,0x00000c4c,0x00000001,
0x0004007f,0x00000006,0x00000c5c,0x00000c5b,0x00060052,0x00000015,0x000020dd,0x00000c5c,
0x00000c4c,0x00000001,0x000200f9,0x00000c59,0x000200f8,0x00000c59,0x000700f5,0x00000015,
0x000021b1,0x00000c4c,0x00000c52,0x000020dd,0x00000c58,0x000300f7,0x00000c61,0x00000000,
0x000400fa,0x00000ae5,0x00000c60,0x00000c61,0x000200f8,0x00000c60,0x000300f7,0x000016a9,
0x00000000,0x000300fb,0x00000111,0x0000167c,0x000200f8,0x0000167c,0x000400a8,0x00000051,
0x0000167e,0x00001570,0x000300f7,0x00001680,0x00000000,0x000400fa,0x0000167e,0x0000167f,
0x00001680,0x000200f8,0x0000167f,0x000200f9,0x000016a9,0x000200f8,0x00001680,0x00050082,
0x00000057,0x000016b6,0x0000156f,0x00000107,0x00050084,0x00000057,0x000016b7,0x000016b6,
0x0000058a,0x00050080,0x00000057,0x000016b9,0x000016b7,0x00000116,0x00060041,0x0000058e,
0x000016ba,0x00000585,0x00000164,0x000016b9,0x0004003d,0x0000006d,0x000016bb,0x000016ba,
0x00050080,0x00000057,0x000016c4,0x000016b7,0x00000180,0x00060041,0x0000058e,0x000016c5,
0x00000585,0x00000164,0x000016c4,0x0004003d,0x0000006d,0x000016c6,0x000016c5,0x00050051,
0x00000006,0x00001689,0x000016bb,0x00000000,0x00050051,0x00000006,0x0000168b,0x000016c6,
0x00000000,0x00050050,0x00000021,0x0000168c,0x00001689,0x0000168b,0x0006000c,0x00000006,
0x0000168d,0x00000001,0x00000042,0x0000168c,0x0007000c,0x00000006,0x0000168e,0x00000001,
0x00000028,0x0000168d,0x000005ca,0x00050051,0x00000006,0x00001690,0x000016bb,0x00000001,
0x00050051,0x00000006,0x00001692,0x000016c6,0x00000001,0x00050050,0x00000021,0x00001693,
0x00001690,0x00001692,0x0006000c,0x00000006,0x00001694,0x00000001,0x00000042,0x00001693,
0x0007000c,0x00000006,0x00001695,0x00000001,0x00000028,0x00001694,0x000005ca,0x00050088,
0x00000006,0x00001699,0x00001689,0x0000168e,0x00050088,0x00000006,0x0000169d,0x00001690,
0x00001695,0x00050088,0x00000006,0x000016a1,0x0000168b,0x0000168e,0x00050088,0x00000006,
0x000016a5,0x00001692,0x00001695,0x00050050,0x00000021,0x000016a6,0x00001699,0x0000169d,
0x00050050,0x00000021,0x000016a7,0x000016a1,0x000016a5,0x00050050,0x00000077,0x000016a8,
0x000016a6,0x000016a7,0x000200f9,0x000016a9,0x000200f8,0x000016a9,0x000700f5,0x00000077,
0x000021af,0x000005b6,0x0000167f,0x000016a8,0x00001680,0x0007004f,0x00000021,0x00000c65,
0x000021b1,0x000021b1,0x00000000,0x00000001,0x00050091,0x00000021,0x00000c66,0x000021af,
0x00000c65,0x00050051,0x00000006,0x00000c68,0x00000c66,0x00000000,0x00060052,0x00000015,
0x000020e7,0x00000c68,0x000021b1,0x00000000,0x00050051,0x00000006,0x00000c6a,0x00000c66,
0x00000001,0x00060052,0x00000015,0x000020e9,0x00000c6a,0x000020e7,0x00000001,0x000200f9,
0x00000c61,0x000200f8,0x00000c61,0x000700f5,0x00000015,0x000021b2,0x000021b1,0x00000c59,
0x000020e9,0x000016a9,0x0007004f,0x00000021,0x00000c6c,0x000021b2,0x000021b2,0x00000000,
0x00000001,0x00060041,0x00000b95,0x00000c6d,0x0000057a,0x00000b94,0x00000116,0x0004003d,
0x00000006,0x00000c6e,0x00000c6d,0x0005008e,0x00000021,0x00000c6f,0x00000c6c,0x00000c6e,
0x0005008e,0x00000021,0x00000c71,0x00000c6f,0x00002182,0x00050051,0x00000006,0x00000c73,
0x000021b2,0x00000002,0x0008000c,0x00000006,0x00000c75,0x00000001,0x0000002e,0x000000e1,
0x00000c73,0x00002182,0x00050051,0x00000006,0x00000c76,0x00000c71,0x00000000,0x00050051,
0x00000006,0x00000c77,0x00000c71,0x00000001,0x00060050,0x00000015,0x00000c78,0x00000c76,
0x00000c77,0x00000c75,0x000300f7,0x00000c7c,0x00000000,0x000400fa,0x00000aa9,0x00000c7b,
0x00000c7f,0x000200f8,0x00000c7b,0x0006000c,0x00000015,0x00000c7e,0x00000001,0x00000045,
0x00000c78,0x000200f9,0x00000c7c,0x000200f8,0x00000c7f,0x000300f7,0x00000c83,0x00000000,
0x000400fa,0x00000c01,0x00000c82,0x00000c8a,0x000200f8,0x00000c82,0x000300f7,0x00001726,
0x00000000,0x000300fb,0x00000111,0x000016cc,0x000200f8,0x000016cc,0x0006000c,0x00000015,
0x000016ce,0x00000001,0x00000004,0x00000be3,0x00050051,0x00000006,0x000016d0,0x000016ce,
0x00000000,0x00050051,0x00000006,0x000016d2,0x000016ce,0x00000001,0x000500be,0x00000051,
0x000016d3,0x000016d0,0x000016d2,0x000300f7,0x000016da,0x00000000,0x000400fa,0x000016d3,
0x000016d4,0x000016da,0x000200f8,0x000016d4,0x00050051,0x00000006,0x000016d8,0x000016ce,
0x00000002,0x000500be,0x00000051,0x000016d9,0x000016d0,0x000016d8,0x000200f9,0x000016da,
0x000200f8,0x000016da,0x000700f5,0x00000051,0x000016db,0x000016d3,0x000016cc,0x000016d9,
0x000016d4,0x000300f7,0x000016f3,0x00000000,0x000400fa,0x000016db,0x000016dc,0x000016f3,
0x000200f8,0x000016dc,0x00050051,0x00000006,0x000016de,0x00000be3,0x00000000,0x0006000c,
0x00000006,0x000016df,0x00000001,0x00000006,0x000016de,0x0004007f,0x00000006,0x000016e0,
0x000016df,0x00060050,0x00000015,0x000016ef,0x000000dc,0x000000dc,0x000016e0,0x00060050,
0x00000015,0x000016f1,0x000016df,0x000000dc,0x000000dc,0x00060050,0x00000086,0x000016f2,
0x000016ef,0x00000658,0x000016f1,0x000200f9,0x00001726,0x000200f8,0x000016f3,0x00050051,
0x00000006,0x000016f7,0x000016ce,0x00000002,0x000500be,0x00000051,0x000016f8,0x000016d2,
0x000016f7,0x000300f7,0x00001710,0x00000000,0x000400fa,0x000016f8,0x000016f9,0x00001710,
0x000200f8,0x000016f9,0x00050051,0x00000006,0x000016fb,0x00000be3,0x00000001,0x0006000c,
0x00000006,0x000016fc,0x00000001,0x00000006,0x000016fb,0x0004007f,0x00000006,0x000016fd,
0x000016fc,0x00060050,0x00000015,0x0000170d,0x000000dc,0x000000dc,0x000016fd,0x00060050,
0x00000015,0x0000170e,0x000000dc,0x000016fc,0x000000dc,0x00060050,0x00000086,0x0000170f,
0x00000672,0x0000170d,0x0000170e,0x000200f9,0x00001726,0x000200f8,0x00001710,0x00050051,
0x00000006,0x00001712,0x00000be3,0x00000002,0x0006000c,0x00000006,0x00001713,0x00000001,
0x00000006,0x00001712,0x00060050,0x00000015,0x00001722,0x00001713,0x000000dc,0x000000dc,
0x00060050,0x00000015,0x00001724,0x000000dc,0x000000dc,0x00001713,0x00060050,0x00000086,
0x00001725,0x00001722,0x00000658,0x00001724,0x000200f9,0x00001726,0x000200f8,0x00001726,
0x000900f5,0x00000086,0x000021be,0x000016f2,0x000016dc,0x0000170f,0x000016f9,0x00001725,
0x00001710,0x00050091,0x00000015,0x00000c88,0x000021be,0x00000c78,0x0006000c,0x00000015,
0x00000c89,0x00000001,0x00000045,0x00000c88,0x000200f9,0x00000c83,0x000200f8,0x00000c8a,
0x00060050,0x00000086,0x00000c9a,0x00002185,0x0000218a,0x00000be3,0x00050091,0x00000015,
0x00000c9c,0x00000c9a,0x00000c78,0x0006000c,0x00000015,0x00000c9d,0x00000001,0x00000045,
0x00000c9c,0x000200f9,0x00000c83,0x000200f8,0x00000c83,0x000700f5,0x00000015,0x000021c1,
0x00000c89,0x00001726,0x00000c9d,0x00000c8a,0x000200f9,0x00000c7c,0x000200f8,0x00000c7c,
0x000700f5,0x00000015,0x000021c2,0x00000c7e,0x00000c7b,0x000021c1,0x00000c83,0x000200f9,
0x00000c1b,0x000200f8,0x00000c1b,0x000700f5,0x00000015,0x000021c5,0x00000be3,0x00000c0d,
0x000021c2,0x00000c7c,0x00060041,0x00000108,0x00000ca1,0x00000105,0x00000983,0x00000180,
0x0004003d,0x00000006,0x00000ca2,0x00000ca1,0x000500ba,0x00000051,0x00000ca3,0x00000ca2,
0x000000dc,0x000300f7,0x00000ca6,0x00000000,0x000400fa,0x00000ca3,0x00000ca5,0x00000cab,
0x000200f8,0x00000ca5,0x00050041,0x0000016f,0x00000ca7,0x00000105,0x000007d8,0x0004003d,
0x0000006d,0x00000ca8,0x00000ca7,0x0008004f,0x00000015,0x00000ca9,0x00000ca8,0x00000ca8,
0x00000000,0x00000001,0x00000002,0x0004007f,0x00000015,0x00000caa,0x00000ca9,0x000200f9,
0x00000ca6,0x000200f8,0x00000cab,0x0006000c,0x00000015,0x00000caf,0x00000001,0x00000045,
0x00000b5a,0x000200f9,0x00000ca6,0x000200f8,0x00000ca6,0x000700f5,0x00000015,0x000021c3,
0x00000caa,0x00000ca5,0x00000caf,0x00000cab,0x00060041,0x00000b95,0x00000cb2,0x0000057a,
0x00000b94,0x00000180,0x0004003d,0x00000006,0x00000cb3,0x00000cb2,0x0008000c,0x00000006,
0x00000cb4,0x00000001,0x0000002b,0x00000cb3,0x000000dc,0x000000e1,0x00050085,0x00000006,
0x00000cb8,0x00000cb6,0x00000cb4,0x00060050,0x00000015,0x00000cb9,0x00000cb8,0x00000cb8,
0x00000cb8,0x0008004f,0x00000015,0x00000cbb,0x00000b00,0x00000b00,0x00000000,0x00000001,
0x00000002,0x00060050,0x00000015,0x00000cbd,0x00000ba2,0x00000ba2,0x00000ba2,0x0008000c,
0x00000015,0x00000cbe,0x00000001,0x0000002e,0x00000cb9,0x00000cbb,0x00000cbd,0x0008000c,
0x00000006,0x00000cc2,0x00000001,0x0000002e,0x00000cb4,0x000000e1,0x00000ba2,0x00050041,
0x0000016f,0x00000cc4,0x00000105,0x0000017a,0x0004003d,0x0000006d,0x00000cc5,0x00000cc4,
0x0008004f,0x00000015,0x00000cc6,0x00000cc5,0x00000cc5,0x00000000,0x00000001,0x00000002,
0x00060041,0x00000108,0x00000cc7,0x00000105,0x00000164,0x00000180,0x0004003d,0x00000006,
0x00000cc8,0x00000cc7,0x0005008e,0x00000015,0x00000cc9,0x00000cc6,0x00000cc8,0x00050041,
0x0000016f,0x00000ccb,0x00000105,0x000007d8,0x0004003d,0x0000006d,0x00000ccc,0x00000ccb,
0x0008004f,0x00000015,0x00000ccd,0x00000ccc,0x00000ccc,0x00000000,0x00000001,0x00000002,
0x00050083,0x00000015,0x00000cd0,0x00000b59,0x00000b56,0x00050094,0x00000006,0x00000cd1,
0x00000ccd,0x00000cd0,0x0007000c,0x00000006,0x00000cd2,0x00000001,0x00000028,0x00000cd1,
0x000000dc,0x00050041,0x0000016f,0x00000cd5,0x00000105,0x00000164,0x0004003d,0x0000006d,
0x00000cd6,0x00000cd5,0x0008004f,0x00000015,0x00000cd7,0x00000cd6,0x00000cd6,0x00000000,
0x00000001,0x00000002,0x00050094,0x00000006,0x00000cd8,0x000021c5,0x00000cd7,0x000500ba,
0x00000051,0x00000cd9,0x00000cd8,0x000000dc,0x000300f7,0x00000cdc,0x00000000,0x000400fa,
0x00000cd9,0x00000cdb,0x00000ce4,0x000200f8,0x00000cdb,0x000300f7,0x000017be,0x00000000,
0x000300fb,0x00000111,0x00001742,0x000200f8,0x00001742,0x00060041,0x00000108,0x00001743,
0x00000105,0x00000317,0x00000107,0x0004003d,0x00000006,0x00001744,0x00001743,0x00050081,
0x00000006,0x00001745,0x00001744,0x00000183,0x0004006e,0x00000041,0x00001746,0x00001745,
0x000500b3,0x00000051,0x00001748,0x00001746,0x00000164,0x000300f7,0x0000174a,0x00000000,
0x000400fa,0x00001748,0x00001749,0x0000174a,0x000200f8,0x00001749,0x000200f9,0x000017be,
0x000200f8,0x0000174a,0x00050082,0x00000041,0x0000174c,0x00001746,0x0000017a,0x00060041,
0x00000108,0x0000174d,0x00000105,0x00000449,0x0000174c,0x0004003d,0x00000006,0x0000174e,
0x0000174d,0x000500ba,0x00000051,0x00001751,0x00000cd2,0x0000174e,0x000300f7,0x00001753,
0x00000000,0x000400fa,0x00001751,0x00001752,0x00001753,0x000200f8,0x00001752,0x000200f9,
0x000017be,0x000200f8,0x00001753,0x000200f9,0x00001754,0x000200f8,0x00001754,0x000700f5,
0x00000041,0x000021c6,0x00000164,0x00001753,0x00001764,0x00001762,0x000400f6,0x00001766,
0x00001762,0x00000000,0x000200f9,0x00001755,0x000200f8,0x00001755,0x000500b1,0x00000051,
0x00001759,0x000021c6,0x0000174c,0x000300f7,0x00001760,0x00000000,0x000400fa,0x00001759,
0x0000175a,0x00001760,0x000200f8,0x0000175a,0x00060041,0x00000108,0x0000175d,0x00000105,
0x00000449,0x000021c6,0x0004003d,0x00000006,0x0000175e,0x0000175d,0x000500ba,0x00000051,
0x0000175f,0x00000cd2,0x0000175e,0x000200f9,0x00001760,0x000200f8,0x00001760,0x000700f5,
0x00000051,0x00001761,0x00001759,0x00001755,0x0000175f,0x0000175a,0x000400fa,0x00001761,
0x00001762,0x00001766,0x000200f8,0x00001762,0x00050080,0x00000041,0x00001764,0x000021c6,
0x0000017a,0x000200f9,0x00001754,0x000200f8,0x00001766,0x000300f7,0x000018df,0x00000000,
0x000300fb,0x00000111,0x000017d7,0x000200f8,0x000017d7,0x00060041,0x00000108,0x000017da,
0x00000105,0x00000317,0x00000180,0x0004003d,0x00000006,0x000017db,0x000017da,0x00060041,
0x00000108,0x000017dd,0x00000105,0x0000031a,0x000021c6,0x0004003d,0x00000006,0x000017de,
0x000017dd,0x00050085,0x00000006,0x000017df,0x000017db,0x000017de,0x0005008e,0x00000015,
0x000017e0,0x000021c5,0x000017df,0x00050081,0x00000015,0x000017e1,0x00000b59,0x000017e0,
0x00060041,0x00000324,0x000017e3,0x00000105,0x00000322,0x000021c6,0x0004003d,0x000000f4,
0x000017e4,0x000017e3,0x00050051,0x00000006,0x000017e6,0x000017e1,0x00000000,0x00050051,
0x00000006,0x000017e7,0x000017e1,0x00000001,0x00050051,0x00000006,0x000017e8,0x000017e1,
0x00000002,0x00070050,0x0000006d,0x000017e9,0x000017e6,0x000017e7,0x000017e8,0x000000e1,
0x00050091,0x0000006d,0x000017ea,0x000017e4,0x000017e9,0x0008004f,0x00000015,0x000017ec,
0x000017ea,0x000017ea,0x00000000,0x00000001,0x00000002,0x00050051,0x00000006,0x000017ee,
0x000017ea,0x00000003,0x00060050,0x00000015,0x000017ef,0x000017ee,0x000017ee,0x000017ee,
0x00050088,0x00000015,0x000017f0,0x000017ec,0x000017ef,0x0007004f,0x00000021,0x000017f2,
0x000017f0,0x000017f0,0x00000000,0x00000001,0x0005008e,0x00000021,0x000017f3,0x000017f2,
0x00000183,0x00050081,0x00000021,0x000017f5,0x000017f3,0x0000055e,0x00050051,0x00000006,
0x000017f7,0x000017f0,0x00000002,0x000500bc,0x00000051,0x000017f8,0x000017f7,0x000000dc,
0x000400a8,0x00000051,0x000017f9,0x000017f8,0x000300f7,0x000017fe,0x00000000,0x000400fa,
0x000017f9,0x000017fa,0x000017fe,0x000200f8,0x000017fa,0x000500be,0x00000051,0x000017fd,
0x000017f7,0x000000e1,0x000200f9,0x000017fe,0x000200f8,0x000017fe,0x000700f5,0x00000051,
0x000017ff,0x000017f8,0x000017d7,0x000017fd,0x000017fa,0x000400a8,0x00000051,0x00001800,
0x000017ff,0x000300f7,0x00001805,0x00000000,0x000400fa,0x00001800,0x00001801,0x00001805,
0x000200f8,0x00001801,0x000500b8,0x0000022c,0x00001803,0x000017f5,0x0000022b,0x0004009a,
0x00000051,0x00001804,0x00001803,0x000200f9,0x00001805,0x000200f8,0x00001805,0x000700f5,
0x00000051,0x00001806,0x000017ff,0x000017fe,0x00001804,0x00001801,0x000400a8,0x00000051,
0x00001807,0x00001806,0x000300f7,0x0000180c,0x00000000,0x000400fa,0x00001807,0x00001808,
0x0000180c,0x000200f8,0x00001808,0x000500ba,0x0000022c,0x0000180a,0x000017f5,0x00000229,
0x0004009a,0x00000051,0x0000180b,0x0000180a,0x000200f9,0x0000180c,0x000200f8,0x0000180c,
0x000700f5,0x00000051,0x0000180d,0x00001806,0x00001805,0x0000180b,0x00001808,0x000300f7,
0x0000180f,0x00000000,0x000400fa,0x0000180d,0x0000180e,0x0000180f,0x000200f8,0x0000180e,
0x000200f9,0x000018df,0x000200f8,0x0000180f,0x000500c7,0x00000041,0x00001811,0x000021c6,
0x0000017a,0x0004006f,0x00000006,0x00001812,0x00001811,0x000500c3,0x00000041,0x00001814,
0x000021c6,0x0000017a,0x0004006f,0x00000006,0x00001815,0x00001814,0x00050050,0x00000021,
0x00001816,0x00001812,0x00001815,0x000500ad,0x00000051,0x00001818,0x00001746,0x0000017a,
0x000600a9,0x00000006,0x00001819,0x00001818,0x000001c6,0x000000e1,0x00050081,0x00000021,
0x0000181c,0x000017f5,0x00001816,0x00050050,0x00000021,0x0000181e,0x00001819,0x00001819,
0x00050088,0x00000021,0x0000181f,0x0000181c,0x0000181e,0x00060041,0x00000108,0x00001820,
0x00000105,0x00000317,0x00000111,0x0004003d,0x00000006,0x00001821,0x00001820,0x00050088,
0x00000021,0x00001825,0x00001816,0x0000181e,0x00050085,0x00000006,0x00001827,0x00001821,
0x00000183,0x00050050,0x00000021,0x00001828,0x00001827,0x00001827,0x00050081,0x00000021,
0x00001829,0x00001825,0x00001828,0x00050081,0x00000021,0x0000182c,0x00001816,0x00000229,
0x00050088,0x00000021,0x0000182f,0x0000182c,0x0000181e,0x00050083,0x00000021,0x00001833,
0x0000182f,0x00001828,0x0008000c,0x00000021,0x00001837,0x00000001,0x0000002b,0x0000181f,
0x00001829,0x00001833,0x000300f7,0x00001842,0x00000000,0x000400fa,0x00001818,0x0000183a,
0x00001841,0x000200f8,0x0000183a,0x0004006f,0x00000006,0x0000183c,0x000021c6,0x0004006f,
0x00000006,0x0000183f,0x0000174c,0x00050088,0x00000006,0x00001840,0x0000183c,0x0000183f,
0x000200f9,0x00001842,0x000200f8,0x00001841,0x000200f9,0x00001842,0x000200f8,0x00001842,
0x000700f5,0x00000006,0x000021c8,0x00001840,0x0000183a,0x000000dc,0x00001841,0x00060041,
0x00000108,0x00001844,0x00000105,0x00000392,0x00000111,0x0004003d,0x00000006,0x00001845,
0x00001844,0x00060041,0x00000108,0x00001846,0x00000105,0x00000392,0x00000107,0x0004003d,
0x00000006,0x00001847,0x00001846,0x0008000c,0x00000006,0x00001849,0x00000001,0x0000002e,
0x00001845,0x00001847,0x000021c8,0x00050081,0x00000006,0x0000184a,0x00001849,0x00000183,
0x0004006e,0x00000041,0x0000184b,0x0000184a,0x000500b3,0x00000051,0x0000184d,0x0000184b,
0x00000164,0x000300f7,0x00001859,0x00000000,0x000400fa,0x0000184d,0x0000184e,0x00001859,
0x000200f8,0x0000184e,0x0004003d,0x000003a0,0x0000184f,0x000003a2,0x00050051,0x00000006,
0x00001853,0x00001837,0x00000000,0x00050051,0x00000006,0x00001854,0x00001837,0x00000001,
0x00060050,0x00000015,0x00001855,0x00001853,0x00001854,0x000017f7,0x00060059,0x00000006,
0x00001857,0x0000184f,0x00001855,0x000017f7,0x000200f9,0x000018df,0x000200f8,0x00001859,
0x000500aa,0x00000051,0x0000185b,0x0000184b,0x0000017a,0x000300f7,0x000018b4,0x00000000,
0x000400fa,0x0000185b,0x0000185c,0x000018b4,0x000200f8,0x0000185c,0x0004003d,0x000003a0,
0x00001860,0x000003a2,0x00050085,0x00000006,0x00001864,0x00001821,0x000007c1,0x00050050,
0x00000021,0x00001868,0x00001864,0x00001864,0x00050081,0x00000021,0x00001869,0x00001837,
0x00001868,0x0008000c,0x00000021,0x0000186c,0x00000001,0x0000002b,0x00001869,0x00001829,
0x00001833,0x00050051,0x00000006,0x0000186f,0x0000186c,0x00000000,0x00050051,0x00000006,
0x00001870,0x0000186c,0x00000001,0x00060050,0x00000015,0x00001871,0x0000186f,0x00001870,
0x000017f7,0x00060059,0x00000006,0x00001873,0x00001860,0x00001871,0x000017f7,0x00050050,
0x00000021,0x0000187b,0x00001827,0x00001864,0x00050081,0x00000021,0x0000187c,0x00001837,
0x0000187b,0x0008000c,0x00000021,0x0000187f,0x00000001,0x0000002b,0x0000187c,0x00001829,
0x00001833,0x00050051,0x00000006,0x00001882,0x0000187f,0x00000000,0x00050051,0x00000006,
0x00001883,0x0000187f,0x00000001,0x00060050,0x00000015,0x00001884,0x00001882,0x00001883,
0x000017f7,0x00060059,0x00000006,0x00001886,0x00001860,0x00001884,0x000017f7,0x00050081,
0x00000006,0x00001888,0x00001873,0x00001886,0x00050050,0x00000021,0x00001890,0x00001864,
0x00001827,0x00050081,0x00000021,0x00001891,0x00001837,0x00001890,0x0008000c,0x00000021,
0x00001894,0x00000001,0x0000002b,0x00001891,0x00001829,0x00001833,0x00050051,0x00000006,
0x00001897,0x00001894,0x00000000,0x00050051,0x00000006,0x00001898,0x00001894,0x00000001,
0x00060050,0x00000015,0x00001899,0x00001897,0x00001898,0x000017f7,0x00060059,0x00000006,
0x0000189b,0x00001860,0x00001899,0x000017f7,0x00050081,0x00000006,0x0000189d,0x00001888,
0x0000189b,0x00050081,0x00000021,0x000018a5,0x00001837,0x00001828,0x0008000c,0x00000021,
0x000018a8,0x00000001,0x0000002b,0x000018a5,0x00001829,0x00001833,0x00050051,0x00000006,
0x000018ab,0x000018a8,0x00000000,0x00050051,0x00000006,0x000018ac,0x000018a8,0x00000001,
0x00060050,0x00000015,0x000018ad,0x000018ab,0x000018ac,0x000017f7,0x00060059,0x00000006,
0x000018af,0x00001860,0x000018ad,0x000017f7,0x00050081,0x00000006,0x000018b1,0x0000189d,
0x000018af,0x00050085,0x00000006,0x000018b3,0x000018b1,0x00000260,0x000200f9,0x000018df,
0x000200f8,0x000018b4,0x000200f9,0x000018b5,0x000200f8,0x000018b5,0x000700f5,0x00000006,
0x000021ca,0x000000dc,0x000018b4,0x000021cd,0x000018d9,0x000700f5,0x00000041,0x000021c9,
0x0000040f,0x000018b4,0x000018db,0x000018d9,0x000500b3,0x00000051,0x000018b8,0x000021c9,
0x0000017a,0x000400f6,0x000018dc,0x000018d9,0x00000000,0x000400fa,0x000018b8,0x000018b9,
0x000018dc,0x000200f8,0x000018b9,0x000200f9,0x000018ba,0x000200f8,0x000018ba,0x000700f5,
0x00000006,0x000021cd,0x000021ca,0x000018b9,0x000018d4,0x000018be,0x000700f5,0x00000041,
0x000021cb,0x0000040f,0x000018b9,0x000018d7,0x000018be,0x000500b3,0x00000051,0x000018bd,
0x000021cb,0x0000017a,0x000400f6,0x000018d8,0x000018be,0x00000000,0x000400fa,0x000018bd,
0x000018be,0x000018d8,0x000200f8,0x000018be,0x0004003d,0x000003a0,0x000018bf,0x000003a2,
0x0004006f,0x00000006,0x000018c2,0x000021cb,0x0004006f,0x00000006,0x000018c4,0x000021c9,
0x00050050,0x00000021,0x000018c5,0x000018c2,0x000018c4,0x0005008e,0x00000021,0x000018c7,
0x000018c5,0x00001821,0x00050081,0x00000021,0x000018c8,0x00001837,0x000018c7,0x0008000c,
0x00000021,0x000018cb,0x00000001,0x0000002b,0x000018c8,0x00001829,0x00001833,0x00050051,
0x00000006,0x000018ce,0x000018cb,0x00000000,0x00050051,0x00000006,0x000018cf,0x000018cb,
0x00000001,0x00060050,0x00000015,0x000018d0,0x000018ce,0x000018cf,0x000017f7,0x00060059,
0x00000006,0x000018d2,0x000018bf,0x000018d0,0x000017f7,0x00050081,0x00000006,0x000018d4,
0x000021cd,0x000018d2,0x00050080,0x00000041,0x000018d7,0x000021cb,0x0000017a,0x000200f9,
0x000018ba,0x000200f8,0x000018d8,0x000200f9,0x000018d9,0x000200f8,0x000018d9,0x00050080,
0x00000041,0x000018db,0x000021c9,0x0000017a,0x000200f9,0x000018b5,0x000200f8,0x000018dc,
0x00050085,0x00000006,0x000018de,0x000021ca,0x0000043a,0x000200f9,0x000018df,0x000200f8,
0x000018df,0x000b00f5,0x00000006,0x000021ce,0x000000e1,0x0000180e,0x00001857,0x0000184e,
0x000018b3,0x0000185c,0x000018de,0x000018dc,0x000500ad,0x00000051,0x0000176d,0x000021c6,
0x00000164,0x000300f7,0x00001774,0x00000000,0x000400fa,0x0000176d,0x0000176e,0x00001773,
0x000200f8,0x0000176e,0x00050082,0x00000041,0x00001770,0x000021c6,0x0000017a,0x00060041,
0x00000108,0x00001771,0x00000105,0x00000449,0x00001770,0x0004003d,0x00000006,0x00001772,
0x00001771,0x000200f9,0x00001774,0x000200f8,0x00001773,0x000200f9,0x00001774,0x000200f8,
0x00001774,0x000700f5,0x00000006,0x000021d6,0x00001772,0x0000176e,0x000000dc,0x00001773,
0x00060041,0x00000108,0x00001777,0x00000105,0x00000449,0x000021c6,0x0004003d,0x00000006,
0x00001778,0x00001777,0x00050083,0x00000006,0x0000177b,0x00001778,0x000021d6,0x0007000c,
0x00000006,0x0000177c,0x00000001,0x00000028,0x0000177b,0x00000486,0x000300f7,0x00001785,
0x00000000,0x000400fa,0x00001759,0x00001781,0x00001785,0x000200f8,0x00001781,0x00060041,
0x00000108,0x00001782,0x00000105,0x0000048e,0x00000111,0x0004003d,0x00000006,0x00001783,
0x00001782,0x000500ba,0x00000051,0x00001784,0x00001783,0x000000dc,0x000200f9,0x00001785,
0x000200f8,0x00001785,0x000700f5,0x00000051,0x00001786,0x00001759,0x00001774,0x00001784,
0x00001781,0x000300f7,0x000017bc,0x00000000,0x000400fa,0x00001786,0x00001787,0x000017a2,
0x000200f8,0x00001787,0x00060041,0x00000108,0x00001789,0x00000105,0x0000048e,0x00000111,
0x0004003d,0x00000006,0x0000178a,0x00001789,0x0004007f,0x00000006,0x00002348,0x0000177c,
0x0008000c,0x00000006,0x0000178e,0x00000001,0x00000032,0x00002348,0x0000178a,0x00001778,
0x000500ba,0x00000051,0x00001791,0x00000cd2,0x0000178e,0x000300f7,0x000017a1,0x00000000,
0x000400fa,0x00001791,0x00001792,0x000017a1,0x000200f8,0x00001792,0x00050080,0x00000041,
0x00001794,0x000021c6,0x0000017a,0x000300f7,0x00001a00,0x00000000,0x000300fb,0x00000111,
0x000018f8,0x000200f8,0x000018f8,0x00060041,0x00000108,0x000018fe,0x00000105,0x0000031a,
0x00001794,0x0004003d,0x00000006,0x000018ff,0x000018fe,0x00050085,0x00000006,0x00001900,
0x000017db,0x000018ff,0x0005008e,0x00000015,0x00001901,0x000021c5,0x00001900,0x00050081,
0x00000015,0x00001902,0x00000b59,0x00001901,0x00060041,0x00000324,0x00001904,0x00000105,
0x00000322,0x00001794,0x0004003d,0x000000f4,0x00001905,0x00001904,0x00050051,0x00000006,
0x00001907,0x00001902,0x00000000,0x00050051,0x00000006,0x00001908,0x00001902,0x00000001,
0x00050051,0x00000006,0x00001909,0x00001902,0x00000002,0x00070050,0x0000006d,0x0000190a,
0x00001907,0x00001908,0x00001909,0x000000e1,0x00050091,0x0000006d,0x0000190b,0x00001905,
0x0000190a,0x0008004f,0x00000015,0x0000190d,0x0000190b,0x0000190b,0x00000000,0x00000001,
0x00000002,0x00050051,0x00000006,0x0000190f,0x0000190b,0x00000003,0x00060050,0x00000015,
0x00001910,0x0000190f,0x0000190f,0x0000190f,0x00050088,0x00000015,0x00001911,0x0000190d,
0x00001910,0x0007004f,0x00000021,0x00001913,0x00001911,0x00001911,0x00000000,0x00000001,
0x0005008e,0x00000021,0x00001914,0x00001913,0x00000183,0x00050081,0x00000021,0x00001916,
0x00001914,0x0000055e,0x00050051,0x00000006,0x00001918,0x00001911,0x00000002,0x000500bc,
0x00000051,0x00001919,0x00001918,0x000000dc,0x000400a8,0x00000051,0x0000191a,0x00001919,
0x000300f7,0x0000191f,0x00000000,0x000400fa,0x0000191a,0x0000191b,0x0000191f,0x000200f8,
0x0000191b,0x000500be,0x00000051,0x0000191e,0x00001918,0x000000e1,0x000200f9,0x0000191f,
0x000200f8,0x0000191f,0x000700f5,0x00000051,0x00001920,0x00001919,0x000018f8,0x0000191e,
0x0000191b,0x000400a8,0x00000051,0x00001921,0x00001920,0x000300f7,0x00001926,0x00000000,
0x000400fa,0x00001921,0x00001922,0x00001926,0x000200f8,0x00001922,0x000500b8,0x0000022c,
0x00001924,0x00001916,0x0000022b,0x0004009a,0x00000051,0x00001925,0x00001924,0x000200f9,
0x00001926,0x000200f8,0x00001926,0x000700f5,0x00000051,0x00001927,0x00001920,0x0000191f,
0x00001925,0x00001922,0x000400a8,0x00000051,0x00001928,0x00001927,0x000300f7,0x0000192d,
0x00000000,0x000400fa,0x00001928,0x00001929,0x0000192d,0x000200f8,0x00001929,0x000500ba,
0x0000022c,0x0000192b,0x00001916,0x00000229,0x0004009a,0x00000051,0x0000192c,0x0000192b,
0x000200f9,0x0000192d,0x000200f8,0x0000192d,0x000700f5,0x00000051,0x0000192e,0x00001927,
0x00001926,0x0000192c,0x00001929,0x000300f7,0x00001930,0x00000000,0x000400fa,0x0000192e,
0x0000192f,0x00001930,0x000200f8,0x0000192f,0x000200f9,0x00001a00,0x000200f8,0x00001930,
0x000500c7,0x00000041,0x00001932,0x00001794,0x0000017a,0x0004006f,0x00000006,0x00001933,
0x00001932,0x000500c3,0x00000041,0x00001935,0x00001794,0x0000017a,0x0004006f,0x00000006,
0x00001936,0x00001935,0x00050050,0x00000021,0x00001937,0x00001933,0x00001936,0x000500ad,
0x00000051,0x00001939,0x00001746,0x0000017a,0x000600a9,0x00000006,0x0000193a,0x00001939,
0x000001c6,0x000000e1,0x00050081,0x00000021,0x0000193d,0x00001916,0x00001937,0x00050050,
0x00000021,0x0000193f,0x0000193a,0x0000193a,0x00050088,0x00000021,0x00001940,0x0000193d,
0x0000193f,0x00060041,0x00000108,0x00001941,0x00000105,0x00000317,0x00000111,0x0004003d,
0x00000006,0x00001942,0x00001941,0x00050088,0x00000021,0x00001946,0x00001937,0x0000193f,
0x00050085,0x00000006,0x00001948,0x00001942,0x00000183,0x00050050,0x00000021,0x00001949,
0x00001948,0x00001948,0x00050081,0x00000021,0x0000194a,0x00001946,0x00001949,0x00050081,
0x00000021,0x0000194d,0x00001937,0x00000229,0x00050088,0x00000021,0x00001950,0x0000194d,
0x0000193f,0x00050083,0x00000021,0x00001954,0x00001950,0x00001949,0x0008000c,0x00000021,
0x00001958,0x00000001,0x0000002b,0x00001940,0x0000194a,0x00001954,0x000300f7,0x00001963,
0x00000000,0x000400fa,0x00001939,0x0000195b,0x00001962,0x000200f8,0x0000195b,0x0004006f,
0x00000006,0x0000195d,0x00001794,0x0004006f,0x00000006,0x00001960,0x0000174c,0x00050088,
0x00000006,0x00001961,0x0000195d,0x00001960,0x000200f9,0x00001963,0x000200f8,0x00001962,
0x000200f9,0x00001963,0x000200f8,0x00001963,0x000700f5,0x00000006,0x000021dc,0x00001961,
0x0000195b,0x000000dc,0x00001962,0x00060041,0x00000108,0x00001965,0x00000105,0x00000392,
0x00000111,0x0004003d,0x00000006,0x00001966,0x00001965,0x00060041,0x00000108,0x00001967,
0x00000105,0x00000392,0x00000107,0x0004003d,0x00000006,0x00001968,0x00001967,0x0008000c,
0x00000006,0x0000196a,0x00000001,0x0000002e,0x00001966,0x00001968,0x000021dc,0x00050081,
0x00000006,0x0000196b,0x0000196a,0x00000183,0x0004006e,0x00000041,0x0000196c,0x0000196b,
0x000500b3,0x00000051,0x0000196e,0x0000196c,0x00000164,0x000300f7,0x0000197a,0x00000000,
0x000400fa,0x0000196e,0x0000196f,0x0000197a,0x000200f8,0x0000196f,0x0004003d,0x000003a0,
0x00001970,0x000003a2,0x00050051,0x00000006,0x00001974,0x00001958,0x00000000,0x00050051,
0x00000006,0x00001975,0x00001958,0x00000001,0x00060050,0x00000015,0x00001976,0x00001974,
0x00001975,0x00001918,0x00060059,0x00000006,0x00001978,0x00001970,0x00001976,0x00001918,
0x000200f9,0x00001a00,0x000200f8,0x0000197a,0x000500aa,0x00000051,0x0000197c,0x0000196c,
0x0000017a,0x000300f7,0x000019d5,0x00000000,0x000400fa,0x0000197c,0x0000197d,0x000019d5,
0x000200f8,0x0000197d,0x0004003d,0x000003a0,0x00001981,0x000003a2,0x00050085,0x00000006,
0x00001985,0x00001942,0x000007c1,0x00050050,0x00000021,0x00001989,0x00001985,0x00001985,
0x00050081,0x00000021,0x0000198a,0x00001958,0x00001989,0x0008000c,0x00000021,0x0000198d,
0x00000001,0x0000002b,0x0000198a,0x0000194a,0x00001954,0x00050051,0x00000006,0x00001990,
0x0000198d,0x00000000,0x00050051,0x00000006,0x00001991,0x0000198d,0x00000001,0x00060050,
0x00000015,0x00001992,0x00001990,0x00001991,0x00001918,0x00060059,0x00000006,0x00001994,
0x00001981,0x00001992,0x00001918,0x00050050,0x00000021,0x0000199c,0x00001948,0x00001985,
0x00050081,0x00000021,0x0000199d,0x00001958,0x0000199c,0x0008000c,0x00000021,0x000019a0,
0x00000001,0x0000002b,0x0000199d,0x0000194a,0x00001954,0x00050051,0x00000006,0x000019a3,
0x000019a0,0x00000000,0x00050051,0x00000006,0x000019a4,0x000019a0,0x00000001,0x00060050,
0x00000015,0x000019a5,0x000019a3,0x000019a4,0x00001918,0x00060059,0x00000006,0x000019a7,
0x00001981,0x000019a5,0x00001918,0x00050081,0x00000006,0x000019a9,0x00001994,0x000019a7,
0x00050050,0x00000021,0x000019b1,0x00001985,0x00001948,0x00050081,0x00000021,0x000019b2,
0x00001958,0x000019b1,0x0008000c,0x00000021,0x000019b5,0x00000001,0x0000002b,0x000019b2,
0x0000194a,0x00001954,0x00050051,0x00000006,0x000019b8,0x000019b5,0x00000000,0x00050051,
0x00000006,0x000019b9,0x000019b5,0x00000001,0x00060050,0x00000015,0x000019ba,0x000019b8,
0x000019b9,0x00001918,0x00060059,0x00000006,0x000019bc,0x00001981,0x000019ba,0x00001918,
0x00050081,0x00000006,0x000019be,0x000019a9,0x000019bc,0x00050081,0x00000021,0x000019c6,
0x00001958,0x00001949,0x0008000c,0x00000021,0x000019c9,0x00000001,0x0000002b,0x000019c6,
0x0000194a,0x00001954,0x00050051,0x00000006,0x000019cc,0x000019c9,0x00000000,0x00050051,
0x00000006,0x000019cd,0x000019c9,0x00000001,0x00060050,0x00000015,0x000019ce,0x000019cc,
0x000019cd,0x00001918,0x00060059,0x00000006,0x000019d0,0x00001981,0x000019ce,0x00001918,
0x00050081,0x00000006,0x000019d2,0x000019be,0x000019d0,0x00050085,0x00000006,0x000019d4,
0x000019d2,0x00000260,0x000200f9,0x00001a00,0x000200f8,0x000019d5,0x000200f9,0x000019d6,
0x000200f8,0x000019d6,0x000700f5,0x00000006,0x000021de,0x000000dc,0x000019d5,0x000021e1,
0x000019fa,0x000700f5,0x00000041,0x000021dd,0x0000040f,0x000019d5,0x000019fc,0x000019fa,
0x000500b3,0x00000051,0x000019d9,0x000021dd,0x0000017a,0x000400f6,0x000019fd,0x000019fa,
0x00000000,0x000400fa,0x000019d9,0x000019da,0x000019fd,0x000200f8,0x000019da,0x000200f9,
0x000019db,0x000200f8,0x000019db,0x000700f5,0x00000006,0x000021e1,0x000021de,0x000019da,
0x000019f5,0x000019df,0x000700f5,0x00000041,0x000021df,0x0000040f,0x000019da,0x000019f8,
0x000019df,0x000500b3,0x00000051,0x000019de,0x000021df,0x0000017a,0x000400f6,0x000019f9,
0x000019df,0x00000000,0x000400fa,0x000019de,0x000019df,0x000019f9,0x000200f8,0x000019df,
0x0004003d,0x000003a0,0x000019e0,0x000003a2,0x0004006f,0x00000006,0x000019e3,0x000021df,
0x0004006f,0x00000006,0x000019e5,0x000021dd,0x00050050,0x00000021,0x000019e6,0x000019e3,
0x000019e5,0x0005008e,0x00000021,0x000019e8,0x000019e6,0x00001942,0x00050081,0x00000021,
0x000019e9,0x00001958,0x000019e8,0x0008000c,0x00000021,0x000019ec,0x00000001,0x0000002b,
0x000019e9,0x0000194a,0x00001954,0x00050051,0x00000006,0x000019ef,0x000019ec,0x00000000,
0x00050051,0x00000006,0x000019f0,0x000019ec,0x00000001,0x00060050,0x00000015,0x000019f1,
0x000019ef,0x000019f0,0x00001918,0x00060059,0x00000006,0x000019f3,0x000019e0,0x000019f1,
0x00001918,0x00050081,0x00000006,0x000019f5,0x000021e1,0x000019f3,0x00050080,0x00000041,
0x000019f8,0x000021df,0x0000017a,0x000200f9,0x000019db,0x000200f8,0x000019f9,0x000200f9,
0x000019fa,0x000200f8,0x000019fa,0x00050080,0x00000041,0x000019fc,0x000021dd,0x0000017a,
0x000200f9,0x000019d6,0x000200f8,0x000019fd,0x00050085,0x00000006,0x000019ff,0x000021de,
0x0000043a,0x000200f9,0x00001a00,0x000200f8,0x00001a00,0x000b00f5,0x00000006,0x000021e2,
0x000000e1,0x0000192f,0x00001978,0x0000196f,0x000019d4,0x0000197d,0x000019ff,0x000019fd,
0x0008000c,0x00000006,0x0000179c,0x00000001,0x00000031,0x0000178e,0x00001778,0x00000cd2,
0x0008000c,0x00000006,0x000017a0,0x00000001,0x0000002e,0x000021ce,0x000021e2,0x0000179c,
0x000200f9,0x000017a1,0x000200f8,0x000017a1,0x000700f5,0x00000006,0x000021eb,0x000021ce,
0x00001787,0x000017a0,0x00001a00,0x000200f9,0x000017bc,0x000200f8,0x000017a2,0x000500aa,
0x00000051,0x000017a6,0x000021c6,0x0000174c,0x000300f7,0x000017ab,0x00000000,0x000400fa,
0x000017a6,0x000017a7,0x000017ab,0x000200f8,0x000017a7,0x00060041,0x00000108,0x000017a8,
0x00000105,0x0000048e,0x00000107,0x0004003d,0x00000006,0x000017a9,0x000017a8,0x000500ba,
0x00000051,0x000017aa,0x000017a9,0x000000dc,0x000200f9,0x000017ab,0x000200f8,0x000017ab,
0x000700f5,0x00000051,0x000017ac,0x000017a6,0x000017a2,0x000017aa,0x000017a7,0x000300f7,
0x000017bb,0x00000000,0x000400fa,0x000017ac,0x000017ad,0x000017bb,0x000200f8,0x000017ad,
0x00060041,0x00000108,0x000017af,0x00000105,0x0000048e,0x00000107,0x0004003d,0x00000006,
0x000017b0,0x000017af,0x0004007f,0x00000006,0x00002347,0x0000177c,0x0008000c,0x00000006,
0x000017b4,0x00000001,0x00000032,0x00002347,0x000017b0,0x00001778,0x0008000c,0x00000006,
0x000017b9,0x00000001,0x00000031,0x000017b4,0x00001778,0x00000cd2,0x0008000c,0x00000006,
0x000017ba,0x00000001,0x0000002e,0x000021ce,0x000000e1,0x000017b9,0x000200f9,0x000017bb,
0x000200f8,0x000017bb,0x000700f5,0x00000006,0x000021ec,0x000021ce,0x000017ab,0x000017ba,
0x000017ad,0x000200f9,0x000017bc,0x000200f8,0x000017bc,0x000700f5,0x00000006,0x000021ea,
0x000021eb,0x000017a1,0x000021ec,0x000017bb,0x000200f9,0x000017be,0x000200f8,0x000017be,
0x000900f5,0x00000006,0x000021ed,0x000000e1,0x00001749,0x000000e1,0x00001752,0x000021ea,
0x000017bc,0x000200f9,0x00000cdc,0x000200f8,0x00000ce4,0x000200f9,0x00000cdc,0x000200f8,
0x00000cdc,0x000700f5,0x00000006,0x000021ee,0x000021ed,0x000017be,0x000000e1,0x00000ce4,
0x000300f7,0x00001a71,0x00000000,0x000300fb,0x00000111,0x00001a1b,0x000200f8,0x00001a1b,
0x00050094,0x00000006,0x00001a1e,0x000021c5,0x00000cd7,0x000500bc,0x00000051,0x00001a20,
0x00001a1e,0x000000dc,0x000300f7,0x00001a22,0x00000000,0x000400fa,0x00001a20,0x00001a21,
0x00001a22,0x000200f8,0x00001a21,0x000200f9,0x00001a71,0x000200f8,0x00001a22,0x00050094,
0x00000006,0x00001a25,0x000021c5,0x000021c3,0x0007000c,0x00000006,0x00001a26,0x00000001,
0x00000028,0x00001a25,0x00000486,0x00050081,0x00000015,0x00001a29,0x000021c3,0x00000cd7,
0x0006000c,0x00000015,0x00001a2a,0x00000001,0x00000045,0x00001a29,0x00050094,0x00000006,
0x00001a2d,0x000021c5,0x00001a2a,0x0007000c,0x00000006,0x00001a2e,0x00000001,0x00000028,
0x00001a2d,0x000000dc,0x00050094,0x00000006,0x00001a31,0x00000cd7,0x00001a2a,0x0007000c,
0x00000006,0x00001a32,0x00000001,0x00000028,0x00001a31,0x000000dc,0x00060050,0x00000015,
0x00001a78,0x00000cc2,0x00000cc2,0x00000cc2,0x00050083,0x00000015,0x00001a7a,0x00001a78,
0x00000cbe,0x0008000c,0x00000006,0x00001a7c,0x00000001,0x0000002b,0x00001a32,0x000000dc,
0x000000e1,0x00050083,0x00000006,0x00001a7d,0x000000e1,0x00001a7c,0x00050085,0x00000006,
0x00001a86,0x00001a7d,0x00001a7d,0x00050085,0x00000006,0x00001a89,0x00001a86,0x00001a86,
0x00050085,0x00000006,0x00001a8b,0x00001a89,0x00001a7d,0x0005008e,0x00000015,0x00001a7f,
0x00001a7a,0x00001a8b,0x00050081,0x00000015,0x00001a80,0x00000cbe,0x00001a7f,0x00050085,
0x00000006,0x00001a39,0x00000b9a,0x00000b9a,0x00050085,0x00000006,0x00001a3b,0x000001c6,
0x00000b9a,0x00050085,0x00000006,0x00001a3d,0x00001a3b,0x00001a32,0x0008000c,0x00000006,
0x00001a40,0x00000001,0x00000032,0x00001a3d,0x00001a32,0x00000183,0x00050083,0x00000006,
0x00001a42,0x00001a40,0x000000e1,0x00050083,0x00000006,0x00001a44,0x000000e1,0x00001a1e,
0x00050085,0x00000006,0x00001a91,0x00001a44,0x00001a44,0x00050085,0x00000006,0x00001a94,
0x00001a91,0x00001a91,0x00050085,0x00000006,0x00001a96,0x00001a94,0x00001a44,0x0008000c,
0x00000006,0x00001a47,0x00000001,0x00000032,0x00001a42,0x00001a96,0x000000e1,0x00050083,
0x00000006,0x00001a4b,0x000000e1,0x00001a26,0x00050085,0x00000006,0x00001a9c,0x00001a4b,
0x00001a4b,0x00050085,0x00000006,0x00001a9f,0x00001a9c,0x00001a9c,0x00050085,0x00000006,
0x00001aa1,0x00001a9f,0x00001a4b,0x0008000c,0x00000006,0x00001a4e,0x00000001,0x00000032,
0x00001a42,0x00001aa1,0x000000e1,0x00050085,0x00000006,0x00001a4f,0x00001a47,0x00001a4e,
0x00050085,0x00000006,0x00001a50,0x00001a4f,0x00002349,0x000500ba,0x00000051,0x00001a52,
0x00000cc2,0x000000dc,0x000300f7,0x00001a5d,0x00000000,0x000400fa,0x00001a52,0x00001a53,
0x00001a5c,0x000200f8,0x00001a53,0x00050085,0x00000006,0x00001aaf,0x00001a39,0x00001a39,
0x00050085,0x00000006,0x00001ab2,0x00001a2e,0x00001a2e,0x0008000c,0x00000006,0x00001ab4,
0x00000001,0x00000032,0x00001a39,0x00001a39,0x000001e2,0x0008000c,0x00000006,0x00001ab6,
0x00000001,0x00000032,0x00001ab2,0x00001ab4,0x000000e1,0x00050085,0x00000006,0x00001ab9,
0x0000019b,0x00001ab6,0x00050085,0x00000006,0x00001abb,0x00001ab9,0x00001ab6,0x00050088,
0x00000006,0x00001abc,0x00001aaf,0x00001abb,0x00050085,0x00000006,0x00001acf,0x00001a26,
0x00001a26,0x0004007f,0x00000006,0x0000234b,0x00001a39,0x0008000c,0x00000006,0x00001ad1,
0x00000001,0x00000032,0x0000234b,0x00001a39,0x000000e1,0x0008000c,0x00000006,0x00001ad4,
0x00000001,0x00000032,0x00001acf,0x00001ad1,0x00001aaf,0x0006000c,0x00000006,0x00001ad5,
0x00000001,0x0000001f,0x00001ad4,0x00050085,0x00000006,0x00001ada,0x00001a1e,0x00001a1e,
0x0008000c,0x00000006,0x00001adf,0x00000001,0x00000032,0x00001ada,0x00001ad1,0x00001aaf,
0x0006000c,0x00000006,0x00001ae0,0x00000001,0x0000001f,0x00001adf,0x00050085,0x00000006,
0x00001ae1,0x00001a26,0x00001ae0,0x0008000c,0x00000006,0x00001ae2,0x00000001,0x00000032,
0x00001a1e,0x00001ad5,0x00001ae1,0x0007000c,0x00000006,0x00001ae3,0x00000001,0x00000028,
0x00001ae2,0x000005ca,0x00050088,0x00000006,0x00001ae4,0x00000183,0x00001ae3,0x00050085,
0x00000006,0x00001a5b,0x00001abc,0x00001ae4,0x000200f9,0x00001a5d,0x000200f8,0x00001a5c,
0x000200f9,0x00001a5d,0x000200f8,0x00001a5d,0x000700f5,0x00000006,0x00002207,0x00001a5b,
0x00001a53,0x000000dc,0x00001a5c,0x00050083,0x00000015,0x00001a61,0x000002d3,0x00001a80,
0x00050083,0x00000006,0x00001a63,0x000000e1,0x00000ba2,0x0005008e,0x00000015,0x00001a64,
0x00001a61,0x00001a63,0x00050085,0x00000015,0x00001a66,0x00001a64,0x00000cbb,0x0005008e,
0x00000015,0x00001a68,0x00001a66,0x00001a50,0x0005008e,0x00000015,0x00001a6b,0x00001a80,
0x00002207,0x00050081,0x00000015,0x00001a6c,0x00001a68,0x00001a6b,0x00050085,0x00000015,
0x00001a6e,0x00001a6c,0x00000cc9,0x0005008e,0x00000015,0x00001a70,0x00001a6e,0x00001a1e,
0x000200f9,0x00001a71,0x000200f8,0x00001a71,0x000700f5,0x00000015,0x00002208,0x00000162,
0x00001a21,0x00001a70,0x00001a5d,0x0005008e,0x00000015,0x00000cfe,0x00002208,0x000021ee,
0x00060041,0x00000108,0x00001b04,0x00000105,0x000008e4,0x00000111,0x0004003d,0x00000006,
0x00001b05,0x00001b04,0x00050081,0x00000006,0x00001b06,0x00001b05,0x00000183,0x0004006e,
0x00000041,0x00001b07,0x00001b06,0x000200f9,0x00001b08,0x000200f8,0x00001b08,0x000700f5,
0x00000015,0x00002218,0x00000162,0x00001a71,0x00002337,0x00001b75,0x000700f5,0x00000041,
0x0000220b,0x00000164,0x00001a71,0x00001b77,0x00001b75,0x000500b1,0x00000051,0x00001b0b,
0x0000220b,0x0000018e,0x000400f6,0x00001b78,0x00001b75,0x00000000,0x000400fa,0x00001b0b,
0x00001b0c,0x00001b78,0x000200f8,0x00001b0c,0x000500af,0x00000051,0x00001b0f,0x0000220b,
0x00001b07,0x000300f7,0x00001b11,0x00000000,0x000400fa,0x00001b0f,0x00001b10,0x00001b11,
0x000200f8,0x00001b10,0x000200f9,0x00001b78,0x000200f8,0x00001b11,0x00050084,0x00000041,
0x00001b13,0x0000220b,0x000004f4,0x00060041,0x0000016f,0x00001b14,0x00000105,0x000008f9,
0x00001b13,0x0004003d,0x0000006d,0x00001b15,0x00001b14,0x00050080,0x00000041,0x00001b18,
0x00001b13,0x0000017a,0x00060041,0x0000016f,0x00001b19,0x00000105,0x000008f9,0x00001b18,
0x0004003d,0x0000006d,0x00001b1a,0x00001b19,0x00050080,0x00000041,0x00001b1d,0x00001b13,
0x00000198,0x00060041,0x0000016f,0x00001b1e,0x00000105,0x000008f9,0x00001b1d,0x0004003d,
0x0000006d,0x00001b1f,0x00001b1e,0x00050080,0x00000041,0x00001b22,0x00001b13,0x00000106,
0x00060041,0x0000016f,0x00001b23,0x00000105,0x000008f9,0x00001b22,0x0004003d,0x0000006d,
0x00001b24,0x00001b23,0x0008004f,0x00000015,0x00001b26,0x00001b15,0x00001b15,0x00000000,
0x00000001,0x00000002,0x00050083,0x00000015,0x00001b28,0x00001b26,0x00000b59,0x00050094,
0x00000006,0x00001b2b,0x00001b28,0x00001b28,0x0007000c,0x00000006,0x00001b2d,0x00000001,
0x00000028,0x00001b2b,0x00000486,0x0006000c,0x00000006,0x00001b30,0x00000001,0x00000020,
0x00001b2d,0x0005008e,0x00000015,0x00001b31,0x00001b28,0x00001b30,0x00050051,0x00000006,
0x00001b34,0x00001b15,0x00000003,0x00050085,0x00000006,0x00001b37,0x00001b34,0x00001b34,
0x0007000c,0x00000006,0x00001b38,0x00000001,0x00000028,0x00001b37,0x00000486,0x00050088,
0x00000006,0x00001b39,0x00001b2b,0x00001b38,0x0004007f,0x00000006,0x0000234c,0x00001b39,
0x0008000c,0x00000006,0x00001b3d,0x00000001,0x00000032,0x0000234c,0x00001b39,0x000000e1,
0x0008000c,0x00000006,0x00001b3e,0x00000001,0x0000002b,0x00001b3d,0x000000dc,0x000000e1,
0x00050085,0x00000006,0x00001b41,0x00001b3e,0x00001b3e,0x000500bc,0x00000051,0x00001b43,
0x00001b41,0x000000dc,0x000300f7,0x00001b45,0x00000000,0x000400fa,0x00001b43,0x00001b44,
0x00001b45,0x000200f8,0x00001b44,0x000200f9,0x00001b75,0x000200f8,0x00001b45,0x0008004f,
0x00000015,0x00001b47,0x00001b1f,0x00001b1f,0x00000000,0x00000001,0x00000002,0x0004007f,
0x00000015,0x00001b49,0x00001b31,0x00050094,0x00000006,0x00001b4a,0x00001b47,0x00001b49,
0x00050051,0x00000006,0x00001b4c,0x00001b1a,0x00000003,0x00050051,0x00000006,0x00001b4f,
0x00001b1f,0x00000003,0x0008000c,0x00000006,0x00001b50,0x00000001,0x00000032,0x00001b4a,
0x00001b4c,0x00001b4f,0x0008000c,0x00000006,0x00001b51,0x00000001,0x0000002b,0x00001b50,
0x000000dc,0x000000e1,0x00050085,0x00000006,0x00001b54,0x00001b51,0x00001b51,0x000500bc,
0x00000051,0x00001b56,0x00001b54,0x000000dc,0x000300f7,0x00001b58,0x00000000,0x000400fa,
0x00001b56,0x00001b57,0x00001b58,0x000200f8,0x00001b57,0x000200f9,0x00001b75,0x000200f8,
0x00001b58,0x0004007f,0x00000015,0x00001b5a,0x00001b28,0x000300f7,0x00001c9b,0x00000000,
0x000300fb,0x00000111,0x00001b8f,0x000200f8,0x00001b8f,0x00050051,0x00000006,0x00001b91,
0x00001b24,0x00000000,0x00050081,0x00000006,0x00001b92,0x00001b91,0x00000183,0x0004006e,
0x00000041,0x00001b93,0x00001b92,0x000500b8,0x00000051,0x00001b96,0x00001b91,0x000007c1,
0x000400a8,0x00000051,0x00001b97,0x00001b96,0x000300f7,0x00001b9f,0x00000000,0x000400fa,
0x00001b97,0x00001b98,0x00001b9f,0x000200f8,0x00001b98,0x00060041,0x00000108,0x00001b9a,
0x00000105,0x000007c7,0x00000111,0x0004003d,0x00000006,0x00001b9b,0x00001b9a,0x00050081,
0x00000006,0x00001b9c,0x00001b9b,0x00000183,0x0004006e,0x00000041,0x00001b9d,0x00001b9c,
0x000500af,0x00000051,0x00001b9e,0x00001b93,0x00001b9d,0x000200f9,0x00001b9f,0x000200f8,
0x00001b9f,0x000700f5,0x00000051,0x00001ba0,0x00001b96,0x00001b8f,0x00001b9e,0x00001b98,
0x000300f7,0x00001ba2,0x00000000,0x000400fa,0x00001ba0,0x00001ba1,0x00001ba2,0x000200f8,
0x00001ba1,0x000200f9,0x00001c9b,0x000200f8,0x00001ba2,0x00050051,0x00000006,0x00001ba4,
0x00001b24,0x00000001,0x00050081,0x00000006,0x00001ba5,0x00001ba4,0x00000183,0x0004006e,
0x00000041,0x00001ba6,0x00001ba5,0x000500af,0x00000051,0x00001ba8,0x00001ba6,0x000007d8,
0x000300f7,0x00001baf,0x00000000,0x000400fa,0x00001ba8,0x00001baa,0x00001bad,0x000200f8,
0x00001baa,0x00050082,0x00000041,0x00001bac,0x00001ba6,0x000007d8,0x000200f9,0x00001baf,
0x000200f8,0x00001bad,0x000200f9,0x00001baf,0x000200f8,0x00001baf,0x000700f5,0x00000041,
0x0000220c,0x00001bac,0x00001baa,0x00001ba6,0x00001bad,0x000500aa,0x00000051,0x00001bb3,
0x0000220c,0x000001b0,0x000300f7,0x00001be1,0x00000000,0x000400fa,0x00001bb3,0x00001bb4,
0x00001be1,0x000200f8,0x00001bb4,0x0006000c,0x00000015,0x00001bb6,0x00000001,0x00000004,
0x00001b5a,0x00050051,0x00000006,0x00001bb8,0x00001bb6,0x00000000,0x00050051,0x00000006,
0x00001bba,0x00001bb6,0x00000001,0x000500be,0x00000051,0x00001bbb,0x00001bb8,0x00001bba,
0x000300f7,0x00001bc2,0x00000000,0x000400fa,0x00001bbb,0x00001bbc,0x00001bc2,0x000200f8,
0x00001bbc,0x00050051,0x00000006,0x00001bc0,0x00001bb6,0x00000002,0x000500be,0x00000051,
0x00001bc1,0x00001bb8,0x00001bc0,0x000200f9,0x00001bc2,0x000200f8,0x00001bc2,0x000700f5,
0x00000051,0x00001bc3,0x00001bbb,0x00001bb4,0x00001bc1,0x00001bbc,0x000300f7,0x00001be0,
0x00000000,0x000400fa,0x00001bc3,0x00001bc4,0x00001bcb,0x000200f8,0x00001bc4,0x00050051,
0x00000006,0x00001bc6,0x00001b5a,0x00000000,0x000500be,0x00000051,0x00001bc7,0x00001bc6,
0x000000dc,0x000600a9,0x00000041,0x00001bc8,0x00001bc7,0x00000164,0x0000017a,0x00050080,
0x00000041,0x00001bca,0x00001b93,0x00001bc8,0x000200f9,0x00001be0,0x000200f8,0x00001bcb,
0x00050051,0x00000006,0x00001bcf,0x00001bb6,0x00000002,0x000500be,0x00000051,0x00001bd0,
0x00001bba,0x00001bcf,0x000300f7,0x00001bdf,0x00000000,0x000400fa,0x00001bd0,0x00001bd1,
0x00001bd8,0x000200f8,0x00001bd1,0x00050051,0x00000006,0x00001bd3,0x00001b5a,0x00000001,
0x000500be,0x00000051,0x00001bd4,0x00001bd3,0x000000dc,0x000600a9,0x00000041,0x00001bd5,
0x00001bd4,0x00000198,0x00000106,0x00050080,0x00000041,0x00001bd7,0x00001b93,0x00001bd5,
0x000200f9,0x00001bdf,0x000200f8,0x00001bd8,0x00050051,0x00000006,0x00001bda,0x00001b5a,
0x00000002,0x000500be,0x00000051,0x00001bdb,0x00001bda,0x000000dc,0x000600a9,0x00000041,
0x00001bdc,0x00001bdb,0x000004f4,0x00000814,0x00050080,0x00000041,0x00001bde,0x00001b93,
0x00001bdc,0x000200f9,0x00001bdf,0x000200f8,0x00001bdf,0x000700f5,0x00000041,0x00002210,
0x00001bd7,0x00001bd1,0x00001bde,0x00001bd8,0x000200f9,0x00001be0,0x000200f8,0x00001be0,
0x000700f5,0x00000041,0x0000220f,0x00001bca,0x00001bc4,0x00002210,0x00001bdf,0x000200f9,
0x00001be1,0x000200f8,0x00001be1,0x000700f5,0x00000041,0x0000220e,0x00001b93,0x00001baf,
0x0000220f,0x00001be0,0x00060041,0x0000016f,0x00001be3,0x00000105,0x00000819,0x0000220e,
0x0004003d,0x0000006d,0x00001be4,0x00001be3,0x00050051,0x00000006,0x00001be8,0x00001be4,
0x00000003,0x00050051,0x00000006,0x00001bea,0x00001b24,0x00000003,0x00050085,0x00000006,
0x00001beb,0x00001be8,0x00001bea,0x0005008e,0x00000015,0x00001bec,0x000021c5,0x00001beb,
0x00050081,0x00000015,0x00001bed,0x00000b59,0x00001bec,0x00060041,0x00000324,0x00001bef,
0x00000105,0x00000828,0x0000220e,0x0004003d,0x000000f4,0x00001bf0,0x00001bef,0x00050051,
0x00000006,0x00001bf2,0x00001bed,0x00000000,0x00050051,0x00000006,0x00001bf3,0x00001bed,
0x00000001,0x00050051,0x00000006,0x00001bf4,0x00001bed,0x00000002,0x00070050,0x0000006d,
0x00001bf5,0x00001bf2,0x00001bf3,0x00001bf4,0x000000e1,0x00050091,0x0000006d,0x00001bf6,
0x00001bf0,0x00001bf5,0x00050051,0x00000006,0x00001bf8,0x00001bf6,0x00000003,0x000500bc,
0x00000051,0x00001bf9,0x00001bf8,0x00000834,0x000300f7,0x00001bfb,0x00000000,0x000400fa,
0x00001bf9,0x00001bfa,0x00001bfb,0x000200f8,0x00001bfa,0x000200f9,0x00001c9b,0x000200f8,
0x00001bfb,0x0008004f,0x00000015,0x00001bfd,0x00001bf6,0x00001bf6,0x00000000,0x00000001,
0x00000002,0x00060050,0x00000015,0x00001c00,0x00001bf8,0x00001bf8,0x00001bf8,0x00050088,
0x00000015,0x00001c01,0x00001bfd,0x00001c00,0x00050051,0x00000006,0x00001c03,0x00001c01,
0x00000000,0x0006000c,0x00000006,0x00001c04,0x00000001,0x00000004,0x00001c03,0x000500ba,
0x00000051,0x00001c05,0x00001c04,0x000000e1,0x000400a8,0x00000051,0x00001c06,0x00001c05,
0x000300f7,0x00001c0c,0x00000000,0x000400fa,0x00001c06,0x00001c07,0x00001c0c,0x000200f8,
0x00001c07,0x00050051,0x00000006,0x00001c09,0x00001c01,0x00000001,0x0006000c,0x00000006,
0x00001c0a,0x00000001,0x00000004,0x00001c09,0x000500ba,0x00000051,0x00001c0b,0x00001c0a,
0x000000e1,0x000200f9,0x00001c0c,0x000200f8,0x00001c0c,0x000700f5,0x00000051,0x00001c0d,
0x00001c05,0x00001bfb,0x00001c0b,0x00001c07,0x000400a8,0x00000051,0x00001c0e,0x00001c0d,
0x000300f7,0x00001c13,0x00000000,0x000400fa,0x00001c0e,0x00001c0f,0x00001c13,0x000200f8,
0x00001c0f,0x00050051,0x00000006,0x00001c11,0x00001c01,0x00000002,0x000500b8,0x00000051,
0x00001c12,0x00001c11,0x000000dc,0x000200f9,0x00001c13,0x000200f8,0x00001c13,0x000700f5,
0x00000051,0x00001c14,0x00001c0d,0x00001c0c,0x00001c12,0x00001c0f,0x000400a8,0x00000051,
0x00001c15,0x00001c14,0x000300f7,0x00001c1a,0x00000000,0x000400fa,0x00001c15,0x00001c16,
0x00001c1a,0x000200f8,0x00001c16,0x00050051,0x00000006,0x00001c18,0x00001c01,0x00000002,
0x000500ba,0x00000051,0x00001c19,0x00001c18,0x000000e1,0x000200f9,0x00001c1a,0x000200f8,
0x00001c1a,0x000700f5,0x00000051,0x00001c1b,0x00001c14,0x00001c13,0x00001c19,0x00001c16,
0x000300f7,0x00001c1d,0x00000000,0x000400fa,0x00001c1b,0x00001c1c,0x00001c1d,0x000200f8,
0x00001c1c,0x000200f9,0x00001c9b,0x000200f8,0x00001c1d,0x0007004f,0x00000021,0x00001c1f,
0x00001be4,0x00001be4,0x00000000,0x00000001,0x0007004f,0x00000021,0x00001c21,0x00001c01,
0x00001c01,0x00000000,0x00000001,0x0005008e,0x00000021,0x00001c22,0x00001c21,0x00000183,
0x00050081,0x00000021,0x00001c24,0x00001c22,0x0000055e,0x00050051,0x00000006,0x00001c26,
0x00001be4,0x00000002,0x0005008e,0x00000021,0x00001c27,0x00001c24,0x00001c26,0x00050081,
0x00000021,0x00001c28,0x00001c1f,0x00001c27,0x000300f7,0x00001c94,0x00000000,0x000400fa,
0x00001ba8,0x00001c2a,0x00001c8a,0x000200f8,0x00001c2a,0x00060041,0x00000108,0x00001c2b,
0x00000105,0x000007c7,0x00000107,0x0004003d,0x00000006,0x00001c2c,0x00001c2b,0x00050085,
0x00000006,0x00001c2d,0x00001c2c,0x00000261,0x00050050,0x00000021,0x00001c2e,0x00001c2d,
0x00001c2d,0x00050081,0x00000021,0x00001c32,0x00001c1f,0x00001c2e,0x0007004f,0x00000021,
0x00001c36,0x00001be4,0x00001be4,0x00000002,0x00000002,0x00050081,0x00000021,0x00001c37,
0x00001c1f,0x00001c36,0x00050083,0x00000021,0x00001c39,0x00001c37,0x00001c2e,0x0004003d,
0x000003a0,0x00001c3a,0x0000087f,0x00050085,0x00000006,0x00001c3e,0x00001c2c,0x0000234d,
0x00050050,0x00000021,0x00001c42,0x00001c3e,0x00001c3e,0x00050081,0x00000021,0x00001c43,
0x00001c28,0x00001c42,0x0008000c,0x00000021,0x00001c46,0x00000001,0x0000002b,0x00001c43,
0x00001c32,0x00001c39,0x00050051,0x00000006,0x00001c48,0x00001c01,0x00000002,0x00050051,
0x00000006,0x00001c49,0x00001c46,0x00000000,0x00050051,0x00000006,0x00001c4a,0x00001c46,
0x00000001,0x00060050,0x00000015,0x00001c4b,0x00001c49,0x00001c4a,0x00001c48,0x00060059,
0x00000006,0x00001c4d,0x00001c3a,0x00001c4b,0x00001c48,0x00050050,0x00000021,0x00001c55,
0x00001c2d,0x00001c3e,0x00050081,0x00000021,0x00001c56,0x00001c28,0x00001c55,0x0008000c,
0x00000021,0x00001c59,0x00000001,0x0000002b,0x00001c56,0x00001c32,0x00001c39,0x00050051,
0x00000006,0x00001c5c,0x00001c59,0x00000000,0x00050051,0x00000006,0x00001c5d,0x00001c59,
0x00000001,0x00060050,0x00000015,0x00001c5e,0x00001c5c,0x00001c5d,0x00001c48,0x00060059,
0x00000006,0x00001c60,0x00001c3a,0x00001c5e,0x00001c48,0x00050081,0x00000006,0x00001c61,
0x00001c4d,0x00001c60,0x00050050,0x00000021,0x00001c69,0x00001c3e,0x00001c2d,0x00050081,
0x00000021,0x00001c6a,0x00001c28,0x00001c69,0x0008000c,0x00000021,0x00001c6d,0x00000001,
0x0000002b,0x00001c6a,0x00001c32,0x00001c39,0x00050051,0x00000006,0x00001c70,0x00001c6d,
0x00000000,0x00050051,0x00000006,0x00001c71,0x00001c6d,0x00000001,0x00060050,0x00000015,
0x00001c72,0x00001c70,0x00001c71,0x00001c48,0x00060059,0x00000006,0x00001c74,0x00001c3a,
0x00001c72,0x00001c48,0x00050081,0x00000006,0x00001c75,0x00001c61,0x00001c74,0x00050081,
0x00000021,0x00001c7d,0x00001c28,0x00001c2e,0x0008000c,0x00000021,0x00001c80,0x00000001,
0x0000002b,0x00001c7d,0x00001c32,0x00001c39,0x00050051,0x00000006,0x00001c83,0x00001c80,
0x00000000,0x00050051,0x00000006,0x00001c84,0x00001c80,0x00000001,0x00060050,0x00000015,
0x00001c85,0x00001c83,0x00001c84,0x00001c48,0x00060059,0x00000006,0x00001c87,0x00001c3a,
0x00001c85,0x00001c48,0x00050081,0x00000006,0x00001c88,0x00001c75,0x00001c87,0x00050085,
0x00000006,0x00001c89,0x00000260,0x00001c88,0x000200f9,0x00001c94,0x000200f8,0x00001c8a,
0x0004003d,0x000003a0,0x00001c8b,0x0000087f,0x00050051,0x00000006,0x00001c8e,0x00001c01,
0x00000002,0x00050051,0x00000006,0x00001c8f,0x00001c28,0x00000000,0x00050051,0x00000006,
0x00001c90,0x00001c28,0x00000001,0x00060050,0x00000015,0x00001c91,0x00001c8f,0x00001c90,
0x00001c8e,0x00060059,0x00000006,0x00001c93,0x00001c8b,0x00001c91,0x00001c8e,0x000200f9,
0x00001c94,0x000200f8,0x00001c94,0x000700f5,0x00000006,0x00002211,0x00001c89,0x00001c2a,
0x00001c93,0x00001c8a,0x00050051,0x00000006,0x00001c97,0x00001b24,0x00000002,0x0008000c,
0x00000006,0x00001c98,0x00000001,0x0000002b,0x00001c97,0x000000dc,0x000000e1,0x0008000c,
0x00000006,0x00001c99,0x00000001,0x0000002e,0x000000e1,0x00002211,0x00001c98,0x000200f9,
0x00001c9b,0x000200f8,0x00001c9b,0x000b00f5,0x00000006,0x00002212,0x000000e1,0x00001ba1,
0x000000e1,0x00001bfa,0x000000e1,0x00001c1c,0x00001c99,0x00001c94,0x0008004f,0x00000015,
0x00001b60,0x00001b1a,0x00001b1a,0x00000000,0x00000001,0x00000002,0x00050085,0x00000006,
0x00001b63,0x00001b41,0x00001b54,0x00050085,0x00000006,0x00001b65,0x00001b63,0x00002212,
0x00050088,0x00000006,0x00001b67,0x00001b65,0x00001b2d,0x0005008e,0x00000015,0x00001b68,
0x00001b60,0x00001b67,0x000300f7,0x00001d0c,0x00000000,0x000300fb,0x00000111,0x00001cb6,
0x000200f8,0x00001cb6,0x00050094,0x00000006,0x00001cb9,0x000021c5,0x00001b31,0x000500bc,
0x00000051,0x00001cbb,0x00001cb9,0x000000dc,0x000300f7,0x00001cbd,0x00000000,0x000400fa,
0x00001cbb,0x00001cbc,0x00001cbd,0x000200f8,0x00001cbc,0x000200f9,0x00001d0c,0x000200f8,
0x00001cbd,0x00050094,0x00000006,0x00001cc0,0x000021c5,0x000021c3,0x0007000c,0x00000006,
0x00001cc1,0x00000001,0x00000028,0x00001cc0,0x00000486,0x00050081,0x00000015,0x00001cc4,
0x000021c3,0x00001b31,0x0006000c,0x00000015,0x00001cc5,0x00000001,0x00000045,0x00001cc4,
0x00050094,0x00000006,0x00001cc8,0x000021c5,0x00001cc5,0x0007000c,0x00000006,0x00001cc9,
0x00000001,0x00000028,0x00001cc8,0x000000dc,0x00050094,0x00000006,0x00001ccc,0x00001b31,
0x00001cc5,0x0007000c,0x00000006,0x00001ccd,0x00000001,0x00000028,0x00001ccc,0x000000dc,
0x00060050,0x00000015,0x00001d13,0x00000cc2,0x00000cc2,0x00000cc2,0x00050083,0x00000015,
0x00001d15,0x00001d13,0x00000cbe,0x0008000c,0x00000006,0x00001d17,0x00000001,0x0000002b,
0x00001ccd,0x000000dc,0x000000e1,0x00050083,0x00000006,0x00001d18,0x000000e1,0x00001d17,
0x00050085,0x00000006,0x00001d21,0x00001d18,0x00001d18,0x00050085,0x00000006,0x00001d24,
0x00001d21,0x00001d21,0x00050085,0x00000006,0x00001d26,0x00001d24,0x00001d18,0x0005008e,
0x00000015,0x00001d1a,0x00001d15,0x00001d26,0x00050081,0x00000015,0x00001d1b,0x00000cbe,
0x00001d1a,0x00050085,0x00000006,0x00001cd4,0x00000b9a,0x00000b9a,0x00050085,0x00000006,
0x00001cd6,0x000001c6,0x00000b9a,0x00050085,0x00000006,0x00001cd8,0x00001cd6,0x00001ccd,
0x0008000c,0x00000006,0x00001cdb,0x00000001,0x00000032,0x00001cd8,0x00001ccd,0x00000183,
0x00050083,0x00000006,0x00001cdd,0x00001cdb,0x000000e1,0x00050083,0x00000006,0x00001cdf,
0x000000e1,0x00001cb9,0x00050085,0x00000006,0x00001d2c,0x00001cdf,0x00001cdf,0x00050085,
0x00000006,0x00001d2f,0x00001d2c,0x00001d2c,0x00050085,0x00000006,0x00001d31,0x00001d2f,
0x00001cdf,0x0008000c,0x00000006,0x00001ce2,0x00000001,0x00000032,0x00001cdd,0x00001d31,
0x000000e1,0x00050083,0x00000006,0x00001ce6,0x000000e1,0x00001cc1,0x00050085,0x00000006,
0x00001d37,0x00001ce6,0x00001ce6,0x00050085,0x00000006,0x00001d3a,0x00001d37,0x00001d37,
0x00050085,0x00000006,0x00001d3c,0x00001d3a,0x00001ce6,0x0008000c,0x00000006,0x00001ce9,
0x00000001,0x00000032,0x00001cdd,0x00001d3c,0x000000e1,0x00050085,0x00000006,0x00001cea,
0x00001ce2,0x00001ce9,0x00050085,0x00000006,0x00001ceb,0x00001cea,0x00002349,0x000500ba,
0x00000051,0x00001ced,0x00000cc2,0x000000dc,0x000300f7,0x00001cf8,0x00000000,0x000400fa,
0x00001ced,0x00001cee,0x00001cf7,0x000200f8,0x00001cee,0x00050085,0x00000006,0x00001d4a,
0x00001cd4,0x00001cd4,0x00050085,0x00000006,0x00001d4d,0x00001cc9,0x00001cc9,0x0008000c,
0x00000006,0x00001d4f,0x00000001,0x00000032,0x00001cd4,0x00001cd4,0x000001e2,0x0008000c,
0x00000006,0x00001d51,0x00000001,0x00000032,0x00001d4d,0x00001d4f,0x000000e1,0x00050085,
0x00000006,0x00001d54,0x0000019b,0x00001d51,0x00050085,0x00000006,0x00001d56,0x00001d54,
0x00001d51,0x00050088,0x00000006,0x00001d57,0x00001d4a,0x00001d56,0x00050085,0x00000006,
0x00001d6a,0x00001cc1,0x00001cc1,0x0004007f,0x00000006,0x0000234f,0x00001cd4,0x0008000c,
0x00000006,0x00001d6c,0x00000001,0x00000032,0x0000234f,0x00001cd4,0x000000e1,0x0008000c,
0x00000006,0x00001d6f,0x00000001,0x00000032,0x00001d6a,0x00001d6c,0x00001d4a,0x0006000c,
0x00000006,0x00001d70,0x00000001,0x0000001f,0x00001d6f,0x00050085,0x00000006,0x00001d75,
0x00001cb9,0x00001cb9,0x0008000c,0x00000006,0x00001d7a,0x00000001,0x00000032,0x00001d75,
0x00001d6c,0x00001d4a,0x0006000c,0x00000006,0x00001d7b,0x00000001,0x0000001f,0x00001d7a,
0x00050085,0x00000006,0x00001d7c,0x00001cc1,0x00001d7b,0x0008000c,0x00000006,0x00001d7d,
0x00000001,0x00000032,0x00001cb9,0x00001d70,0x00001d7c,0x0007000c,0x00000006,0x00001d7e,
0x00000001,0x00000028,0x00001d7d,0x000005ca,0x00050088,0x00000006,0x00001d7f,0x00000183,
0x00001d7e,0x00050085,0x00000006,0x00001cf6,0x00001d57,0x00001d7f,0x000200f9,0x00001cf8,
0x000200f8,0x00001cf7,0x000200f9,0x00001cf8,0x000200f8,0x00001cf8,0x000700f5,0x00000006,
0x00002213,0x00001cf6,0x00001cee,0x000000dc,0x00001cf7,0x00050083,0x00000015,0x00001cfc,
0x000002d3,0x00001d1b,0x00050083,0x00000006,0x00001cfe,0x000000e1,0x00000ba2,0x0005008e,
0x00000015,0x00001cff,0x00001cfc,0x00001cfe,0x00050085,0x00000015,0x00001d01,0x00001cff,
0x00000cbb,0x0005008e,0x00000015,0x00001d03,0x00001d01,0x00001ceb,0x0005008e,0x00000015,
0x00001d06,0x00001d1b,0x00002213,0x00050081,0x00000015,0x00001d07,0x00001d03,0x00001d06,
0x00050085,0x00000015,0x00001d09,0x00001d07,0x00001b68,0x0005008e,0x00000015,0x00001d0b,
0x00001d09,0x00001cb9,0x000200f9,0x00001d0c,0x000200f8,0x00001d0c,0x000700f5,0x00000015,
0x00002214,0x00000162,0x00001cbc,0x00001d0b,0x00001cf8,0x00050081,0x00000015,0x00001b74,
0x00002218,0x00002214,0x000200f9,0x00001b75,0x000200f8,0x00001b75,0x000900f5,0x00000015,
0x00002337,0x00002218,0x00001b44,0x00002218,0x00001b57,0x00001b74,0x00001d0c,0x00050080,
0x00000041,0x00001b77,0x0000220b,0x0000017a,0x000200f9,0x00001b08,0x000200f8,0x00001b78,
0x00050081,0x00000015,0x00000d12,0x00000cfe,0x00002218,0x00050094,0x00000006,0x00000d16,
0x000021c5,0x000021c3,0x0007000c,0x00000006,0x00000d17,0x00000001,0x00000028,0x00000d16,
0x000000dc,0x000300f7,0x00001dc8,0x00000000,0x000300fb,0x00000111,0x00001d8b,0x000200f8,
0x00001d8b,0x00070041,0x00000108,0x00001d8c,0x00000105,0x0000016d,0x00000164,0x00000180,
0x0004003d,0x00000006,0x00001d8d,0x00001d8c,0x000500ba,0x00000051,0x00001d8e,0x00001d8d,
0x00000183,0x000300f7,0x00001d93,0x00000000,0x000400fa,0x00001d8e,0x00001d8f,0x00001d93,
0x000200f8,0x00001d8f,0x00060041,0x00000108,0x00001d90,0x00000105,0x00000187,0x00000116,
0x0004003d,0x00000006,0x00001d91,0x00001d90,0x000500ba,0x00000051,0x00001d92,0x00001d91,
0x00000183,0x000200f9,0x00001d93,0x000200f8,0x00001d93,0x000700f5,0x00000051,0x00001d94,
0x00001d8e,0x00001d8b,0x00001d92,0x00001d8f,0x000300f7,0x00001d99,0x00000000,0x000400fa,
0x00001d94,0x00001d95,0x00001d99,0x000200f8,0x00001d95,0x00060041,0x00000108,0x00001d96,
0x00000105,0x0000018e,0x00000180,0x0004003d,0x00000006,0x00001d97,0x00001d96,0x000500b8,
0x00000051,0x00001d98,0x00001d97,0x00000183,0x000200f9,0x00001d99,0x000200f8,0x00001d99,
0x000700f5,0x00000051,0x00001d9a,0x00001d94,0x00001d93,0x00001d98,0x00001d95,0x000300f7,
0x00001da3,0x00000000,0x000400fa,0x00001d9a,0x00001d9b,0x00001da3,0x000200f8,0x00001d9b,
0x00060041,0x00000108,0x00001e17,0x00000105,0x00000106,0x00000107,0x0004003d,0x00000006,
0x00001e18,0x00001e17,0x0006000c,0x00000006,0x00001e19,0x00000001,0x0000000e,0x00001e18,
0x0006000c,0x00000006,0x00001e1c,0x00000001,0x0000000d,0x00001e18,0x00050051,0x00000006,
0x00001e1f,0x000021c5,0x00000000,0x00050051,0x00000006,0x00001e23,0x000021c5,0x00000002,
0x00050085,0x00000006,0x00001e24,0x00001e1c,0x00001e23,0x0004007f,0x00000006,0x00002350,
0x00001e24,0x0008000c,0x00000006,0x00001e25,0x00000001,0x00000032,0x00001e19,0x00001e1f,
0x00002350,0x00050051,0x00000006,0x00001e27,0x000021c5,0x00000001,0x00050085,0x00000006,
0x00001e2f,0x00001e19,0x00001e23,0x0008000c,0x00000006,0x00001e30,0x00000001,0x00000032,
0x00001e1c,0x00001e1f,0x00001e2f,0x00060050,0x00000015,0x00001e31,0x00001e25,0x00001e27,
0x00001e30,0x0006000c,0x00000015,0x00001dd6,0x00000001,0x00000045,0x00001e31,0x00050051,
0x00000006,0x00001dd8,0x00001dd6,0x00000000,0x00050051,0x00000006,0x00001dda,0x00001dd6,
0x00000001,0x00050051,0x00000006,0x00001ddc,0x00001dd6,0x00000002,0x00050085,0x00000006,
0x00001dde,0x0000013b,0x00001dda,0x00050085,0x00000006,0x00001de0,0x0000013b,0x00001ddc,
0x00050085,0x00000006,0x00001de2,0x0000013b,0x00001dd8,0x00050085,0x00000006,0x00001de4,
0x00000142,0x00001dd8,0x00050085,0x00000006,0x00001de6,0x00001de4,0x00001dda,0x00050085,
0x00000006,0x00001de8,0x00000142,0x00001dda,0x00050085,0x00000006,0x00001dea,0x00001de8,
0x00001ddc,0x00050085,0x00000006,0x00001dec,0x0000014c,0x00001dda,0x0008000c,0x00000006,
0x00001def,0x00000001,0x00000032,0x00001dec,0x00001dda,0x000001e2,0x00050085,0x00000006,
0x00001df0,0x0000014b,0x00001def,0x00050085,0x00000006,0x00001df4,0x00001de4,0x00001ddc,
0x00050085,0x00000006,0x00001dfa,0x00001ddc,0x00001ddc,0x0004007f,0x00000006,0x00002352,
0x00001dfa,0x0008000c,0x00000006,0x00001dfb,0x00000001,0x00000032,0x00001dd8,0x00001dd8,
0x00002352,0x00050085,0x00000006,0x00001dfc,0x00000157,0x00001dfb,0x000c0050,0x00000137,
0x00001dfd,0x0000013a,0x00001dde,0x00001de0,0x00001de2,0x00001de6,0x00001dea,0x00001df0,
0x00001df4,0x00001dfc,0x0003003e,0x00001dce,0x00001dfd,0x000200f9,0x00001dfe,0x000200f8,
0x00001dfe,0x000700f5,0x00000015,0x00002254,0x00000162,0x00001d9b,0x00001e0c,0x00001e02,
0x000700f5,0x00000041,0x00002253,0x00000164,0x00001d9b,0x00001e0f,0x00001e02,0x000500b1,
0x00000051,0x00001e01,0x00002253,0x0000016b,0x000400f6,0x00001e10,0x00001e02,0x00000000,
0x000400fa,0x00001e01,0x00001e02,0x00001e10,0x000200f8,0x00001e02,0x00060041,0x0000016f,
0x00001e04,0x00000105,0x0000016d,0x00002253,0x0004003d,0x0000006d,0x00001e05,0x00001e04,
0x0008004f,0x00000015,0x00001e06,0x00001e05,0x00001e05,0x00000000,0x00000001,0x00000002,
0x00050041,0x00000007,0x00001e08,0x00001dce,0x00002253,0x0004003d,0x00000006,0x00001e09,
0x00001e08,0x0005008e,0x00000015,0x00001e0a,0x00001e06,0x00001e09,0x00050081,0x00000015,
0x00001e0c,0x00002254,0x00001e0a,0x00050080,0x00000041,0x00001e0f,0x00002253,0x0000017a,
0x000200f9,0x00001dfe,0x000200f8,0x00001e10,0x0007000c,0x00000015,0x00001e12,0x00000001,
0x00000028,0x00002254,0x00000162,0x00060041,0x00000108,0x00001d9e,0x00000105,0x00000198,
0x00000180,0x0004003d,0x00000006,0x00001d9f,0x00001d9e,0x00050085,0x00000006,0x00001da0,
0x00001d9f,0x00002349,0x0005008e,0x00000015,0x00001da1,0x00001e12,0x00001da0,0x000200f9,
0x00001dc8,0x000200f8,0x00001da3,0x00060041,0x00000108,0x00001da4,0x00000105,0x00000187,
0x00000116,0x0004003d,0x00000006,0x00001da5,0x00001da4,0x000500ba,0x00000051,0x00001da6,
0x00001da5,0x00000183,0x000300f7,0x00001dae,0x00000000,0x000400fa,0x00001da6,0x00001da7,
0x00001dad,0x000200f8,0x00001da7,0x00050051,0x00000006,0x00001da9,0x000021c5,0x00000001,
0x0008000c,0x00000006,0x00001dab,0x00000001,0x00000032,0x00001da9,0x00000183,0x00000183,
0x0008000c,0x00000006,0x00001dac,0x00000001,0x0000002b,0x00001dab,0x000000dc,0x000000e1,
0x000200f9,0x00001dae,0x000200f8,0x00001dad,0x000200f9,0x00001dae,0x000200f8,0x00001dae,
0x000700f5,0x00000006,0x00002252,0x00001dac,0x00001da7,0x000000e1,0x00001dad,0x00050041,
0x0000016f,0x00001db0,0x00000105,0x000001b0,0x0004003d,0x0000006d,0x00001db1,0x00001db0,
0x0008004f,0x00000015,0x00001db2,0x00001db1,0x00001db1,0x00000000,0x00000001,0x00000002,
0x00050041,0x0000016f,0x00001db3,0x00000105,0x00000198,0x0004003d,0x0000006d,0x00001db4,
0x00001db3,0x0008004f,0x00000015,0x00001db5,0x00001db4,0x00001db4,0x00000000,0x00000001,
0x00000002,0x00060050,0x00000015,0x00001db7,0x00002252,0x00002252,0x00002252,0x0008000c,
0x00000015,0x00001db8,0x00000001,0x0000002e,0x00001db2,0x00001db5,0x00001db7,0x00050094,
0x00000006,0x00001dba,0x00001db8,0x000001bf,0x00060050,0x00000015,0x00001dbc,0x00001dba,
0x00001dba,0x00001dba,0x00060041,0x00000108,0x00001dbe,0x00000105,0x000001b0,0x00000180,
0x0004003d,0x00000006,0x00001dbf,0x00001dbe,0x0008000c,0x00000006,0x00001dc0,0x00000001,
0x0000002b,0x00001dbf,0x000000dc,0x000001c6,0x00060050,0x00000015,0x00001dc1,0x00001dc0,
0x00001dc0,0x00001dc0,0x0008000c,0x00000015,0x00001dc2,0x00000001,0x0000002e,0x00001dbc,
0x00001db8,0x00001dc1,0x00060041,0x00000108,0x00001dc4,0x00000105,0x00000198,0x00000180,
0x0004003d,0x00000006,0x00001dc5,0x00001dc4,0x0005008e,0x00000015,0x00001dc6,0x00001dc2,
0x00001dc5,0x000200f9,0x00001dc8,0x000200f8,0x00001dc8,0x000700f5,0x00000015,0x00002255,
0x00001da1,0x00001e10,0x00001dc6,0x00001dae,0x0005008e,0x00000015,0x00000d1d,0x00002255,
0x00002263,0x00050083,0x00000006,0x00000d1f,0x000000e1,0x00000ba2,0x0005008e,0x00000015,
0x00000d22,0x00000cbb,0x00000d1f,0x0008000c,0x00000015,0x00000d26,0x00000001,0x00000032,
0x00000d22,0x00000d1d,0x00000d12,0x00060041,0x00000108,0x00000d28,0x00000105,0x00000187,
0x00000180,0x0004003d,0x00000006,0x00000d29,0x00000d28,0x000500ba,0x00000051,0x00000d2a,
0x00000d29,0x00000183,0x000300f7,0x00000d2d,0x00000000,0x000400fa,0x00000d2a,0x00000d2c,
0x00000d34,0x000200f8,0x00000d2c,0x00060041,0x00000108,0x00000d31,0x00000105,0x00000187,
0x00000107,0x0004003d,0x00000006,0x00000d32,0x00000d31,0x000300f7,0x00001e51,0x00000000,
0x000300fb,0x00000111,0x00001e38,0x000200f8,0x00001e38,0x000500bc,0x00000051,0x00001e3a,
0x00000d32,0x000000dc,0x000300f7,0x00001e3c,0x00000000,0x000400fa,0x00001e3a,0x00001e3b,
0x00001e3c,0x000200f8,0x00001e3b,0x000200f9,0x00001e51,0x000200f8,0x00001e3c,0x00060041,
0x00000108,0x00001e3d,0x00000105,0x000006d8,0x00000116,0x0004003d,0x00000006,0x00001e3e,
0x00001e3d,0x0008000c,0x00000006,0x00001e3f,0x00000001,0x0000002b,0x00001e3e,0x000000dc,
0x00000183,0x000500bc,0x00000051,0x00001e41,0x00001e3f,0x000000dc,0x000300f7,0x00001e47,
0x00000000,0x000400fa,0x00001e41,0x00001e42,0x00001e47,0x000200f8,0x00001e42,0x000500bc,
0x00000051,0x00001e45,0x00000b5b,0x00000d32,0x000600a9,0x00000006,0x00001e46,0x00001e45,
0x000000e1,0x000000dc,0x000200f9,0x00001e51,0x000200f8,0x00001e47,0x00050083,0x00000006,
0x00001e4a,0x000000e1,0x00001e3f,0x00050085,0x00000006,0x00001e4b,0x00000d32,0x00001e4a,
0x0008000c,0x00000006,0x00001e4e,0x00000001,0x00000031,0x00001e4b,0x00000d32,0x00000b5b,
0x00050083,0x00000006,0x00001e4f,0x000000e1,0x00001e4e,0x000200f9,0x00001e51,0x000200f8,
0x00001e51,0x000900f5,0x00000006,0x000022a1,0x000000e1,0x00001e3b,0x00001e46,0x00001e42,
0x00001e4f,0x00001e47,0x000200f9,0x00000d2d,0x000200f8,0x00000d34,0x000200f9,0x00000d2d,
0x000200f8,0x00000d2d,0x000700f5,0x00000006,0x000022a2,0x000022a1,0x00001e51,0x000000dc,
0x00000d34,0x000500ab,0x00000051,0x00000d37,0x00000a63,0x00000116,0x000500ba,0x00000051,
0x00000d39,0x00000cc2,0x000000dc,0x000500a7,0x00000051,0x00000d3a,0x00000d37,0x00000d39,
0x000500ba,0x00000051,0x00000d3c,0x000022a2,0x000000dc,0x000500a7,0x00000051,0x00000d3d,
0x00000d3a,0x00000d3c,0x000300f7,0x00000d3f,0x00000000,0x000400fa,0x00000d3d,0x00000d3e,
0x00000d3f,0x000200f8,0x00000d3e,0x000500ba,0x00000051,0x00000d42,0x00000ba2,0x00000d41,
0x000500b8,0x00000051,0x00000d45,0x00000b9a,0x00000d44,0x000500a6,0x00000051,0x00000d46,
0x00000d42,0x00000d45,0x000200f9,0x00000d3f,0x000200f8,0x00000d3f,0x000700f5,0x00000051,
0x00000d47,0x00000d3d,0x00000d2d,0x00000d46,0x00000d3e,0x000300f7,0x00000d49,0x00000000,
0x000400fa,0x00000d47,0x00000d48,0x00000d49,0x000200f8,0x00000d48,0x0004007f,0x00000015,
0x00000d4c,0x000021c3,0x0007000c,0x00000015,0x00000d4e,0x00000001,0x00000047,0x00000d4c,
0x000021c5,0x00060041,0x00000108,0x00000d51,0x00000105,0x00000106,0x00000116,0x0004003d,
0x00000006,0x00000d52,0x00000d51,0x00050085,0x00000006,0x00000d53,0x00000b9a,0x00000d52,
0x000300f7,0x00001ead,0x00000000,0x000300fb,0x00000111,0x00001e69,0x000200f8,0x00001e69,
0x000400a8,0x00000051,0x00001e6a,0x000001ea,0x000300f7,0x00001e72,0x00000000,0x000400fa,
0x00001e6a,0x00001e6b,0x00001e72,0x000200f8,0x00001e6b,0x000300f7,0x00001e70,0x00000000,
0x000400fa,0x000001ee,0x00001e6c,0x00001e70,0x000200f8,0x00001e6c,0x00060041,0x00000108,
0x00001e6d,0x00000105,0x00000106,0x00000180,0x0004003d,0x00000006,0x00001e6e,0x00001e6d,
0x000500b8,0x00000051,0x00001e6f,0x00001e6e,0x00000183,0x000200f9,0x00001e70,0x000200f8,
0x00001e70,0x000700f5,0x00000051,0x00001e71,0x000001ee,0x00001e6b,0x00001e6f,0x00001e6c,
0x000200f9,0x00001e72,0x000200f8,0x00001e72,0x000700f5,0x00000051,0x00001e73,0x000001ea,
0x00001e69,0x00001e71,0x00001e70,0x000300f7,0x00001e7f,0x00000000,0x000400fa,0x00001e73,
0x00001e74,0x00001e7f,0x000200f8,0x00001e74,0x0004003d,0x000001f9,0x00001e75,0x000001fb,
0x00050051,0x00000006,0x00001eb3,0x00000d4e,0x00000002,0x00050051,0x00000006,0x00001eb5,
0x00000d4e,0x00000000,0x0007000c,0x00000006,0x00001eb6,0x00000001,0x00000019,0x00001eb3,
0x00001eb5,0x00060041,0x00000108,0x00001eb7,0x00000105,0x00000106,0x00000107,0x0004003d,
0x00000006,0x00001eb8,0x00001eb7,0x00050081,0x00000006,0x00001eb9,0x00001eb6,0x00001eb8,
0x0008000c,0x00000006,0x00001ebc,0x00000001,0x00000032,0x00001eb9,0x00002354,0x00000183,
0x0006000c,0x00000006,0x00001ebd,0x00000001,0x0000000a,0x00001ebc,0x00050051,0x00000006,
0x00001ebf,0x00000d4e,0x00000001,0x0008000c,0x00000006,0x00001ec0,0x00000001,0x0000002b,
0x00001ebf,0x000001e2,0x000000e1,0x0006000c,0x00000006,0x00001ec1,0x00000001,0x00000011,
0x00001ec0,0x00050085,0x00000006,0x00001ec2,0x00001ec1,0x00002349,0x00050050,0x00000021,
0x00001ec3,0x00001ebd,0x00001ec2,0x0008000c,0x00000006,0x00001e7b,0x00000001,0x0000002b,
0x00000d53,0x000000dc,0x00000d52,0x00070058,0x0000006d,0x00001e7c,0x00001e75,0x00001ec3,
0x00000002,0x00001e7b,0x0008004f,0x00000015,0x00001e7d,0x00001e7c,0x00001e7c,0x00000000,
0x00000001,0x00000002,0x000200f9,0x00001ead,0x000200f8,0x00001e7f,0x00060041,0x00000108,
0x00001ec8,0x00000105,0x00000106,0x00000107,0x0004003d,0x00000006,0x00001ec9,0x00001ec8,
0x0006000c,0x00000006,0x00001eca,0x00000001,0x0000000e,0x00001ec9,0x0006000c,0x00000006,
0x00001ecd,0x00000001,0x0000000d,0x00001ec9,0x00050051,0x00000006,0x00001ed0,0x00000d4e,
0x00000000,0x00050051,0x00000006,0x00001ed4,0x00000d4e,0x00000002,0x00050085,0x00000006,
0x00001ed5,0x00001ecd,0x00001ed4,0x0004007f,0x00000006,0x00002353,0x00001ed5,0x0008000c,
0x00000006,0x00001ed6,0x00000001,0x00000032,0x00001eca,0x00001ed0,0x00002353,0x00050051,
0x00000006,0x00001ed8,0x00000d4e,0x00000001,0x00050085,0x00000006,0x00001ee0,0x00001eca,
0x00001ed4,0x0008000c,0x00000006,0x00001ee1,0x00000001,0x00000032,0x00001ecd,0x00001ed0,
0x00001ee0,0x00060050,0x00000015,0x00001ee2,0x00001ed6,0x00001ed8,0x00001ee1,0x0007004f,
0x00000021,0x00001e83,0x00001ee2,0x00001ee2,0x00000000,0x00000002,0x0006000c,0x00000006,
0x00001e86,0x00000001,0x00000004,0x00001ed6,0x0006000c,0x00000006,0x00001e89,0x00000001,
0x00000004,0x00001ed8,0x00050081,0x00000006,0x00001e8a,0x00001e86,0x00001e89,0x0006000c,
0x00000006,0x00001e8d,0x00000001,0x00000004,0x00001ee1,0x00050081,0x00000006,0x00001e8e,
0x00001e8a,0x00001e8d,0x0007000c,0x00000006,0x00001e8f,0x00000001,0x00000028,0x00001e8e,
0x0000021a,0x00050050,0x00000021,0x00001e90,0x00001e8f,0x00001e8f,0x00050088,0x00000021,
0x00001e91,0x00001e83,0x00001e90,0x000500b8,0x00000051,0x00001e94,0x00001ed8,0x000000dc,
0x000300f7,0x00001e9f,0x00000000,0x000400fa,0x00001e94,0x00001e95,0x00001e9f,0x000200f8,
0x00001e95,0x0007004f,0x00000021,0x00001e97,0x00001e91,0x00001e91,0x00000001,0x00000000,
0x0006000c,0x00000021,0x00001e98,0x00000001,0x00000004,0x00001e97,0x00050083,0x00000021,
0x00001e9a,0x00000229,0x00001e98,0x000500be,0x0000022c,0x00001e9c,0x00001e91,0x0000022b,
0x000600a9,0x00000021,0x00001e9d,0x00001e9c,0x00000229,0x00000228,0x00050085,0x00000021,
0x00001e9e,0x00001e9a,0x00001e9d,0x000200f9,0x00001e9f,0x000200f8,0x00001e9f,0x000700f5,
0x00000021,0x000022ad,0x00001e91,0x00001e7f,0x00001e9e,0x00001e95,0x0005008e,0x00000021,
0x00001ea1,0x000022ad,0x00000183,0x00050081,0x00000021,0x00001ea3,0x00001ea1,0x0000055e,
0x0004003d,0x000001f9,0x00001ea4,0x00000235,0x0008000c,0x00000006,0x00001ea9,0x00000001,
0x0000002b,0x00000d53,0x000000dc,0x00000d52,0x00070058,0x0000006d,0x00001eaa,0x00001ea4,
0x00001ea3,0x00000002,0x00001ea9,0x0008004f,0x00000015,0x00001eab,0x00001eaa,0x00001eaa,
0x00000000,0x00000001,0x00000002,0x000200f9,0x00001ead,0x000200f8,0x00001ead,0x000700f5,
0x00000015,0x000022ae,0x00001e7d,0x00001e74,0x00001eab,0x00001e9f,0x00060041,0x00000108,
0x00001e5b,0x00000105,0x00000247,0x00000180,0x0004003d,0x00000006,0x00001e5c,0x00001e5b,
0x0005008e,0x00000015,0x00001e5d,0x000022ae,0x00001e5c,0x00060041,0x00000108,0x00001ee7,
0x00000105,0x00000106,0x00000180,0x0004003d,0x00000006,0x00001ee8,0x00001ee7,0x000500ba,
0x00000051,0x00001ee9,0x00001ee8,0x00000251,0x000300f7,0x00001ef9,0x00000000,0x000400fa,
0x00001ee9,0x00001eea,0x00001ef3,0x000200f8,0x00001eea,0x0004003d,0x000001f9,0x00001eeb,
0x00000256,0x0008000c,0x00000006,0x00001eed,0x00000001,0x0000002b,0x00000d17,0x000000dc,
0x000000e1,0x0008000c,0x00000006,0x00001eef,0x00000001,0x0000002b,0x00000b9a,0x000000dc,
0x000000e1,0x00050050,0x00000021,0x00001ef0,0x00001eed,0x00001eef,0x00050057,0x0000006d,
0x00001ef1,0x00001eeb,0x00001ef0,0x0007004f,0x00000021,0x00001ef2,0x00001ef1,0x00001ef1,
0x00000000,0x00000001,0x000200f9,0x00001ef9,0x000200f8,0x00001ef3,0x00050083,0x00000006,
0x00001ef5,0x000000e1,0x00000b9a,0x0008000c,0x00000006,0x00001ef7,0x00000001,0x00000032,
0x00000261,0x00001ef5,0x00000260,0x00050050,0x00000021,0x00001ef8,0x00001ef7,0x000000dc,
0x000200f9,0x00001ef9,0x000200f8,0x00001ef9,0x000700f5,0x00000021,0x000022af,0x00001ef2,
0x00001eea,0x00001ef8,0x00001ef3,0x000300f7,0x00000d64,0x00000000,0x000400fa,0x00001ee9,
0x00000d63,0x00000d6f,0x000200f8,0x00000d63,0x00050051,0x00000006,0x00000d67,0x000022af,
0x00000000,0x0005008e,0x00000015,0x00000d68,0x00000cbe,0x00000d67,0x00050051,0x00000006,
0x00000d6b,0x000022af,0x00000001,0x00050085,0x00000006,0x00000d6c,0x00000cc2,0x00000d6b,
0x00060050,0x00000015,0x00000d6d,0x00000d6c,0x00000d6c,0x00000d6c,0x00050081,0x00000015,
0x00000d6e,0x00000d68,0x00000d6d,0x000200f9,0x00000d64,0x000200f8,0x00000d6f,0x00060050,
0x00000015,0x00001f01,0x00000cc2,0x00000cc2,0x00000cc2,0x00050083,0x00000015,0x00001f03,
0x00001f01,0x00000cbe,0x0008000c,0x00000006,0x00001f05,0x00000001,0x0000002b,0x00000d17,
0x000000dc,0x000000e1,0x00050083,0x00000006,0x00001f06,0x000000e1,0x00001f05,0x00050085,
0x00000006,0x00001f0f,0x00001f06,0x00001f06,0x00050085,0x00000006,0x00001f12,0x00001f0f,
0x00001f0f,0x00050085,0x00000006,0x00001f14,0x00001f12,0x00001f06,0x0005008e,0x00000015,
0x00001f08,0x00001f03,0x00001f14,0x00050081,0x00000015,0x00001f09,0x00000cbe,0x00001f08,
0x00050051,0x00000006,0x00000d78,0x000022af,0x00000000,0x0005008e,0x00000015,0x00000d79,
0x00001f09,0x00000d78,0x000200f9,0x00000d64,0x000200f8,0x00000d64,0x000700f5,0x00000015,
0x000022b0,0x00000d6e,0x00000d63,0x00000d79,0x00000d6f,0x00050085,0x00000015,0x00000d7d,
0x00001e5d,0x000022b0,0x0005008e,0x00000015,0x00000d7f,0x00000d7d,0x000022a2,0x0005008e,
0x00000015,0x00000d81,0x00000d7f,0x00002263,0x00050081,0x00000015,0x00000d83,0x00000d26,
0x00000d81,0x000200f9,0x00000d49,0x000200f8,0x00000d49,0x000700f5,0x00000015,0x000022cc,
0x00000d26,0x00000d3f,0x00000d83,0x00000d64,0x00060041,0x00000108,0x00000d88,0x00000105,
0x000006d8,0x00000107,0x0004003d,0x00000006,0x00000d89,0x00000d88,0x000300f7,0x00001f34,
0x00000000,0x000300fb,0x00000111,0x00001f1b,0x000200f8,0x00001f1b,0x000500bc,0x00000051,
0x00001f1d,0x00000d89,0x000000dc,0x000300f7,0x00001f1f,0x00000000,0x000400fa,0x00001f1d,
0x00001f1e,0x00001f1f,0x000200f8,0x00001f1e,0x000200f9,0x00001f34,0x000200f8,0x00001f1f,
0x00060041,0x00000108,0x00001f20,0x00000105,0x000006d8,0x00000116,0x0004003d,0x00000006,
0x00001f21,0x00001f20,0x0008000c,0x00000006,0x00001f22,0x00000001,0x0000002b,0x00001f21,
0x000000dc,0x00000183,0x000500bc,0x00000051,0x00001f24,0x00001f22,0x000000dc,0x000300f7,
0x00001f2a,0x00000000,0x000400fa,0x00001f24,0x00001f25,0x00001f2a,0x000200f8,0x00001f25,
0x000500bc,0x00000051,0x00001f28,0x00000b5b,0x00000d89,0x000600a9,0x00000006,0x00001f29,
0x00001f28,0x000000e1,0x000000dc,0x000200f9,0x00001f34,0x000200f8,0x00001f2a,0x00050083,
0x00000006,0x00001f2d,0x000000e1,0x00001f22,0x00050085,0x00000006,0x00001f2e,0x00000d89,
0x00001f2d,0x0008000c,0x00000006,0x00001f31,0x00000001,0x00000031,0x00001f2e,0x00000d89,
0x00000b5b,0x00050083,0x00000006,0x00001f32,0x000000e1,0x00001f31,0x000200f9,0x00001f34,
0x000200f8,0x00001f34,0x000900f5,0x00000006,0x000022c3,0x000000e1,0x00001f1e,0x00001f29,
0x00001f25,0x00001f32,0x00001f2a,0x000500c7,0x00000057,0x00001f3d,0x000014cd,0x000000f7,
0x000500ab,0x00000051,0x00001f3e,0x00001f3d,0x00000111,0x000500ba,0x00000051,0x00000d90,
0x000022c3,0x000000dc,0x000500a7,0x00000051,0x00000d91,0x00001f3e,0x00000d90,0x000300f7,
0x00000d93,0x00000000,0x000400fa,0x00000d91,0x00000d92,0x00000d93,0x000200f8,0x00000d92,
0x0004003d,0x000001f9,0x00000d95,0x00000d94,0x000500c2,0x00000057,0x00001f4b,0x00000bfe,
0x00002343,0x000500c7,0x00000057,0x00001f4c,0x00001f4b,0x00000180,0x000500aa,0x00000051,
0x00001f4e,0x00001f4c,0x00000116,0x000300f7,0x00001f5a,0x00000000,0x000400fa,0x00001f4e,
0x00001f4f,0x00001f53,0x000200f8,0x00001f4f,0x000300f7,0x00001f99,0x00000000,0x000300fb,
0x00000111,0x00001f63,0x000200f8,0x00001f63,0x0006000c,0x00000015,0x00001f65,0x00000001,
0x00000004,0x00000be2,0x00050051,0x00000006,0x00001f67,0x00001f65,0x00000000,0x00050051,
0x00000006,0x00001f69,0x00001f65,0x00000001,0x000500be,0x00000051,0x00001f6a,0x00001f67,
0x00001f69,0x000300f7,0x00001f71,0x00000000,0x000400fa,0x00001f6a,0x00001f6b,0x00001f71,
0x000200f8,0x00001f6b,0x00050051,0x00000006,0x00001f6f,0x00001f65,0x00000002,0x000500be,
0x00000051,0x00001f70,0x00001f67,0x00001f6f,0x000200f9,0x00001f71,0x000200f8,0x00001f71,
0x000700f5,0x00000051,0x00001f72,0x00001f6a,0x00001f63,0x00001f70,0x00001f6b,0x000300f7,
0x00001f7e,0x00000000,0x000400fa,0x00001f72,0x00001f73,0x00001f7e,0x000200f8,0x00001f73,
0x00050051,0x00000006,0x00001f75,0x00000be2,0x00000000,0x0006000c,0x00000006,0x00001f76,
0x00000001,0x00000006,0x00001f75,0x0004007f,0x00000006,0x00001f77,0x00001f76,0x00050051,
0x00000006,0x00001f79,0x00000b59,0x00000002,0x00050085,0x00000006,0x00001f7a,0x00001f77,
0x00001f79,0x00050051,0x00000006,0x00001f7c,0x00000b59,0x00000001,0x00050050,0x00000021,
0x00001f7d,0x00001f7a,0x00001f7c,0x000200f9,0x00001f99,0x000200f8,0x00001f7e,0x00050051,
0x00000006,0x00001f82,0x00001f65,0x00000002,0x000500be,0x00000051,0x00001f83,0x00001f69,
0x00001f82,0x000300f7,0x00001f8f,0x00000000,0x000400fa,0x00001f83,0x00001f84,0x00001f8f,
0x000200f8,0x00001f84,0x00050051,0x00000006,0x00001f86,0x00000b59,0x00000000,0x00050051,
0x00000006,0x00001f88,0x00000be2,0x00000001,0x0006000c,0x00000006,0x00001f89,0x00000001,
0x00000006,0x00001f88,0x0004007f,0x00000006,0x00001f8a,0x00001f89,0x00050051,0x00000006,
0x00001f8c,0x00000b59,0x00000002,0x00050085,0x00000006,0x00001f8d,0x00001f8a,0x00001f8c,
0x00050050,0x00000021,0x00001f8e,0x00001f86,0x00001f8d,0x000200f9,0x00001f99,0x000200f8,
0x00001f8f,0x00050051,0x00000006,0x00001f91,0x00000be2,0x00000002,0x0006000c,0x00000006,
0x00001f92,0x00000001,0x00000006,0x00001f91,0x00050051,0x00000006,0x00001f94,0x00000b59,
0x00000000,0x00050085,0x00000006,0x00001f95,0x00001f92,0x00001f94,0x00050051,0x00000006,
0x00001f97,0x00000b59,0x00000001,0x00050050,0x00000021,0x00001f98,0x00001f95,0x00001f97,
0x000200f9,0x00001f99,0x000200f8,0x00001f99,0x000900f5,0x00000021,0x000022c4,0x00001f7d,
0x00001f73,0x00001f8e,0x00001f84,0x00001f98,0x00001f8f,0x000200f9,0x00001f5a,0x000200f8,
0x00001f53,0x000500aa,0x00000051,0x00001f55,0x00001f4c,0x00000107,0x0004003d,0x00000021,
0x00001f56,0x000006b9,0x00050050,0x0000022c,0x00001f58,0x00001f55,0x00001f55,0x000600a9,
0x00000021,0x00001f59,0x00001f58,0x00001f56,0x00000a9a,0x000200f9,0x00001f5a,0x000200f8,
0x00001f5a,0x000700f5,0x00000021,0x000022c5,0x000022c4,0x00001f99,0x00001f59,0x00001f53,
0x000300f7,0x00001fba,0x00000000,0x000300fb,0x00000111,0x00001fa2,0x000200f8,0x00001fa2,
0x000400a8,0x00000051,0x00001fa4,0x00001570,0x000300f7,0x00001fa7,0x00000000,0x000400fa,
0x00001fa4,0x00001fa5,0x00001fa7,0x000200f8,0x00001fa5,0x000200f9,0x00001fba,0x000200f8,
0x00001fa7,0x00050051,0x00000006,0x00001fa9,0x000022c5,0x00000000,0x00050051,0x00000006,
0x00001faa,0x000022c5,0x00000001,0x00060050,0x00000015,0x00001fab,0x00001fa9,0x00001faa,
0x000000e1,0x00050082,0x00000057,0x00001fc7,0x0000156f,0x00000107,0x00050084,0x00000057,
0x00001fc8,0x00001fc7,0x0000058a,0x00050080,0x00000057,0x00001fca,0x00001fc8,0x00002343,
0x00060041,0x0000058e,0x00001fcb,0x00000585,0x00000164,0x00001fca,0x0004003d,0x0000006d,
0x00001fcc,0x00001fcb,0x0008004f,0x00000015,0x00001faf,0x00001fcc,0x00001fcc,0x00000000,
0x00000001,0x00000002,0x00050094,0x00000006,0x00001fb1,0x00001faf,0x00001fab,0x00050080,
0x00000057,0x00001fd5,0x00001fc8,0x00002344,0x00060041,0x0000058e,0x00001fd6,0x00000585,
0x00000164,0x00001fd5,0x0004003d,0x0000006d,0x00001fd7,0x00001fd6,0x0008004f,0x00000015,
0x00001fb6,0x00001fd7,0x00001fd7,0x00000000,0x00000001,0x00000002,0x00050094,0x00000006,
0x00001fb8,0x00001fb6,0x00001fab,0x00050050,0x00000021,0x00001fb9,0x00001fb1,0x00001fb8,
0x000200f9,0x00001fba,0x000200f8,0x00001fba,0x000700f5,0x00000021,0x000022c6,0x000022c5,
0x00001fa5,0x00001fb9,0x00001fa7,0x00050057,0x0000006d,0x00000d98,0x00000d95,0x000022c6,
0x0008004f,0x00000015,0x00000d99,0x00000d98,0x00000d98,0x00000000,0x00000001,0x00000002,
0x00050041,0x0000097e,0x00000d9a,0x0000057a,0x000004f4,0x0004003d,0x0000006d,0x00000d9b,
0x00000d9a,0x0008004f,0x00000015,0x00000d9c,0x00000d9b,0x00000d9b,0x00000000,0x00000001,
0x00000002,0x00050085,0x00000015,0x00000d9d,0x00000d99,0x00000d9c,0x00060041,0x00000b95,
0x00000d9e,0x0000057a,0x000004f4,0x00000180,0x0004003d,0x00000006,0x00000d9f,0x00000d9e,
0x0005008e,0x00000015,0x00000da0,0x00000d9d,0x00000d9f,0x0005008e,0x00000015,0x00000da2,
0x00000da0,0x000022c3,0x00050081,0x00000015,0x00000da4,0x000022cc,0x00000da2,0x000200f9,
0x00000d93,0x000200f8,0x00000d93,0x000700f5,0x00000015,0x000022ce,0x000022cc,0x00001f34,
0x00000da4,0x00001fba,0x000300f7,0x00000da7,0x00000000,0x000400fa,0x00001570,0x00000da6,
0x00000da7,0x000200f8,0x00000da6,0x00050082,0x00000057,0x00001fdd,0x0000156f,0x00000107,
0x00050084,0x00000057,0x00001fde,0x00001fdd,0x0000058a,0x00050080,0x00000057,0x00001fe0,
0x00001fde,0x00000da9,0x00060041,0x0000058e,0x00001fe1,0x00000585,0x00000164,0x00001fe0,
0x0004003d,0x0000006d,0x00001fe2,0x00001fe1,0x00050051,0x00000006,0x00000dac,0x00001fe2,
0x00000000,0x00050081,0x00000006,0x00000dad,0x00000dac,0x00000183,0x0004006d,0x00000057,
0x00000dae,0x00000dad,0x000500ab,0x00000051,0x00000db0,0x00000dae,0x00000111,0x000300f7,
0x00000db2,0x00000000,0x000400fa,0x00000db0,0x00000db1,0x00000db2,0x000200f8,0x00000db1,
0x000500aa,0x00000051,0x00000db5,0x00000dae,0x00000107,0x000300f7,0x00000db8,0x00000000,
0x000400fa,0x00000db5,0x00000db7,0x00000dbb,0x000200f8,0x00000db7,0x00060050,0x00000015,
0x00000dba,0x00002263,0x00002263,0x00002263,0x000200f9,0x00000db8,0x000200f8,0x00000dbb,
0x000500aa,0x00000051,0x00000dbd,0x00000dae,0x00000116,0x000300f7,0x00000dc0,0x00000000,
0x000400fa,0x00000dbd,0x00000dbf,0x00000dc3,0x000200f8,0x00000dbf,0x00060050,0x00000015,
0x00000dc2,0x00000b9a,0x00000b9a,0x00000b9a,0x000200f9,0x00000dc0,0x000200f8,0x00000dc3,
0x000500aa,0x00000051,0x00000dc5,0x00000dae,0x00000180,0x000300f7,0x00000dc8,0x00000000,
0x000400fa,0x00000dc5,0x00000dc7,0x00000dcb,0x000200f8,0x00000dc7,0x00060050,0x00000015,
0x00000dca,0x00000ba2,0x00000ba2,0x00000ba2,0x000200f9,0x00000dc8,0x000200f8,0x00000dcb,
0x000500aa,0x00000051,0x00000dcd,0x00000dae,0x000000f5,0x000300f7,0x00000dd0,0x00000000,
0x000400fa,0x00000dcd,0x00000dcf,0x00000dd4,0x000200f8,0x00000dcf,0x00050051,0x00000006,
0x00000dd2,0x00000b00,0x00000003,0x00060050,0x00000015,0x00000dd3,0x00000dd2,0x00000dd2,
0x00000dd2,0x000200f9,0x00000dd0,0x000200f8,0x00000dd4,0x0005008e,0x00000015,0x00000dd6,
0x000021c5,0x00000183,0x00050081,0x00000015,0x00000dd8,0x00000dd6,0x00002345,0x000200f9,
0x00000dd0,0x000200f8,0x00000dd0,0x000700f5,0x00000015,0x000022e0,0x00000dd3,0x00000dcf,
0x00000dd8,0x00000dd4,0x000200f9,0x00000dc8,0x000200f8,0x00000dc8,0x000700f5,0x00000015,
0x000022e1,0x00000dca,0x00000dc7,0x000022e0,0x00000dd0,0x000200f9,0x00000dc0,0x000200f8,
0x00000dc0,0x000700f5,0x00000015,0x000022e2,0x00000dc2,0x00000dbf,0x000022e1,0x00000dc8,
0x000200f9,0x00000db8,0x000200f8,0x00000db8,0x000700f5,0x00000015,0x000022ea,0x00000dba,
0x00000db7,0x000022e2,0x00000dc0,0x000500c7,0x00000057,0x00000ddf,0x0000156e,0x00000107,
0x000500ab,0x00000051,0x00000de0,0x00000ddf,0x00000111,0x000300f7,0x00000de2,0x00000000,
0x000400fa,0x00000de0,0x00000de1,0x00000de2,0x000200f8,0x00000de1,0x0005008e,0x00000015,
0x00000de4,0x000022ea,0x00000a7f,0x0007000c,0x00000015,0x00000de6,0x00000001,0x0000001a,
0x000022ea,0x00000a85,0x0005008e,0x00000015,0x00000de7,0x00000de6,0x00000a82,0x00050083,
0x00000015,0x00000de9,0x00000de7,0x00002339,0x000500ba,0x00000a8e,0x00000deb,0x000022ea,
0x00000a8d,0x000600a9,0x00000015,0x00000dec,0x00000deb,0x00000de9,0x00000de4,0x000200f9,
0x00000de2,0x000200f8,0x00000de2,0x000700f5,0x00000015,0x000022eb,0x000022ea,0x00000db8,
0x00000dec,0x00000de1,0x00050051,0x00000006,0x00000dee,0x000022eb,0x00000000,0x00050051,
0x00000006,0x00000def,0x000022eb,0x00000001,0x00050051,0x00000006,0x00000df0,0x000022eb,
0x00000002,0x00070050,0x0000006d,0x00000df1,0x00000dee,0x00000def,0x00000df0,0x000000e1,
0x0003003e,0x00000a92,0x00000df1,0x000200f9,0x00000e1e,0x000200f8,0x00000db2,0x000200f9,
0x00000da7,0x000200f8,0x00000da7,0x000300f7,0x00001ffe,0x00000000,0x000300fb,0x00000111,
0x00001fe9,0x000200f8,0x00001fe9,0x00060041,0x00000108,0x00001fea,0x00000105,0x000002fa,
0x00000116,0x0004003d,0x00000006,0x00001feb,0x00001fea,0x000500ba,0x00000051,0x00001fec,
0x00001feb,0x00000183,0x000300f7,0x00001ff0,0x00000000,0x000400fa,0x00001fec,0x00001fed,
0x00001ff0,0x000200f8,0x00001fed,0x0007000c,0x00000015,0x00001fef,0x00000001,0x00000028,
0x000022ce,0x00000162,0x000200f9,0x00001ffe,0x000200f8,0x00001ff0,0x00060041,0x00000108,
0x00001ff2,0x00000105,0x00000106,0x00000111,0x0004003d,0x00000006,0x00001ff3,0x00001ff2,
0x0005008e,0x00000015,0x00001ff4,0x000022ce,0x00001ff3,0x00060041,0x00000108,0x00001ff5,
0x00000105,0x000002fa,0x00000111,0x0004003d,0x00000006,0x00001ff6,0x00001ff5,0x0006000c,
0x00000006,0x00001ff7,0x00000001,0x0000001d,0x00001ff6,0x0005008e,0x00000015,0x00001ff8,
0x00001ff4,0x00001ff7,0x0007000c,0x00000015,0x00001ff9,0x00000001,0x00000028,0x00001ff8,
0x00000162,0x00060041,0x00000108,0x00001ffb,0x00000105,0x000002fa,0x00000107,0x0004003d,
0x00000006,0x00001ffc,0x00001ffb,0x000300f7,0x00002029,0x00000000,0x000300fb,0x00000111,
0x00002005,0x000200f8,0x00002005,0x0007000c,0x00000015,0x00002007,0x00000001,0x00000028,
0x00001ff9,0x00000162,0x000500b8,0x00000051,0x00002009,0x00001ffc,0x00000183,0x000300f7,
0x0000200f,0x00000000,0x000400fa,0x00002009,0x0000200a,0x0000200f,0x000200f8,0x0000200a,
0x00050081,0x00000015,0x0000200d,0x000002d3,0x00002007,0x00050088,0x00000015,0x0000200e,
0x00002007,0x0000200d,0x000200f9,0x00002029,0x000200f8,0x0000200f,0x000500b8,0x00000051,
0x00002011,0x00001ffc,0x00000251,0x000300f7,0x00002025,0x00000000,0x000400fa,0x00002011,
0x00002012,0x00002025,0x000200f8,0x00002012,0x0005008e,0x00000015,0x00002015,0x00002007,
0x000002dd,0x00050081,0x00000015,0x00002017,0x00002015,0x0000233a,0x00050085,0x00000015,
0x00002018,0x00002007,0x00002017,0x0005008e,0x00000015,0x0000201b,0x00002007,0x000002e5,
0x00050081,0x00000015,0x0000201d,0x0000201b,0x0000233b,0x0008000c,0x00000015,0x00002020,
0x00000001,0x00000032,0x00002007,0x0000201d,0x0000233c,0x00050088,0x00000015,0x00002021,
0x00002018,0x00002020,0x0008000c,0x00000015,0x00002024,0x00000001,0x0000002b,0x00002021,
0x00000162,0x000002d3,0x000200f9,0x00002029,0x000200f8,0x00002025,0x0007000c,0x00000015,
0x00002030,0x00000001,0x00000028,0x00002007,0x0000233d,0x00050091,0x00000015,0x00002032,
0x000002a3,0x00002030,0x0006000c,0x00000015,0x00002034,0x00000001,0x0000001e,0x00002032,
0x0008000c,0x00000015,0x00002037,0x00000001,0x0000002b,0x00002034,0x0000233e,0x0000233f,
0x00050083,0x00000015,0x0000203a,0x00002037,0x0000233e,0x00050085,0x00000015,0x0000203c,
0x0000203a,0x00002356,0x00050085,0x00000015,0x0000204a,0x0000203c,0x0000203c,0x00050085,
0x00000015,0x0000204d,0x0000204a,0x0000204a,0x0005008e,0x00000015,0x0000204f,0x0000203c,
0x00000274,0x0005008e,0x00000015,0x00002051,0x0000204a,0x00000277,0x00050081,0x00000015,
0x00002052,0x0000204f,0x00002051,0x0005008e,0x00000015,0x00002054,0x0000204a,0x0000027b,
0x0004007f,0x00000015,0x00002357,0x00002054,0x0008000c,0x00000015,0x00002057,0x00000001,
0x00000032,0x00002357,0x0000203c,0x00002052,0x0005008e,0x00000015,0x00002059,0x0000204d,
0x00000281,0x00050081,0x00000015,0x0000205a,0x00002057,0x00002059,0x0005008e,0x00000015,
0x0000205c,0x0000204d,0x00000285,0x0004007f,0x00000015,0x00002358,0x0000205c,0x0008000c,
0x00000015,0x0000205f,0x00000001,0x00000032,0x00002358,0x0000203c,0x0000205a,0x0005008e,
0x00000015,0x00002061,0x0000204d,0x0000028b,0x0008000c,0x00000015,0x00002064,0x00000001,
0x00000032,0x00002061,0x0000204a,0x0000205f,0x0007000c,0x00000015,0x00002040,0x00000001,
0x0000001a,0x00002064,0x000002b8,0x00050091,0x00000015,0x00002042,0x000002c6,0x00002040,
0x0007000c,0x00000015,0x00002028,0x00000001,0x00000028,0x00002042,0x00000162,0x000200f9,
0x00002029,0x000200f8,0x00002029,0x000900f5,0x00000015,0x000022cf,0x0000200e,0x0000200a,
0x00002024,0x00002012,0x00002028,0x00002025,0x000200f9,0x00001ffe,0x000200f8,0x00001ffe,
0x000700f5,0x00000015,0x000022d0,0x00001fef,0x00001fed,0x000022cf,0x00002029,0x000500c7,
0x00000057,0x00000df8,0x0000156e,0x00000107,0x000500ab,0x00000051,0x00000df9,0x00000df8,
0x00000111,0x000300f7,0x00000dfb,0x00000000,0x000400fa,0x00000df9,0x00000dfa,0x00000dfb,
0x000200f8,0x00000dfa,0x0005008e,0x00000015,0x00000dfd,0x000022d0,0x00000a7f,0x0007000c,
0x00000015,0x00000dff,0x00000001,0x0000001a,0x000022d0,0x00000a85,0x0005008e,0x00000015,
0x00000e00,0x00000dff,0x00000a82,0x00050083,0x00000015,0x00000e02,0x00000e00,0x00002339,
0x000500ba,0x00000a8e,0x00000e04,0x000022d0,0x00000a8d,0x000600a9,0x00000015,0x00000e05,
0x00000e04,0x00000e02,0x00000dfd,0x000200f9,0x00000dfb,0x000200f8,0x00000dfb,0x000700f5,
0x00000015,0x000022d1,0x000022d0,0x00001ffe,0x00000e05,0x00000dfa,0x000300f7,0x00000e0c,
0x00000000,0x000400fa,0x00000b18,0x00000e0b,0x00000e0f,0x000200f8,0x00000e0b,0x00050051,
0x00000006,0x00000e0e,0x00000b00,0x00000003,0x000200f9,0x00000e0c,0x000200f8,0x00000e0f,
0x000200f9,0x00000e0c,0x000200f8,0x00000e0c,0x000700f5,0x00000006,0x000022d2,0x00000e0e,
0x00000e0b,0x000000e1,0x00000e0f,0x00050051,0x00000006,0x00000e11,0x000022d1,0x00000000,
0x00050051,0x00000006,0x00000e12,0x000022d1,0x00000001,0x00050051,0x00000006,0x00000e13,
0x000022d1,0x00000002,0x00070050,0x0000006d,0x00000e14,0x00000e11,0x00000e12,0x00000e13,
0x000022d2,0x0003003e,0x00000a92,0x00000e14,0x000300f7,0x00000e19,0x00000000,0x000400fa,
0x00000b18,0x00000e18,0x00000e19,0x000200f8,0x00000e18,0x00050051,0x00000006,0x00000e1c,
0x00000b00,0x00000003,0x0008000c,0x00000006,0x0000206d,0x00000001,0x0000002b,0x00000e1c,
0x000000dc,0x000000dd,0x0003003e,0x000000da,0x0000206d,0x0008000c,0x00000006,0x0000206f,
0x00000001,0x0000002b,0x00000e1c,0x000000dc,0x000000e1,0x0003003e,0x000000df,0x0000206f,
0x000200f9,0x00000e19,0x000200f8,0x00000e19,0x000200f9,0x00000e1e,0x000200f8,0x00000e1e,
0x000100fd,0x00010038,
};
inline constexpr uint32_t kDirt_Road_Coverage_Shade_FallbackFragSpirvSize = sizeof(kDirt_Road_Coverage_Shade_FallbackFragSpirv);

} // namespace ae::rhi::shaders
