// GERADO por tools/generate-embedded-shaders.ps1 com glslc -O (NDK pinado).
// Não editar este arquivo manualmente; altere os GLSL e regenere.
#pragma once

#include <cstdint>

namespace ae::rhi::shaders {

inline constexpr uint32_t kDirt_Road_Coverage_ShadeFragSpirv[] = {
0x07230203,0x00010300,0x000d000a,0x00002506,0x00000000,0x00020011,0x00000001,0x00020011,
0x00000032,0x00020011,0x000014b6,0x0008000a,0x5f565053,0x5f545845,0x63736564,0x74706972,
0x695f726f,0x7865646e,0x00676e69,0x0006000b,0x00000001,0x4c534c47,0x6474732e,0x3035342e,
0x00000000,0x0003000e,0x00000000,0x00000001,0x0010000f,0x00000004,0x00000004,0x6e69616d,
0x00000000,0x000000da,0x000000df,0x000006ae,0x000006af,0x000006b9,0x000006bb,0x00000a64,
0x00000a66,0x00000aac,0x00000acd,0x00000c65,0x00030010,0x00000004,0x00000007,0x00030010,
0x00000004,0x00000009,0x00030047,0x000000da,0x00000000,0x00040047,0x000000da,0x0000001e,
0x00000001,0x00030047,0x000000df,0x00000000,0x00040047,0x000000df,0x0000001e,0x00000002,
0x00040047,0x000000f6,0x00000006,0x00000040,0x00040047,0x000000f8,0x00000006,0x00000010,
0x00040047,0x000000f9,0x00000006,0x00000010,0x00040047,0x000000fa,0x00000006,0x00000010,
0x00040047,0x000000fb,0x00000006,0x00000010,0x00040047,0x000000fd,0x00000006,0x00000010,
0x00040047,0x000000ff,0x00000006,0x00000040,0x00040047,0x00000100,0x00000006,0x00000010,
0x00040047,0x00000102,0x00000006,0x00000010,0x00050048,0x00000103,0x00000000,0x00000023,
0x00000000,0x00050048,0x00000103,0x00000001,0x00000023,0x00000010,0x00050048,0x00000103,
0x00000002,0x00000023,0x00000020,0x00050048,0x00000103,0x00000003,0x00000023,0x00000030,
0x00050048,0x00000103,0x00000004,0x00000023,0x00000040,0x00050048,0x00000103,0x00000005,
0x00000023,0x00000050,0x00050048,0x00000103,0x00000006,0x00000023,0x00000060,0x00050048,
0x00000103,0x00000007,0x00000023,0x00000070,0x00050048,0x00000103,0x00000008,0x00000023,
0x00000080,0x00050048,0x00000103,0x00000009,0x00000023,0x00000090,0x00050048,0x00000103,
0x0000000a,0x00000023,0x000000a0,0x00050048,0x00000103,0x0000000b,0x00000023,0x000000b0,
0x00050048,0x00000103,0x0000000c,0x00000023,0x000000c0,0x00050048,0x00000103,0x0000000d,
0x00000023,0x000000d0,0x00050048,0x00000103,0x0000000e,0x00000023,0x000000e0,0x00050048,
0x00000103,0x0000000f,0x00000023,0x000000f0,0x00050048,0x00000103,0x00000010,0x00000023,
0x00000100,0x00050048,0x00000103,0x00000011,0x00000023,0x00000110,0x00040048,0x00000103,
0x00000012,0x00000005,0x00050048,0x00000103,0x00000012,0x00000023,0x00000120,0x00050048,
0x00000103,0x00000012,0x00000007,0x00000010,0x00050048,0x00000103,0x00000013,0x00000023,
0x00000220,0x00050048,0x00000103,0x00000014,0x00000023,0x00000230,0x00050048,0x00000103,
0x00000015,0x00000023,0x00000240,0x00050048,0x00000103,0x00000016,0x00000023,0x00000250,
0x00050048,0x00000103,0x00000017,0x00000023,0x00000260,0x00050048,0x00000103,0x00000018,
0x00000023,0x00000270,0x00050048,0x00000103,0x00000019,0x00000023,0x00000280,0x00050048,
0x00000103,0x0000001a,0x00000023,0x00000290,0x00050048,0x00000103,0x0000001b,0x00000023,
0x000002a0,0x00050048,0x00000103,0x0000001c,0x00000023,0x000002b0,0x00050048,0x00000103,
0x0000001d,0x00000023,0x000002c0,0x00050048,0x00000103,0x0000001e,0x00000023,0x000002d0,
0x00050048,0x00000103,0x0000001f,0x00000023,0x00000350,0x00050048,0x00000103,0x00000020,
0x00000023,0x000003d0,0x00050048,0x00000103,0x00000021,0x00000023,0x000003e0,0x00050048,
0x00000103,0x00000022,0x00000023,0x00000460,0x00050048,0x00000103,0x00000023,0x00000023,
0x000004e0,0x00050048,0x00000103,0x00000024,0x00000023,0x000004f0,0x00050048,0x00000103,
0x00000025,0x00000023,0x00000500,0x00050048,0x00000103,0x00000026,0x00000023,0x00000510,
0x00050048,0x00000103,0x00000027,0x00000023,0x00000710,0x00040048,0x00000103,0x00000028,
0x00000005,0x00050048,0x00000103,0x00000028,0x00000023,0x00000720,0x00050048,0x00000103,
0x00000028,0x00000007,0x00000010,0x00050048,0x00000103,0x00000029,0x00000023,0x00000b20,
0x00050048,0x00000103,0x0000002a,0x00000023,0x00000c20,0x00030047,0x00000103,0x00000002,
0x00040047,0x00000105,0x00000022,0x00000001,0x00040047,0x00000105,0x00000021,0x00000000,
0x00030047,0x000001e9,0x00000000,0x00040047,0x000001e9,0x00000001,0x00000002,0x00040047,
0x000001fb,0x00000022,0x00000001,0x00040047,0x000001fb,0x00000021,0x00000001,0x00040047,
0x00000235,0x00000022,0x00000001,0x00040047,0x00000235,0x00000021,0x00000003,0x00040047,
0x00000256,0x00000022,0x00000001,0x00040047,0x00000256,0x00000021,0x00000004,0x00040047,
0x000003a2,0x00000022,0x00000001,0x00040047,0x000003a2,0x00000021,0x00000002,0x00050048,
0x00000578,0x00000000,0x00000023,0x00000000,0x00050048,0x00000578,0x00000001,0x00000023,
0x00000010,0x00050048,0x00000578,0x00000002,0x00000023,0x00000020,0x00050048,0x00000578,
0x00000003,0x00000023,0x00000030,0x00050048,0x00000578,0x00000004,0x00000023,0x00000040,
0x00050048,0x00000578,0x00000005,0x00000023,0x00000050,0x00050048,0x00000578,0x00000006,
0x00000023,0x00000060,0x00050048,0x00000578,0x00000007,0x00000023,0x00000070,0x00030047,
0x00000578,0x00000002,0x00040047,0x00000582,0x00000006,0x00000010,0x00040048,0x00000583,
0x00000000,0x00000018,0x00050048,0x00000583,0x00000000,0x00000023,0x00000000,0x00030047,
0x00000583,0x00000002,0x00040047,0x00000585,0x00000022,0x00000001,0x00040047,0x00000585,
0x00000021,0x00000010,0x00040047,0x000006ae,0x0000001e,0x00000000,0x00030047,0x000006af,
0x00000000,0x00040047,0x000006af,0x0000001e,0x00000001,0x00040047,0x000006b9,0x0000001e,
0x00000004,0x00040047,0x000006bb,0x0000001e,0x00000003,0x00030047,0x000006c7,0x00000000,
0x00040047,0x000006c7,0x00000001,0x00000001,0x00040047,0x0000087f,0x00000022,0x00000001,
0x00040047,0x0000087f,0x00000021,0x00000011,0x00030047,0x00000939,0x00000000,0x00040047,
0x00000939,0x00000001,0x00000005,0x00030047,0x00000a5f,0x00000000,0x00040047,0x00000a5f,
0x00000001,0x00000003,0x00040047,0x00000a64,0x0000000b,0x0000000f,0x00030047,0x00000a66,
0x00000000,0x00040047,0x00000a66,0x0000001e,0x00000006,0x00030047,0x00000a6b,0x00000000,
0x00030047,0x00000a75,0x00000000,0x00040047,0x00000a75,0x00000001,0x00000000,0x00030047,
0x00000a82,0x00000000,0x00030047,0x00000a8b,0x00000000,0x00030047,0x00000a8c,0x00000000,
0x00030047,0x00000a9b,0x00000000,0x00030047,0x00000aa0,0x00000000,0x00030047,0x00000aa1,
0x00000000,0x00030047,0x00000aa4,0x00000000,0x00030047,0x00000aa9,0x00000000,0x00030047,
0x00000aaa,0x00000000,0x00040047,0x00000aac,0x0000001e,0x00000000,0x00030047,0x00000aae,
0x00000000,0x00030047,0x00000aaf,0x00000000,0x00030047,0x00000ab0,0x00000000,0x00030047,
0x00000ab1,0x00000000,0x00030047,0x00000abe,0x00000000,0x00030047,0x00000acd,0x00000000,
0x00040047,0x00000acd,0x0000001e,0x00000005,0x00030047,0x00000ad6,0x00000000,0x00040047,
0x00000add,0x00000022,0x00000000,0x00040047,0x00000add,0x00000021,0x00000000,0x00030047,
0x00000b1d,0x00000000,0x00030047,0x00000b1f,0x00000000,0x00030047,0x00000b20,0x00000000,
0x00030047,0x00000b21,0x00000000,0x00030047,0x00000b22,0x00000000,0x00030047,0x00000b24,
0x00000000,0x00030047,0x00000b31,0x00000000,0x00030047,0x00000b40,0x00000000,0x00030047,
0x00000b4a,0x00000000,0x00030047,0x00000b50,0x00000000,0x00030047,0x00000b5d,0x00000000,
0x00030047,0x00000b70,0x00000000,0x00030047,0x00000b76,0x00000000,0x00030047,0x00000b84,
0x00000000,0x00030047,0x00000b97,0x00000000,0x00030047,0x00000bb0,0x00000000,0x00040047,
0x00000bb0,0x00000001,0x00000004,0x00030047,0x00000bd0,0x00000000,0x00030047,0x00000bd1,
0x00000000,0x00030047,0x00000bf2,0x00000000,0x00030047,0x00000bfd,0x00000000,0x00030047,
0x00000c05,0x00000000,0x00030047,0x00000c12,0x00000000,0x00030047,0x00000c33,0x00000000,
0x00030047,0x00000c55,0x00000000,0x00030047,0x00000c56,0x00000000,0x00030047,0x00000c65,
0x00000000,0x00040047,0x00000c65,0x0000001e,0x00000002,0x00030047,0x00000c66,0x00000000,
0x00030047,0x00000c67,0x00000000,0x00030047,0x00000c6c,0x00000000,0x00030047,0x00000c6d,
0x00000000,0x00030047,0x00000c6e,0x00000000,0x00030047,0x00000c89,0x00000000,0x00030047,
0x00000c96,0x00000000,0x00030047,0x00000ca0,0x00000000,0x00030047,0x00000ca7,0x00000000,
0x00030047,0x00000ca9,0x00000000,0x00030047,0x00000cd3,0x00000000,0x00030047,0x00000cd4,
0x00000000,0x00030047,0x00000cdd,0x00000000,0x00030047,0x00000ce4,0x00000000,0x00030047,
0x00000ceb,0x00000000,0x00030047,0x00000ced,0x00000000,0x00030047,0x00000cf6,0x00000000,
0x00030047,0x00000d00,0x00000000,0x00030047,0x00000d01,0x00000000,0x00030047,0x00000d12,
0x00000000,0x00030047,0x00000d14,0x00000000,0x00030047,0x00000d15,0x00000000,0x00030047,
0x00000d30,0x00000000,0x00030047,0x00000d31,0x00000000,0x00030047,0x00000d33,0x00000000,
0x00030047,0x00000d35,0x00000000,0x00030047,0x00000d36,0x00000000,0x00030047,0x00000d3a,
0x00000000,0x00030047,0x00000d7c,0x00000000,0x00030047,0x00000d94,0x00000000,0x00030047,
0x00000d98,0x00000000,0x00030047,0x00000d99,0x00000000,0x00030047,0x00000d9f,0x00000000,
0x00030047,0x00000dc7,0x00000000,0x00030047,0x00000dca,0x00000000,0x00030047,0x00000dce,
0x00000000,0x00030047,0x00000ded,0x00000000,0x00030047,0x00000def,0x00000000,0x00030047,
0x00000e0e,0x00000000,0x00030047,0x00000e0f,0x00000000,0x00030047,0x00000e12,0x00000000,
0x00030047,0x00000e13,0x00000000,0x00030047,0x00000e14,0x00000000,0x00030047,0x00000e15,
0x00000000,0x00030047,0x00000e1f,0x00000000,0x00030047,0x00000e20,0x00000000,0x00030047,
0x00000e24,0x00000000,0x00030047,0x00000e26,0x00000000,0x00030047,0x00000e28,0x00000000,
0x00030047,0x00000e79,0x00000000,0x00030047,0x00000e7d,0x00000000,0x00030047,0x00000e7f,
0x00000000,0x00030047,0x00000e8b,0x00000000,0x00030047,0x00000e8d,0x00000000,0x00030047,
0x00000e8e,0x00000000,0x00030047,0x00000e90,0x00000000,0x00030047,0x00000e92,0x00000000,
0x00030047,0x00000e93,0x00000000,0x00030047,0x00000e95,0x00000000,0x00030047,0x00000e96,
0x00000000,0x00030047,0x00000e97,0x00000000,0x00030047,0x00000e98,0x00000000,0x00030047,
0x00000ea4,0x00000000,0x00030047,0x00000ea6,0x00000000,0x00030047,0x00000ea7,0x00000000,
0x00030047,0x00000ea9,0x00000000,0x00030047,0x00000eab,0x00000000,0x00030047,0x00000eac,
0x00000000,0x00030047,0x00000eaf,0x00000000,0x00030047,0x00000eb5,0x00000000,0x00030047,
0x00000eb8,0x00000000,0x00030047,0x00000eb9,0x00000000,0x00030047,0x00000eba,0x00000000,
0x00030047,0x00000ebb,0x00000000,0x00030047,0x00000ec3,0x00000000,0x00030047,0x0000050f,
0x00000000,0x00030047,0x00000a81,0x00000000,0x00030047,0x0000018e,0x00000000,0x00030047,
0x0000058a,0x00000000,0x00030047,0x00000f2d,0x00000000,0x00030047,0x00000f2e,0x00000000,
0x00030047,0x00000f30,0x00000000,0x00030047,0x00000f31,0x00000000,0x00030047,0x00000f3d,
0x00000000,0x00030047,0x00000f8b,0x00000000,0x00030047,0x00000f8c,0x00000000,0x00030047,
0x00000f91,0x00000000,0x00030047,0x00000f93,0x00000000,0x00030047,0x00000f94,0x00000000,
0x00030047,0x00000f9a,0x00000000,0x00030047,0x00000f9c,0x00000000,0x00030047,0x00000f9e,
0x00000000,0x00030047,0x00000f9f,0x00000000,0x00030047,0x00000fa4,0x00000000,0x00030047,
0x00000fa6,0x00000000,0x00030047,0x00000fae,0x00000000,0x00030047,0x00000fcb,0x00000000,
0x00030047,0x00000fcc,0x00000000,0x00030047,0x00000fd2,0x00000000,0x00030047,0x00000fd3,
0x00000000,0x00030047,0x00000fd6,0x00000000,0x00030047,0x00000fd7,0x00000000,0x00030047,
0x00000fd9,0x00000000,0x00030047,0x00000fdc,0x00000000,0x00030047,0x00000fdd,0x00000000,
0x00030047,0x00000fdf,0x00000000,0x00030047,0x00000fe1,0x00000000,0x00030047,0x00000ffc,
0x00000000,0x00030047,0x00000ffe,0x00000000,0x00030047,0x00001000,0x00000000,0x00030047,
0x00001002,0x00000000,0x00030047,0x00001003,0x00000000,0x00030047,0x00001005,0x00000000,
0x00030047,0x00001006,0x00000000,0x00030047,0x00001007,0x00000000,0x00030047,0x0000100f,
0x00000000,0x00030047,0x00001018,0x00000000,0x00030047,0x00001019,0x00000000,0x00030047,
0x0000101f,0x00000000,0x00030047,0x00001022,0x00000000,0x00030047,0x00001024,0x00000000,
0x00030047,0x000010d9,0x00000000,0x00030047,0x000010f1,0x00000000,0x00030047,0x000010fd,
0x00000000,0x00030047,0x00001121,0x00000000,0x00030047,0x0000112d,0x00000000,0x00030047,
0x0000119e,0x00000000,0x00030047,0x0000119f,0x00000000,0x00030047,0x000011a1,0x00000000,
0x00030047,0x000011a2,0x00000000,0x00030047,0x000011a3,0x00000000,0x00030047,0x000011c9,
0x00000000,0x00030047,0x000011cc,0x00000000,0x00030047,0x000011cd,0x00000000,0x00030047,
0x00001240,0x00000000,0x00030047,0x0000124f,0x00000000,0x00030047,0x00001251,0x00000000,
0x00030047,0x00001252,0x00000000,0x00030047,0x00001264,0x00000000,0x00030047,0x00001268,
0x00000000,0x00030047,0x0000126b,0x00000000,0x00030047,0x000012bf,0x00000000,0x00030047,
0x000012c0,0x00000000,0x00030047,0x000012c2,0x00000000,0x00030047,0x000012c3,0x00000000,
0x00030047,0x000012c4,0x00000000,0x00030047,0x000012ea,0x00000000,0x00030047,0x000012ed,
0x00000000,0x00030047,0x000012ee,0x00000000,0x00030047,0x00001361,0x00000000,0x00030047,
0x00001370,0x00000000,0x00030047,0x00001372,0x00000000,0x00030047,0x00001373,0x00000000,
0x00030047,0x00001385,0x00000000,0x00030047,0x00001389,0x00000000,0x00030047,0x0000138c,
0x00000000,0x00030047,0x0000141a,0x00000000,0x00030047,0x00001424,0x00000000,0x00030047,
0x00001425,0x00000000,0x00030047,0x00001427,0x00000000,0x00030047,0x00001428,0x00000000,
0x00030047,0x0000148c,0x00000000,0x00030047,0x000014a0,0x00000000,0x00030047,0x000014a2,
0x00000000,0x00030047,0x000014a4,0x00000000,0x00030047,0x000014aa,0x00000000,0x00030047,
0x000014b0,0x00000000,0x00030047,0x000014b1,0x00000000,0x00030047,0x000014b2,0x00000000,
0x00030047,0x000014bd,0x00000000,0x00030047,0x000014c3,0x00000000,0x00030047,0x000014c4,
0x00000000,0x00030047,0x000014c5,0x00000000,0x00030047,0x000014cc,0x00000000,0x00030047,
0x000014cd,0x00000000,0x00030047,0x0000151e,0x00000000,0x00030047,0x0000152c,0x00000000,
0x00030047,0x0000152d,0x00000000,0x00030047,0x00001530,0x00000000,0x00030047,0x0000154c,
0x00000000,0x00030047,0x0000154e,0x00000000,0x00030047,0x00001567,0x00000000,0x00030047,
0x00001577,0x00000000,0x00030047,0x0000158b,0x00000000,0x00030047,0x0000159f,0x00000000,
0x00030047,0x000015a1,0x00000000,0x00030047,0x000015a3,0x00000000,0x00030047,0x000015a9,
0x00000000,0x00030047,0x000015af,0x00000000,0x00030047,0x000015b0,0x00000000,0x00030047,
0x000015b1,0x00000000,0x00030047,0x000015bc,0x00000000,0x00030047,0x000015c2,0x00000000,
0x00030047,0x000015c3,0x00000000,0x00030047,0x000015c4,0x00000000,0x00030047,0x000015cb,
0x00000000,0x00030047,0x000015cc,0x00000000,0x00030047,0x0000165d,0x00000000,0x00030047,
0x00001671,0x00000000,0x00030047,0x00001673,0x00000000,0x00030047,0x00001675,0x00000000,
0x00030047,0x0000167b,0x00000000,0x00030047,0x00001681,0x00000000,0x00030047,0x00001682,
0x00000000,0x00030047,0x00001683,0x00000000,0x00030047,0x0000168e,0x00000000,0x00030047,
0x00001694,0x00000000,0x00030047,0x00001695,0x00000000,0x00030047,0x00001696,0x00000000,
0x00030047,0x0000169d,0x00000000,0x00030047,0x0000169e,0x00000000,0x00030047,0x000016fc,
0x00000000,0x00030047,0x0000170c,0x00000000,0x00030047,0x00001734,0x00000000,0x00030047,
0x00001736,0x00000000,0x00030047,0x00001738,0x00000000,0x00030047,0x0000173e,0x00000000,
0x00030047,0x00001744,0x00000000,0x00030047,0x00001745,0x00000000,0x00030047,0x00001746,
0x00000000,0x00030047,0x00001751,0x00000000,0x00030047,0x00001757,0x00000000,0x00030047,
0x00001758,0x00000000,0x00030047,0x00001759,0x00000000,0x00030047,0x00001760,0x00000000,
0x00030047,0x00001761,0x00000000,0x00030047,0x0000180e,0x00000000,0x00030047,0x00001810,
0x00000000,0x00030047,0x00001812,0x00000000,0x00030047,0x00001818,0x00000000,0x00030047,
0x0000181e,0x00000000,0x00030047,0x0000181f,0x00000000,0x00030047,0x00001820,0x00000000,
0x00030047,0x0000182f,0x00000000,0x00030047,0x00001831,0x00000000,0x00030047,0x00001832,
0x00000000,0x00030047,0x00001837,0x00000000,0x00030047,0x0000183b,0x00000000,0x00030047,
0x0000183c,0x00000000,0x00030047,0x0000183d,0x00000000,0x00030047,0x0000184d,0x00000000,
0x00030047,0x0000184e,0x00000000,0x00030047,0x0000184f,0x00000000,0x00030047,0x00001852,
0x00000000,0x00030047,0x00001853,0x00000000,0x00030047,0x00001862,0x00000000,0x00030047,
0x00001864,0x00000000,0x00030047,0x00001865,0x00000000,0x00030047,0x0000188c,0x00000000,
0x00030047,0x000018a4,0x00000000,0x00030047,0x000018b0,0x00000000,0x00030047,0x000018d4,
0x00000000,0x00030047,0x000018e0,0x00000000,0x00030047,0x00001951,0x00000000,0x00030047,
0x00001952,0x00000000,0x00030047,0x00001954,0x00000000,0x00030047,0x00001955,0x00000000,
0x00030047,0x00001956,0x00000000,0x00030047,0x0000197c,0x00000000,0x00030047,0x0000197f,
0x00000000,0x00030047,0x00001980,0x00000000,0x00030047,0x000019f3,0x00000000,0x00030047,
0x00001a02,0x00000000,0x00030047,0x00001a04,0x00000000,0x00030047,0x00001a05,0x00000000,
0x00030047,0x00001a17,0x00000000,0x00030047,0x00001a1b,0x00000000,0x00030047,0x00001a1e,
0x00000000,0x00030047,0x00001a72,0x00000000,0x00030047,0x00001a73,0x00000000,0x00030047,
0x00001a75,0x00000000,0x00030047,0x00001a76,0x00000000,0x00030047,0x00001a77,0x00000000,
0x00030047,0x00001a9d,0x00000000,0x00030047,0x00001aa0,0x00000000,0x00030047,0x00001aa1,
0x00000000,0x00030047,0x00001b14,0x00000000,0x00030047,0x00001b23,0x00000000,0x00030047,
0x00001b25,0x00000000,0x00030047,0x00001b26,0x00000000,0x00030047,0x00001b38,0x00000000,
0x00030047,0x00001b3c,0x00000000,0x00030047,0x00001b3f,0x00000000,0x00030047,0x00001b5e,
0x00000000,0x00030047,0x00001b65,0x00000000,0x00030047,0x00001b66,0x00000000,0x00030047,
0x00001b69,0x00000000,0x00030047,0x00001b6a,0x00000000,0x00030047,0x00001b6d,0x00000000,
0x00030047,0x00001b6e,0x00000000,0x00030047,0x00001b71,0x00000000,0x00030047,0x00001b72,
0x00000000,0x00030047,0x00001b79,0x00000000,0x00030047,0x00001b7b,0x00000000,0x00030047,
0x00001b7d,0x00000000,0x00030047,0x00001b80,0x00000000,0x00030047,0x00001b82,0x00000000,
0x00030047,0x00001b87,0x00000000,0x00030047,0x00001b8e,0x00000000,0x00030047,0x00001b8f,
0x00000000,0x00030047,0x00001b9b,0x00000000,0x00030047,0x00001ba1,0x00000000,0x00030047,
0x00001ba3,0x00000000,0x00030047,0x00001ba4,0x00000000,0x00030047,0x00001ba6,0x00000000,
0x00030047,0x00001ba8,0x00000000,0x00030047,0x00001bab,0x00000000,0x00030047,0x00001bac,
0x00000000,0x00030047,0x00001bae,0x00000000,0x00030047,0x00001bb0,0x00000000,0x00030047,
0x00001bb8,0x00000000,0x00030047,0x00001bba,0x00000000,0x00030047,0x00001bbc,0x00000000,
0x00030047,0x00001bbd,0x00000000,0x00030047,0x00001bbf,0x00000000,0x00030047,0x00001bc0,
0x00000000,0x00030047,0x00001bc6,0x00000000,0x00030047,0x00001bc9,0x00000000,0x00030047,
0x00001bcb,0x00000000,0x00030047,0x00001bd1,0x00000000,0x00030047,0x00001bd4,0x00000000,
0x00030047,0x00001bd6,0x00000000,0x00030047,0x00001bdc,0x00000000,0x00030047,0x00001bdf,
0x00000000,0x00030047,0x00001be1,0x00000000,0x00030047,0x00001c55,0x00000000,0x00030047,
0x00001c5a,0x00000000,0x00030047,0x00001c5f,0x00000000,0x00030047,0x00001c64,0x00000000,
0x00030047,0x00001c7f,0x00000000,0x00030047,0x00001c80,0x00000000,0x00030047,0x00001c83,
0x00000000,0x00030047,0x00001c8b,0x00000000,0x00030047,0x00001c8d,0x00000000,0x00030047,
0x00001c8e,0x00000000,0x00030047,0x00001c90,0x00000000,0x00030047,0x00001c93,0x00000000,
0x00030047,0x00001c94,0x00000000,0x00030047,0x00001c95,0x00000000,0x00030047,0x00001c9a,
0x00000000,0x00030047,0x00001caa,0x00000000,0x00030047,0x00001cad,0x00000000,0x00030047,
0x00001caf,0x00000000,0x00030047,0x00001cbe,0x00000000,0x00030047,0x00001cc1,0x00000000,
0x00030047,0x00001cf6,0x00000000,0x00030047,0x00001d14,0x00000000,0x00030047,0x00001d21,
0x00000000,0x00030047,0x00001d28,0x00000000,0x00030047,0x00001e03,0x00000000,0x00030047,
0x00001e0a,0x00000000,0x00030047,0x00001e0b,0x00000000,0x00030047,0x00001e0e,0x00000000,
0x00030047,0x00001e0f,0x00000000,0x00030047,0x00001e12,0x00000000,0x00030047,0x00001e13,
0x00000000,0x00030047,0x00001e16,0x00000000,0x00030047,0x00001e17,0x00000000,0x00030047,
0x00001e1e,0x00000000,0x00030047,0x00001e20,0x00000000,0x00030047,0x00001e22,0x00000000,
0x00030047,0x00001e25,0x00000000,0x00030047,0x00001e27,0x00000000,0x00030047,0x00001e2c,
0x00000000,0x00030047,0x00001e33,0x00000000,0x00030047,0x00001e34,0x00000000,0x00030047,
0x00001e40,0x00000000,0x00030047,0x00001e46,0x00000000,0x00030047,0x00001e48,0x00000000,
0x00030047,0x00001e49,0x00000000,0x00030047,0x00001e4b,0x00000000,0x00030047,0x00001e4d,
0x00000000,0x00030047,0x00001e50,0x00000000,0x00030047,0x00001e51,0x00000000,0x00030047,
0x00001e53,0x00000000,0x00030047,0x00001e55,0x00000000,0x00030047,0x00001e5d,0x00000000,
0x00030047,0x00001e5f,0x00000000,0x00030047,0x00001e61,0x00000000,0x00030047,0x00001e62,
0x00000000,0x00030047,0x00001e64,0x00000000,0x00030047,0x00001e65,0x00000000,0x00030047,
0x00001e6b,0x00000000,0x00030047,0x00001e6e,0x00000000,0x00030047,0x00001e70,0x00000000,
0x00030047,0x00001e76,0x00000000,0x00030047,0x00001e79,0x00000000,0x00030047,0x00001e7b,
0x00000000,0x00030047,0x00001e81,0x00000000,0x00030047,0x00001e84,0x00000000,0x00030047,
0x00001e86,0x00000000,0x00030047,0x00001ef3,0x00000000,0x00030047,0x00001ef5,0x00000000,
0x00030047,0x00001ef6,0x00000000,0x00030047,0x00001f04,0x00000000,0x00030047,0x00001f18,
0x00000000,0x00030047,0x00001f20,0x00000000,0x00030047,0x00001f22,0x00000000,0x00030047,
0x00001f24,0x00000000,0x00030047,0x00001f26,0x00000000,0x00030047,0x00001f28,0x00000000,
0x00030047,0x00001f2a,0x00000000,0x00030047,0x00001f2c,0x00000000,0x00030047,0x00001f2e,
0x00000000,0x00030047,0x00001f30,0x00000000,0x00030047,0x00001f32,0x00000000,0x00030047,
0x00001f34,0x00000000,0x00030047,0x00001f36,0x00000000,0x00030047,0x00001f39,0x00000000,
0x00030047,0x00001f3a,0x00000000,0x00030047,0x00001f3e,0x00000000,0x00030047,0x00001f44,
0x00000000,0x00030047,0x00001f45,0x00000000,0x00030047,0x00001f46,0x00000000,0x00030047,
0x00001f53,0x00000000,0x00030047,0x00001f59,0x00000000,0x00030047,0x00001f5c,0x00000000,
0x00030047,0x00001fb5,0x00000000,0x00030047,0x00002058,0x00000000,0x00030047,0x0000205a,
0x00000000,0x00030047,0x0000205b,0x00000000,0x00030047,0x00002060,0x00000000,0x00030047,
0x00002062,0x00000000,0x00030047,0x00002063,0x00000000,0x00030047,0x0000206c,0x00000000,
0x00030047,0x0000206e,0x00000000,0x00030047,0x00002070,0x00000000,0x00030047,0x00002071,
0x00000000,0x00030047,0x00002073,0x00000000,0x00030047,0x00002074,0x00000000,0x00030047,
0x0000207a,0x00000000,0x00030047,0x0000207d,0x00000000,0x00030047,0x0000207f,0x00000000,
0x00030047,0x00002098,0x00000000,0x00030047,0x000020a8,0x00000000,0x00030047,0x000020d0,
0x00000000,0x00030047,0x000020d2,0x00000000,0x00030047,0x000020d4,0x00000000,0x00030047,
0x000020da,0x00000000,0x00030047,0x000020e0,0x00000000,0x00030047,0x000020e1,0x00000000,
0x00030047,0x000020e2,0x00000000,0x00030047,0x000020ed,0x00000000,0x00030047,0x000020f3,
0x00000000,0x00030047,0x000020f4,0x00000000,0x00030047,0x000020f5,0x00000000,0x00030047,
0x000020fc,0x00000000,0x00030047,0x000020fd,0x00000000,0x00030047,0x000021d8,0x00000000,
0x00030047,0x000021da,0x00000000,0x00030047,0x00002220,0x00000000,0x00030047,0x00002258,
0x00000000,0x00030047,0x00002262,0x00000000,0x00030047,0x00002264,0x00000000,0x00030047,
0x000022ef,0x00000000,0x00030047,0x000022f1,0x00000000,0x00030047,0x000022f3,0x00000000,
0x00030047,0x000022f4,0x00000000,0x00030047,0x000022f9,0x00000000,0x00030047,0x000022fc,
0x00000000,0x00030047,0x00002301,0x00000000,0x00030047,0x00002300,0x00000000,0x00030047,
0x00002304,0x00000000,0x00030047,0x00002305,0x00000000,0x00030047,0x00002308,0x00000000,
0x00030047,0x0000230c,0x00000000,0x00030047,0x0000230d,0x00000000,0x00030047,0x0000233e,
0x00000000,0x00030047,0x0000233f,0x00000000,0x00030047,0x0000234b,0x00000000,0x00030047,
0x0000234e,0x00000000,0x00030047,0x0000234f,0x00000000,0x00030047,0x00002352,0x00000000,
0x00030047,0x00002356,0x00000000,0x00030047,0x0000235c,0x00000000,0x00030047,0x0000236a,
0x00000000,0x00030047,0x00002370,0x00000000,0x00030047,0x00002379,0x00000000,0x00030047,
0x0000237a,0x00000000,0x00030047,0x00002378,0x00000000,0x00030047,0x0000237b,0x00000000,
0x00030047,0x0000237c,0x00000000,0x00030047,0x00002395,0x00000000,0x00030047,0x00002396,
0x00000000,0x00030047,0x0000239a,0x00000000,0x00030047,0x0000239b,0x00000000,0x00030047,
0x0000239f,0x00000000,0x00030047,0x0000239e,0x00000000,0x00030047,0x0000239d,0x00000000,
0x00030047,0x000023a0,0x00000000,0x00030047,0x000023a1,0x00000000,0x00030047,0x000023a2,
0x00000000,0x00030047,0x000023a3,0x00000000,0x00030047,0x000023a4,0x00000000,0x00030047,
0x000023eb,0x00000000,0x00030047,0x000023ee,0x00000000,0x00030047,0x000023fc,0x00000000,
0x00030047,0x00002439,0x00000000,0x00030047,0x00002441,0x00000000,0x00030047,0x00002443,
0x00000000,0x00030047,0x00002444,0x00000000,0x00030047,0x00002452,0x00000000,0x00030047,
0x00002454,0x00000000,0x00030047,0x00002469,0x00000000,0x00030047,0x00002472,0x00000000,
0x00030047,0x00002474,0x00000000,0x00030047,0x00002477,0x00000000,0x00030047,0x00002478,
0x00000000,0x00030047,0x00002486,0x00000000,0x00030047,0x00002487,0x00000000,0x00030047,
0x00002488,0x00000000,0x00030047,0x00002490,0x00000000,0x00030047,0x00002491,0x00000000,
0x00030047,0x00002493,0x00000000,0x00030047,0x00002498,0x00000000,0x00030047,0x0000249b,
0x00000000,0x00030047,0x000024a1,0x00000000,0x00030047,0x000024af,0x00000000,0x00030047,
0x000024b5,0x00000000,0x00030047,0x000024be,0x00000000,0x00030047,0x000024bf,0x00000000,
0x00030047,0x000024bd,0x00000000,0x00030047,0x000024c0,0x00000000,0x00030047,0x000024c1,
0x00000000,0x00030047,0x000024dc,0x00000000,0x00030047,0x00002354,0x00000000,0x00030047,
0x00002357,0x00000000,0x00030047,0x00002358,0x00000000,0x00030047,0x00002359,0x00000000,
0x00030047,0x0000235b,0x00000000,0x00030047,0x0000236b,0x00000000,0x00030047,0x0000236c,
0x00000000,0x00030047,0x0000236d,0x00000000,0x00030047,0x0000236f,0x00000000,0x00030047,
0x00002399,0x00000000,0x00030047,0x000024dd,0x00000000,0x00030047,0x000023a8,0x00000000,
0x00030047,0x000023ec,0x00000000,0x00030047,0x000023ed,0x00000000,0x00030047,0x00002499,
0x00000000,0x00030047,0x0000249c,0x00000000,0x00030047,0x0000249d,0x00000000,0x00030047,
0x0000249e,0x00000000,0x00030047,0x000024a0,0x00000000,0x00030047,0x000024b0,0x00000000,
0x00030047,0x000024b1,0x00000000,0x00030047,0x000024b2,0x00000000,0x00030047,0x000024b4,
0x00000000,0x00020013,0x00000002,0x00030021,0x00000003,0x00000002,0x00030016,0x00000006,
0x00000020,0x00040020,0x00000007,0x00000007,0x00000006,0x00040017,0x00000015,0x00000006,
0x00000003,0x00040017,0x00000021,0x00000006,0x00000002,0x00040015,0x00000041,0x00000020,
0x00000001,0x00020014,0x00000051,0x00040015,0x00000057,0x00000020,0x00000000,0x00040017,
0x0000006d,0x00000006,0x00000004,0x00040018,0x00000077,0x00000021,0x00000002,0x00040020,
0x0000007c,0x00000007,0x0000006d,0x00040018,0x00000086,0x00000015,0x00000003,0x00040020,
0x000000d9,0x00000003,0x00000006,0x0004003b,0x000000d9,0x000000da,0x00000003,0x0004002b,
0x00000006,0x000000dc,0x00000000,0x0004002b,0x00000006,0x000000dd,0x3f666666,0x0004003b,
0x000000d9,0x000000df,0x00000003,0x0004002b,0x00000006,0x000000e1,0x3f800000,0x0004002b,
0x00000006,0x000000e8,0x3e99999a,0x00040018,0x000000f4,0x0000006d,0x00000004,0x0004002b,
0x00000057,0x000000f5,0x00000004,0x0004001c,0x000000f6,0x000000f4,0x000000f5,0x0004002b,
0x00000057,0x000000f7,0x00000008,0x0004001c,0x000000f8,0x0000006d,0x000000f7,0x0004001c,
0x000000f9,0x0000006d,0x000000f7,0x0004001c,0x000000fa,0x0000006d,0x000000f7,0x0004001c,
0x000000fb,0x0000006d,0x000000f7,0x0004002b,0x00000057,0x000000fc,0x00000020,0x0004001c,
0x000000fd,0x0000006d,0x000000fc,0x0004002b,0x00000057,0x000000fe,0x00000010,0x0004001c,
0x000000ff,0x000000f4,0x000000fe,0x0004001c,0x00000100,0x0000006d,0x000000fe,0x0004002b,
0x00000057,0x00000101,0x00000009,0x0004001c,0x00000102,0x0000006d,0x00000101,0x002d001e,
0x00000103,0x0000006d,0x0000006d,0x0000006d,0x0000006d,0x0000006d,0x0000006d,0x0000006d,
0x0000006d,0x0000006d,0x0000006d,0x0000006d,0x0000006d,0x0000006d,0x0000006d,0x0000006d,
0x0000006d,0x0000006d,0x0000006d,0x000000f6,0x0000006d,0x0000006d,0x0000006d,0x0000006d,
0x0000006d,0x0000006d,0x0000006d,0x0000006d,0x0000006d,0x0000006d,0x0000006d,0x000000f8,
0x000000f9,0x0000006d,0x000000fa,0x000000fb,0x0000006d,0x0000006d,0x0000006d,0x000000fd,
0x0000006d,0x000000ff,0x00000100,0x00000102,0x00040020,0x00000104,0x00000002,0x00000103,
0x0004003b,0x00000104,0x00000105,0x00000002,0x0004002b,0x00000041,0x00000106,0x00000003,
0x0004002b,0x00000057,0x00000107,0x00000001,0x00040020,0x00000108,0x00000002,0x00000006,
0x0004002b,0x00000057,0x00000111,0x00000000,0x0004002b,0x00000057,0x00000116,0x00000002,
0x0004001c,0x00000137,0x00000006,0x00000101,0x00040020,0x00000138,0x00000007,0x00000137,
0x0004002b,0x00000006,0x0000013a,0x3e906ebb,0x0004002b,0x00000006,0x0000013b,0x3efa2a1c,
0x0004002b,0x00000006,0x00000142,0x3f8bd8a1,0x0004002b,0x00000006,0x0000014b,0x3ea17b01,
0x0004002b,0x00000006,0x0000014c,0x40400000,0x0004002b,0x00000006,0x00000157,0x3f0bd8a1,
0x0006002c,0x00000015,0x00000162,0x000000dc,0x000000dc,0x000000dc,0x0004002b,0x00000041,
0x00000164,0x00000000,0x0004002b,0x00000041,0x0000016b,0x00000009,0x0004002b,0x00000041,
0x0000016d,0x0000002a,0x00040020,0x0000016f,0x00000002,0x0000006d,0x0004002b,0x00000041,
0x0000017a,0x00000001,0x0004002b,0x00000057,0x00000180,0x00000003,0x0004002b,0x00000006,
0x00000183,0x3f000000,0x0004002b,0x00000041,0x00000187,0x00000011,0x0004002b,0x00000041,
0x0000018e,0x00000008,0x0004002b,0x00000041,0x00000198,0x00000002,0x0004002b,0x00000006,
0x0000019b,0x40490fdb,0x0004002b,0x00000041,0x000001b0,0x00000006,0x0004002b,0x00000006,
0x000001bc,0x3e59b3d0,0x0004002b,0x00000006,0x000001bd,0x3f371759,0x0004002b,0x00000006,
0x000001be,0x3d93dd98,0x0006002c,0x00000015,0x000001bf,0x000001bc,0x000001bd,0x000001be,
0x0004002b,0x00000006,0x000001c6,0x40000000,0x0004002b,0x00000006,0x000001e2,0xbf800000,
0x00040032,0x00000057,0x000001e9,0x00000000,0x00060034,0x00000051,0x000001ea,0x000000aa,
0x000001e9,0x00000107,0x00060034,0x00000051,0x000001ee,0x000000aa,0x000001e9,0x00000111,
0x00090019,0x000001f8,0x00000006,0x00000001,0x00000000,0x00000000,0x00000000,0x00000001,
0x00000000,0x0003001b,0x000001f9,0x000001f8,0x00040020,0x000001fa,0x00000000,0x000001f9,
0x0004003b,0x000001fa,0x000001fb,0x00000000,0x0004002b,0x00000006,0x0000021a,0x322bcc77,
0x0005002c,0x00000021,0x00000228,0x000001e2,0x000001e2,0x0005002c,0x00000021,0x00000229,
0x000000e1,0x000000e1,0x0005002c,0x00000021,0x0000022b,0x000000dc,0x000000dc,0x00040017,
0x0000022c,0x00000051,0x00000002,0x0004003b,0x000001fa,0x00000235,0x00000000,0x0004002b,
0x00000041,0x00000247,0x0000000d,0x0004002b,0x00000006,0x00000251,0x3fc00000,0x0004003b,
0x000001fa,0x00000256,0x00000000,0x0004002b,0x00000006,0x00000260,0x3e800000,0x0004002b,
0x00000006,0x00000261,0x3f400000,0x0004002b,0x00000006,0x00000274,0x3cac0831,0x0004002b,
0x00000006,0x00000277,0x40805aee,0x0004002b,0x00000006,0x0000027b,0x41cd74bc,0x0004002b,
0x00000006,0x00000281,0x428cb7cf,0x0004002b,0x00000006,0x00000285,0x42958e56,0x0004002b,
0x00000006,0x0000028b,0x41d88d50,0x0004002b,0x00000006,0x00000294,0x2f5be6ff,0x0004002b,
0x00000006,0x00000297,0x3f0b7f1a,0x0004002b,0x00000006,0x00000298,0x3e0fcf85,0x0004002b,
0x00000006,0x00000299,0x3db5eb25,0x0006002c,0x00000015,0x0000029a,0x00000297,0x00000298,
0x00000299,0x0004002b,0x00000006,0x0000029b,0x3ebf6005,0x0004002b,0x00000006,0x0000029c,
0x3f410d54,0x0004002b,0x00000006,0x0000029d,0x3e372b91,0x0006002c,0x00000015,0x0000029e,
0x0000029b,0x0000029c,0x0000029d,0x0004002b,0x00000006,0x0000029f,0x3da6ad2b,0x0004002b,
0x00000006,0x000002a0,0x3dd7ed90,0x0004002b,0x00000006,0x000002a1,0x3f3b74bc,0x0006002c,
0x00000015,0x000002a2,0x0000029f,0x000002a0,0x000002a1,0x0006002c,0x00000086,0x000002a3,
0x0000029a,0x0000029e,0x000002a2,0x0004002b,0x00000006,0x000002a8,0xc1479539,0x0004002b,
0x00000006,0x000002a9,0x4080d58e,0x0004002b,0x00000006,0x000002b7,0x4019999a,0x0006002c,
0x00000015,0x000002b8,0x000002b7,0x000002b7,0x000002b7,0x0004002b,0x00000006,0x000002ba,
0x3ffb7668,0x0004002b,0x00000006,0x000002bb,0xbe9940ca,0x0004002b,0x00000006,0x000002bc,
0xbe28502c,0x0006002c,0x00000015,0x000002bd,0x000002ba,0x000002bb,0x000002bc,0x0004002b,
0x00000006,0x000002be,0xbf5b198a,0x0004002b,0x00000006,0x000002bf,0x3fa9c926,0x0004002b,
0x00000006,0x000002c0,0xbe73f129,0x0006002c,0x00000015,0x000002c1,0x000002be,0x000002bf,
0x000002c0,0x0004002b,0x00000006,0x000002c2,0xbddef5b8,0x0004002b,0x00000006,0x000002c3,
0xbcdddf4f,0x0004002b,0x00000006,0x000002c4,0x3fb38a8a,0x0006002c,0x00000015,0x000002c5,
0x000002c2,0x000002c3,0x000002c4,0x0006002c,0x00000086,0x000002c6,0x000002bd,0x000002c1,
0x000002c5,0x0006002c,0x00000015,0x000002d3,0x000000e1,0x000000e1,0x000000e1,0x0004002b,
0x00000006,0x000002dd,0x4020a3d7,0x0004002b,0x00000006,0x000002e0,0x3cf5c28f,0x0004002b,
0x00000006,0x000002e5,0x401b851f,0x0004002b,0x00000006,0x000002e8,0x3f170a3d,0x0004002b,
0x00000006,0x000002ec,0x3e0f5c29,0x0004002b,0x00000041,0x000002fa,0x0000000b,0x0004002b,
0x00000041,0x00000317,0x00000014,0x0004002b,0x00000041,0x0000031a,0x00000015,0x0004002b,
0x00000041,0x00000322,0x00000012,0x00040020,0x00000324,0x00000002,0x000000f4,0x0004002b,
0x00000041,0x00000392,0x00000016,0x00090019,0x0000039f,0x00000006,0x00000001,0x00000001,
0x00000000,0x00000000,0x00000001,0x00000000,0x0003001b,0x000003a0,0x0000039f,0x00040020,
0x000003a1,0x00000000,0x000003a0,0x0004003b,0x000003a1,0x000003a2,0x00000000,0x0004002b,
0x00000041,0x0000040f,0xffffffff,0x0004002b,0x00000006,0x0000043a,0x3de38e39,0x0004002b,
0x00000041,0x00000449,0x00000013,0x0004002b,0x00000006,0x00000486,0x38d1b717,0x0004002b,
0x00000041,0x0000048e,0x00000017,0x0003002a,0x00000051,0x000004da,0x00040017,0x000004dc,
0x00000041,0x00000002,0x0004001c,0x000004e4,0x00000006,0x000000fe,0x0004002b,0x00000006,
0x000004e5,0x3e000000,0x0004002b,0x00000006,0x000004e6,0x3f200000,0x0004002b,0x00000006,
0x000004e7,0x3f600000,0x0004002b,0x00000006,0x000004e8,0x3ec00000,0x0004002b,0x00000006,
0x000004e9,0x3e400000,0x0004002b,0x00000006,0x000004ea,0x3f300000,0x0004002b,0x00000006,
0x000004eb,0x3d800000,0x0004002b,0x00000006,0x000004ec,0x3f100000,0x0004002b,0x00000006,
0x000004ed,0x3f700000,0x0004002b,0x00000006,0x000004ee,0x3ee00000,0x0004002b,0x00000006,
0x000004ef,0x3f500000,0x0004002b,0x00000006,0x000004f0,0x3ea00000,0x0013002c,0x000004e4,
0x000004f1,0x000000dc,0x00000183,0x000004e5,0x000004e6,0x00000261,0x00000260,0x000004e7,
0x000004e8,0x000004e9,0x000004ea,0x000004eb,0x000004ec,0x000004ed,0x000004ee,0x000004ef,
0x000004f0,0x0004002b,0x00000041,0x000004f4,0x00000004,0x00040020,0x000004f9,0x00000007,
0x000004e4,0x0004002b,0x00000057,0x0000050f,0x00000100,0x0004002b,0x00000057,0x00000531,
0x0000000f,0x0004002b,0x00000057,0x00000535,0x0000000c,0x0005002c,0x00000021,0x0000055e,
0x00000183,0x00000183,0x00040017,0x00000577,0x00000057,0x00000004,0x000a001e,0x00000578,
0x0000006d,0x0000006d,0x0000006d,0x0000006d,0x0000006d,0x00000577,0x00000577,0x0000006d,
0x00040020,0x00000579,0x00000009,0x00000578,0x0004003b,0x00000579,0x0000057a,0x00000009,
0x00040020,0x0000057b,0x00000009,0x00000057,0x0003001d,0x00000582,0x0000006d,0x0003001e,
0x00000583,0x00000582,0x00040020,0x00000584,0x0000000c,0x00000583,0x0004003b,0x00000584,
0x00000585,0x0000000c,0x0004002b,0x00000057,0x0000058a,0x0000000e,0x00040020,0x0000058e,
0x0000000c,0x0000006d,0x0005002c,0x00000021,0x000005b4,0x000000e1,0x000000dc,0x0005002c,
0x00000021,0x000005b5,0x000000dc,0x000000e1,0x0005002c,0x00000077,0x000005b6,0x000005b4,
0x000005b5,0x0004002b,0x00000006,0x000005ca,0x358637bd,0x0006002c,0x00000015,0x00000658,
0x000000dc,0x000000e1,0x000000dc,0x0006002c,0x00000015,0x00000672,0x000000e1,0x000000dc,
0x000000dc,0x00040020,0x000006ad,0x00000001,0x00000015,0x0004003b,0x000006ad,0x000006ae,
0x00000001,0x0004003b,0x000006ad,0x000006af,0x00000001,0x00040020,0x000006b8,0x00000001,
0x00000021,0x0004003b,0x000006b8,0x000006b9,0x00000001,0x0004003b,0x000006b8,0x000006bb,
0x00000001,0x00040032,0x00000057,0x000006c7,0xffffffff,0x0004002b,0x00000057,0x000006c8,
0xffffffff,0x00060034,0x00000051,0x000006c9,0x000000aa,0x000006c7,0x000006c8,0x0004002b,
0x00000041,0x000006d8,0x00000018,0x0004002b,0x00000006,0x000007c1,0xbf000000,0x0004002b,
0x00000041,0x000007c7,0x00000027,0x0004002b,0x00000041,0x000007d8,0x00000010,0x0004002b,
0x00000041,0x00000814,0x00000005,0x0004002b,0x00000041,0x00000819,0x00000029,0x0004002b,
0x00000041,0x00000828,0x00000028,0x0004002b,0x00000006,0x00000834,0x3727c5ac,0x0004003b,
0x000003a1,0x0000087f,0x00000000,0x0004002b,0x00000041,0x000008e4,0x00000025,0x0004002b,
0x00000041,0x000008f9,0x00000026,0x00040032,0x00000057,0x00000939,0x00000000,0x00060034,
0x00000051,0x0000093a,0x000000ab,0x00000939,0x00000111,0x00060034,0x00000051,0x00000955,
0x000000ab,0x00000939,0x00000111,0x00040020,0x0000098b,0x00000009,0x0000006d,0x0004002b,
0x00000041,0x00000990,0x0000000e,0x0004002b,0x00000006,0x000009a5,0x3a83126f,0x0004002b,
0x00000041,0x000009a8,0x0000001a,0x0004002b,0x00000006,0x000009c2,0x3ccccccd,0x0004002b,
0x00000006,0x000009d1,0x3ee66666,0x0004002b,0x00000006,0x000009d2,0x40800000,0x0004002b,
0x00000041,0x000009d7,0x0000001d,0x0004002b,0x00000041,0x000009e0,0x0000001b,0x0004002b,
0x00000041,0x000009e4,0x0000001c,0x0004002b,0x00000006,0x000009f1,0x3eb33333,0x0004002b,
0x00000006,0x00000a0a,0x43c00000,0x0004002b,0x00000006,0x00000a0b,0x41900000,0x0004002b,
0x00000006,0x00000a43,0x3d4ccccd,0x0004002b,0x00000006,0x00000a4b,0x3e6147ae,0x0004002b,
0x00000006,0x00000a57,0x3f6b851f,0x0004002b,0x00000006,0x00000a58,0x3f7851ec,0x0006002c,
0x00000015,0x00000a59,0x00000a57,0x00000a58,0x000000e1,0x00040032,0x00000057,0x00000a5f,
0x00000000,0x00060034,0x00000051,0x00000a60,0x000000aa,0x00000a5f,0x00000111,0x00040020,
0x00000a63,0x00000001,0x0000006d,0x0004003b,0x00000a63,0x00000a64,0x00000001,0x00040020,
0x00000a65,0x00000001,0x00000006,0x0004003b,0x00000a65,0x00000a66,0x00000001,0x00040032,
0x00000057,0x00000a75,0x00000000,0x00060034,0x00000051,0x00000a7a,0x000000aa,0x00000a5f,
0x00000111,0x00060034,0x00000051,0x00000a7b,0x000000aa,0x00000939,0x00000111,0x00060034,
0x00000051,0x00000a7c,0x000000a6,0x00000a7a,0x00000a7b,0x0004002b,0x00000057,0x00000a81,
0x00000200,0x0004002b,0x00000006,0x00000a99,0x414eb852,0x0004002b,0x00000006,0x00000a9c,
0x3f870a3d,0x0004002b,0x00000006,0x00000a9e,0x3ed55555,0x0006002c,0x00000015,0x00000a9f,
0x00000a9e,0x00000a9e,0x00000a9e,0x0004002b,0x00000006,0x00000aa2,0x3d6147ae,0x0004002b,
0x00000006,0x00000aa6,0x3b4d2e1c,0x0006002c,0x00000015,0x00000aa7,0x00000aa6,0x00000aa6,
0x00000aa6,0x00040017,0x00000aa8,0x00000051,0x00000003,0x00040020,0x00000aab,0x00000003,
0x0000006d,0x0004003b,0x00000aab,0x00000aac,0x00000003,0x0004003b,0x00000a63,0x00000acd,
0x00000001,0x0003001d,0x00000adb,0x000001f9,0x00040020,0x00000adc,0x00000000,0x00000adb,
0x0004003b,0x00000adc,0x00000add,0x00000000,0x00060034,0x00000051,0x00000b2d,0x000000aa,
0x00000a5f,0x00000111,0x0004002b,0x00000057,0x00000b3a,0x000000ff,0x00060034,0x00000051,
0x00000b46,0x000000aa,0x00000a5f,0x00000111,0x0004002b,0x00000006,0x00000b51,0x3b808081,
0x0007002c,0x0000006d,0x00000b98,0x000000e1,0x000000e1,0x000000e1,0x000000e1,0x00040032,
0x00000057,0x00000bb0,0x00000000,0x00060034,0x00000051,0x00000bb1,0x000000ab,0x00000bb0,
0x00000111,0x0004002b,0x00000041,0x00000bf3,0x00000007,0x00040020,0x00000bf4,0x00000009,
0x00000006,0x0004002b,0x00000006,0x00000bf8,0x3d8f5c29,0x0004002b,0x00000057,0x00000c04,
0x00004000,0x0004003b,0x00000a63,0x00000c65,0x00000001,0x0004002b,0x00000006,0x00000d2e,
0x3d23d70a,0x0004002b,0x00000057,0x00000d4d,0x00000005,0x0004002b,0x00000057,0x00000da3,
0x0000000b,0x0004002b,0x00000006,0x00000dc4,0x3ea2f983,0x0004002b,0x00000057,0x00000e50,
0x0000000a,0x0005002c,0x000004dc,0x000024de,0x00000106,0x00000106,0x0006002c,0x00000015,
0x000024df,0x00000aa2,0x00000aa2,0x00000aa2,0x0006002c,0x00000015,0x000024e0,0x000002e0,
0x000002e0,0x000002e0,0x0006002c,0x00000015,0x000024e1,0x000002e8,0x000002e8,0x000002e8,
0x0006002c,0x00000015,0x000024e2,0x000002ec,0x000002ec,0x000002ec,0x0006002c,0x00000015,
0x000024e3,0x00000294,0x00000294,0x00000294,0x0006002c,0x00000015,0x000024e4,0x000002a8,
0x000002a8,0x000002a8,0x0006002c,0x00000015,0x000024e5,0x000002a9,0x000002a9,0x000002a9,
0x0004002b,0x00000057,0x000024e8,0x00000006,0x0004002b,0x00000057,0x000024e9,0x00000007,
0x0006002c,0x00000015,0x000024ea,0x00000183,0x00000183,0x00000183,0x0004002b,0x00000006,
0x000024f1,0xbf400000,0x0004002b,0x00000006,0x000024f8,0x3e22f983,0x0004002b,0x00000006,
0x000024f9,0x3d783e10,0x0006002c,0x00000015,0x000024fa,0x000024f9,0x000024f9,0x000024f9,
0x00050036,0x00000002,0x00000004,0x00000000,0x00000003,0x000200f8,0x00000005,0x0004003b,
0x00000138,0x00001f18,0x00000007,0x0004003b,0x000004f9,0x00001415,0x00000007,0x0004003b,
0x000004f9,0x00000f1f,0x00000007,0x0004003b,0x0000007c,0x00000b97,0x00000007,0x000300f7,
0x00000ec5,0x00000000,0x000300fb,0x00000111,0x00000ec6,0x000200f8,0x00000ec6,0x000300f7,
0x00000a62,0x00000000,0x000400fa,0x00000a60,0x00000a61,0x00000a62,0x000200f8,0x00000a61,
0x0004003d,0x0000006d,0x00000a68,0x00000a64,0x0007004f,0x00000021,0x00000a69,0x00000a68,
0x00000a68,0x00000000,0x00000001,0x0004003d,0x00000006,0x00000a6b,0x00000a66,0x000300f7,
0x00000f41,0x00000000,0x000300fb,0x00000111,0x00000f23,0x000200f8,0x00000f23,0x000500b4,
0x00000051,0x00000f25,0x00000a6b,0x000000dc,0x000300f7,0x00000f27,0x00000000,0x000400fa,
0x00000f25,0x00000f26,0x00000f27,0x000200f8,0x00000f26,0x000200f9,0x00000f41,0x000200f8,
0x00000f27,0x0004006e,0x000004dc,0x00000f29,0x00000a69,0x000500c7,0x000004dc,0x00000f2b,
0x00000f29,0x000024de,0x00050051,0x00000041,0x00000f2d,0x00000f2b,0x00000001,0x00050084,
0x00000041,0x00000f2e,0x00000f2d,0x000004f4,0x00050051,0x00000041,0x00000f30,0x00000f2b,
0x00000000,0x00050080,0x00000041,0x00000f31,0x00000f2e,0x00000f30,0x0003003e,0x00000f1f,
0x000004f1,0x00050041,0x00000007,0x00000f32,0x00000f1f,0x00000f31,0x0004003d,0x00000006,
0x00000f33,0x00000f32,0x000500ba,0x00000051,0x00000f35,0x00000a6b,0x000000dc,0x000300f7,
0x00000f3f,0x00000000,0x000400fa,0x00000f35,0x00000f36,0x00000f3a,0x000200f8,0x00000f36,
0x000500b8,0x00000051,0x00000f39,0x00000f33,0x00000a6b,0x000200f9,0x00000f3f,0x000200f8,
0x00000f3a,0x0004007f,0x00000006,0x00000f3d,0x00000a6b,0x000500be,0x00000051,0x00000f3e,
0x00000f33,0x00000f3d,0x000200f9,0x00000f3f,0x000200f8,0x00000f3f,0x000700f5,0x00000051,
0x000022e7,0x00000f39,0x00000f36,0x00000f3e,0x00000f3a,0x000200f9,0x00000f41,0x000200f8,
0x00000f41,0x000700f5,0x00000051,0x000022e8,0x000004da,0x00000f26,0x000022e7,0x00000f3f,
0x000200f9,0x00000a62,0x000200f8,0x00000a62,0x000700f5,0x00000051,0x00000a6d,0x00000a60,
0x00000ec6,0x000022e8,0x00000f41,0x000300f7,0x00000a6f,0x00000000,0x000400fa,0x00000a6d,
0x00000a6e,0x00000a6f,0x000200f8,0x00000a6e,0x000100fc,0x000200f8,0x00000a6f,0x00060041,
0x0000057b,0x00000a72,0x0000057a,0x000001b0,0x00000111,0x0004003d,0x00000057,0x00000a73,
0x00000a72,0x0003003e,0x000000da,0x000000dc,0x0003003e,0x000000df,0x000000dc,0x000300f7,
0x00000a7f,0x00000000,0x000400fa,0x00000a7c,0x00000a7e,0x00000a7f,0x000200f8,0x00000a7e,
0x000500c7,0x00000057,0x00000a82,0x00000a73,0x00000a81,0x000500ab,0x00000051,0x00000a83,
0x00000a82,0x00000111,0x000200f9,0x00000a7f,0x000200f8,0x00000a7f,0x000700f5,0x00000051,
0x00000a84,0x00000a7c,0x00000a6f,0x00000a83,0x00000a7e,0x000300f7,0x00000a86,0x00000000,
0x000400fa,0x00000a84,0x00000a85,0x00000a86,0x000200f8,0x00000a85,0x0003003e,0x000000da,
0x000000e8,0x0003003e,0x000000df,0x000000e1,0x0004003d,0x00000015,0x00000a8b,0x000006af,
0x0006000c,0x00000015,0x00000a8c,0x00000001,0x00000045,0x00000a8b,0x0004003d,0x00000015,
0x00000a8e,0x000006ae,0x00050041,0x0000098b,0x00000f77,0x0000057a,0x00000198,0x0004003d,
0x0000006d,0x00000f78,0x00000f77,0x0008004f,0x00000015,0x00000f79,0x00000f78,0x00000f78,
0x00000000,0x00000001,0x00000002,0x00060041,0x00000108,0x00000f7a,0x00000105,0x00000990,
0x00000180,0x0004003d,0x00000006,0x00000f7b,0x00000f7a,0x000500ba,0x00000051,0x00000f7c,
0x00000f7b,0x000000dc,0x000300f7,0x00000f87,0x00000000,0x000400fa,0x00000f7c,0x00000f7d,
0x00000f82,0x000200f8,0x00000f7d,0x00050041,0x0000016f,0x00000f7e,0x00000105,0x000007d8,
0x0004003d,0x0000006d,0x00000f7f,0x00000f7e,0x0008004f,0x00000015,0x00000f80,0x00000f7f,
0x00000f7f,0x00000000,0x00000001,0x00000002,0x0004007f,0x00000015,0x00000f81,0x00000f80,
0x000200f9,0x00000f87,0x000200f8,0x00000f82,0x00050083,0x00000015,0x00000f85,0x00000f79,
0x00000a8e,0x0006000c,0x00000015,0x00000f86,0x00000001,0x00000045,0x00000f85,0x000200f9,
0x00000f87,0x000200f8,0x00000f87,0x000700f5,0x00000015,0x00002494,0x00000f81,0x00000f7d,
0x00000f86,0x00000f82,0x00050094,0x00000006,0x00000f8b,0x00000a8c,0x00002494,0x0007000c,
0x00000006,0x00000f8c,0x00000001,0x00000028,0x00000f8b,0x000009a5,0x00060041,0x00000108,
0x00000f8d,0x00000105,0x000009a8,0x00000111,0x0004003d,0x00000006,0x00000f8e,0x00000f8d,
0x0008000c,0x00000006,0x00000f8f,0x00000001,0x0000002b,0x00000f8e,0x000000e1,0x000001c6,
0x00050083,0x00000006,0x00000f91,0x00000f8f,0x000000e1,0x00050081,0x00000006,0x00000f93,
0x00000f8f,0x000000e1,0x00050088,0x00000006,0x00000f94,0x00000f91,0x00000f93,0x0004007f,
0x00000006,0x000024fd,0x00000f94,0x0008000c,0x00000006,0x00000f9a,0x00000001,0x00000032,
0x000024fd,0x00000f94,0x000000e1,0x00050083,0x00000006,0x00000f9c,0x000000e1,0x00000f8c,
0x00050085,0x00000006,0x0000101f,0x00000f9c,0x00000f9c,0x00050085,0x00000006,0x00001022,
0x0000101f,0x0000101f,0x00050085,0x00000006,0x00001024,0x00001022,0x00000f9c,0x00050085,
0x00000006,0x00000f9e,0x00000f9a,0x00001024,0x0008000c,0x00000006,0x00000f9f,0x00000001,
0x00000032,0x00000f94,0x00000f94,0x00000f9e,0x00060041,0x00000108,0x00000fa0,0x00000105,
0x000009a8,0x00000107,0x0004003d,0x00000006,0x00000fa1,0x00000fa0,0x0008000c,0x00000006,
0x00000fa2,0x00000001,0x0000002b,0x00000fa1,0x000009c2,0x000000e1,0x0004007f,0x00000015,
0x00000fa4,0x00002494,0x0007000c,0x00000015,0x00000fa6,0x00000001,0x00000047,0x00000fa4,
0x00000a8c,0x00060041,0x00000108,0x00000fa8,0x00000105,0x00000106,0x00000116,0x0004003d,
0x00000006,0x00000fa9,0x00000fa8,0x00050085,0x00000006,0x00000faa,0x00000fa2,0x00000fa9,
0x000300f7,0x0000107f,0x00000000,0x000300fb,0x00000111,0x0000103b,0x000200f8,0x0000103b,
0x000400a8,0x00000051,0x0000103c,0x000001ea,0x000300f7,0x00001044,0x00000000,0x000400fa,
0x0000103c,0x0000103d,0x00001044,0x000200f8,0x0000103d,0x000300f7,0x00001042,0x00000000,
0x000400fa,0x000001ee,0x0000103e,0x00001042,0x000200f8,0x0000103e,0x00060041,0x00000108,
0x0000103f,0x00000105,0x00000106,0x00000180,0x0004003d,0x00000006,0x00001040,0x0000103f,
0x000500b8,0x00000051,0x00001041,0x00001040,0x00000183,0x000200f9,0x00001042,0x000200f8,
0x00001042,0x000700f5,0x00000051,0x00001043,0x000001ee,0x0000103d,0x00001041,0x0000103e,
0x000200f9,0x00001044,0x000200f8,0x00001044,0x000700f5,0x00000051,0x00001045,0x000001ea,
0x0000103b,0x00001043,0x00001042,0x000300f7,0x00001051,0x00000000,0x000400fa,0x00001045,
0x00001046,0x00001051,0x000200f8,0x00001046,0x0004003d,0x000001f9,0x00001047,0x000001fb,
0x00050051,0x00000006,0x00001085,0x00000fa6,0x00000002,0x00050051,0x00000006,0x00001087,
0x00000fa6,0x00000000,0x0007000c,0x00000006,0x00001088,0x00000001,0x00000019,0x00001085,
0x00001087,0x00060041,0x00000108,0x00001089,0x00000105,0x00000106,0x00000107,0x0004003d,
0x00000006,0x0000108a,0x00001089,0x00050081,0x00000006,0x0000108b,0x00001088,0x0000108a,
0x0008000c,0x00000006,0x0000108e,0x00000001,0x00000032,0x0000108b,0x000024f8,0x00000183,
0x0006000c,0x00000006,0x0000108f,0x00000001,0x0000000a,0x0000108e,0x00050051,0x00000006,
0x00001091,0x00000fa6,0x00000001,0x0008000c,0x00000006,0x00001092,0x00000001,0x0000002b,
0x00001091,0x000001e2,0x000000e1,0x0006000c,0x00000006,0x00001093,0x00000001,0x00000011,
0x00001092,0x00050085,0x00000006,0x00001094,0x00001093,0x00000dc4,0x00050050,0x00000021,
0x00001095,0x0000108f,0x00001094,0x0008000c,0x00000006,0x0000104d,0x00000001,0x0000002b,
0x00000faa,0x000000dc,0x00000fa9,0x00070058,0x0000006d,0x0000104e,0x00001047,0x00001095,
0x00000002,0x0000104d,0x0008004f,0x00000015,0x0000104f,0x0000104e,0x0000104e,0x00000000,
0x00000001,0x00000002,0x000200f9,0x0000107f,0x000200f8,0x00001051,0x00060041,0x00000108,
0x0000109a,0x00000105,0x00000106,0x00000107,0x0004003d,0x00000006,0x0000109b,0x0000109a,
0x0006000c,0x00000006,0x0000109c,0x00000001,0x0000000e,0x0000109b,0x0006000c,0x00000006,
0x0000109f,0x00000001,0x0000000d,0x0000109b,0x00050051,0x00000006,0x000010a2,0x00000fa6,
0x00000000,0x00050051,0x00000006,0x000010a6,0x00000fa6,0x00000002,0x00050085,0x00000006,
0x000010a7,0x0000109f,0x000010a6,0x0004007f,0x00000006,0x000024fe,0x000010a7,0x0008000c,
0x00000006,0x000010a8,0x00000001,0x00000032,0x0000109c,0x000010a2,0x000024fe,0x00050051,
0x00000006,0x000010aa,0x00000fa6,0x00000001,0x00050085,0x00000006,0x000010b2,0x0000109c,
0x000010a6,0x0008000c,0x00000006,0x000010b3,0x00000001,0x00000032,0x0000109f,0x000010a2,
0x000010b2,0x00060050,0x00000015,0x000010b4,0x000010a8,0x000010aa,0x000010b3,0x0007004f,
0x00000021,0x00001055,0x000010b4,0x000010b4,0x00000000,0x00000002,0x0006000c,0x00000006,
0x00001058,0x00000001,0x00000004,0x000010a8,0x0006000c,0x00000006,0x0000105b,0x00000001,
0x00000004,0x000010aa,0x00050081,0x00000006,0x0000105c,0x00001058,0x0000105b,0x0006000c,
0x00000006,0x0000105f,0x00000001,0x00000004,0x000010b3,0x00050081,0x00000006,0x00001060,
0x0000105c,0x0000105f,0x0007000c,0x00000006,0x00001061,0x00000001,0x00000028,0x00001060,
0x0000021a,0x00050050,0x00000021,0x00001062,0x00001061,0x00001061,0x00050088,0x00000021,
0x00001063,0x00001055,0x00001062,0x000500b8,0x00000051,0x00001066,0x000010aa,0x000000dc,
0x000300f7,0x00001071,0x00000000,0x000400fa,0x00001066,0x00001067,0x00001071,0x000200f8,
0x00001067,0x0007004f,0x00000021,0x00001069,0x00001063,0x00001063,0x00000001,0x00000000,
0x0006000c,0x00000021,0x0000106a,0x00000001,0x00000004,0x00001069,0x00050083,0x00000021,
0x0000106c,0x00000229,0x0000106a,0x000500be,0x0000022c,0x0000106e,0x00001063,0x0000022b,
0x000600a9,0x00000021,0x0000106f,0x0000106e,0x00000229,0x00000228,0x00050085,0x00000021,
0x00001070,0x0000106c,0x0000106f,0x000200f9,0x00001071,0x000200f8,0x00001071,0x000700f5,
0x00000021,0x00002497,0x00001063,0x00001051,0x00001070,0x00001067,0x0005008e,0x00000021,
0x00001073,0x00002497,0x00000183,0x00050081,0x00000021,0x00001075,0x00001073,0x0000055e,
0x0004003d,0x000001f9,0x00001076,0x00000235,0x0008000c,0x00000006,0x0000107b,0x00000001,
0x0000002b,0x00000faa,0x000000dc,0x00000fa9,0x00070058,0x0000006d,0x0000107c,0x00001076,
0x00001075,0x00000002,0x0000107b,0x0008004f,0x00000015,0x0000107d,0x0000107c,0x0000107c,
0x00000000,0x00000001,0x00000002,0x000200f9,0x0000107f,0x000200f8,0x0000107f,0x000700f5,
0x00000015,0x00002498,0x0000104f,0x00001046,0x0000107d,0x00001071,0x00060041,0x00000108,
0x0000102d,0x00000105,0x00000247,0x00000180,0x0004003d,0x00000006,0x0000102e,0x0000102d,
0x0005008e,0x00000015,0x0000102f,0x00002498,0x0000102e,0x0008000c,0x00000006,0x00000fae,
0x00000001,0x0000002e,0x000009d1,0x000009d2,0x00000f9c,0x00050041,0x0000016f,0x00000faf,
0x00000105,0x000009d7,0x0004003d,0x0000006d,0x00000fb0,0x00000faf,0x0008004f,0x00000015,
0x00000fb1,0x00000fb0,0x00000fb0,0x00000000,0x00000001,0x00000002,0x0004007f,0x00000015,
0x00000fb2,0x00000fb1,0x0005008e,0x00000015,0x00000fb4,0x00000fb2,0x00000fae,0x0006000c,
0x00000015,0x00000fb5,0x00000001,0x0000001b,0x00000fb4,0x00050041,0x0000016f,0x00000fb6,
0x00000105,0x000009e0,0x0004003d,0x0000006d,0x00000fb7,0x00000fb6,0x0008004f,0x00000015,
0x00000fb8,0x00000fb7,0x00000fb7,0x00000000,0x00000001,0x00000002,0x00050041,0x0000016f,
0x00000fb9,0x00000105,0x000009e4,0x0004003d,0x0000006d,0x00000fba,0x00000fb9,0x0008004f,
0x00000015,0x00000fbb,0x00000fba,0x00000fba,0x00000000,0x00000001,0x00000002,0x0008000c,
0x00000015,0x00000fbd,0x00000001,0x0000002e,0x00000fb8,0x00000fbb,0x00000fb5,0x00060041,
0x00000108,0x00000fc2,0x00000105,0x000009a8,0x00000116,0x0004003d,0x00000006,0x00000fc3,
0x00000fc2,0x0008000c,0x00000006,0x00000fc4,0x00000001,0x0000002b,0x00000fc3,0x000000dc,
0x000000e1,0x00050085,0x00000006,0x00000fc5,0x00000fc4,0x000009f1,0x00060050,0x00000015,
0x00000fc6,0x00000fc5,0x00000fc5,0x00000fc5,0x0008000c,0x00000015,0x00000fc7,0x00000001,
0x0000002e,0x00000fbd,0x00000fbb,0x00000fc6,0x00060050,0x00000015,0x00000fcb,0x00000f9f,
0x00000f9f,0x00000f9f,0x0008000c,0x00000015,0x00000fcc,0x00000001,0x0000002e,0x00000fc7,
0x0000102f,0x00000fcb,0x00050041,0x0000016f,0x00000fcd,0x00000105,0x00000164,0x0004003d,
0x0000006d,0x00000fce,0x00000fcd,0x0008004f,0x00000015,0x00000fcf,0x00000fce,0x00000fce,
0x00000000,0x00000001,0x00000002,0x00050094,0x00000006,0x00000fd2,0x00000a8c,0x00000fcf,
0x0007000c,0x00000006,0x00000fd3,0x00000001,0x00000028,0x00000fd2,0x000000dc,0x00050081,
0x00000015,0x00000fd6,0x00002494,0x00000fcf,0x0006000c,0x00000015,0x00000fd7,0x00000001,
0x00000045,0x00000fd6,0x0008000c,0x00000006,0x00000fd9,0x00000001,0x0000002e,0x00000a0a,
0x00000a0b,0x00000fa2,0x00050094,0x00000006,0x00000fdc,0x00000a8c,0x00000fd7,0x0007000c,
0x00000006,0x00000fdd,0x00000001,0x00000028,0x00000fdc,0x000000dc,0x0007000c,0x00000006,
0x00000fdf,0x00000001,0x0000001a,0x00000fdd,0x00000fd9,0x00050085,0x00000006,0x00000fe1,
0x00000fdf,0x00000fd3,0x00050041,0x0000016f,0x00000fe2,0x00000105,0x0000017a,0x0004003d,
0x0000006d,0x00000fe3,0x00000fe2,0x0008004f,0x00000015,0x00000fe4,0x00000fe3,0x00000fe3,
0x00000000,0x00000001,0x00000002,0x00060041,0x00000108,0x00000fe5,0x00000105,0x00000164,
0x00000180,0x0004003d,0x00000006,0x00000fe6,0x00000fe5,0x0005008e,0x00000015,0x00000fe7,
0x00000fe4,0x00000fe6,0x00050041,0x0000016f,0x00000fe8,0x00000105,0x000007d8,0x0004003d,
0x0000006d,0x00000fe9,0x00000fe8,0x0008004f,0x00000015,0x00000fea,0x00000fe9,0x00000fe9,
0x00000000,0x00000001,0x00000002,0x00050083,0x00000015,0x00000fed,0x00000a8e,0x00000f79,
0x00050094,0x00000006,0x00000fee,0x00000fea,0x00000fed,0x0007000c,0x00000006,0x00000fef,
0x00000001,0x00000028,0x00000fee,0x000000dc,0x000500ba,0x00000051,0x00000ff1,0x00000fd3,
0x000000dc,0x000300f7,0x00000ff8,0x00000000,0x000400fa,0x00000ff1,0x00000ff2,0x00000ff7,
0x000200f8,0x00000ff2,0x000300f7,0x0000114b,0x00000000,0x000300fb,0x00000111,0x000010cf,
0x000200f8,0x000010cf,0x00060041,0x00000108,0x000010d0,0x00000105,0x00000317,0x00000107,
0x0004003d,0x00000006,0x000010d1,0x000010d0,0x00050081,0x00000006,0x000010d2,0x000010d1,
0x00000183,0x0004006e,0x00000041,0x000010d3,0x000010d2,0x000500b3,0x00000051,0x000010d5,
0x000010d3,0x00000164,0x000300f7,0x000010d7,0x00000000,0x000400fa,0x000010d5,0x000010d6,
0x000010d7,0x000200f8,0x000010d6,0x000200f9,0x0000114b,0x000200f8,0x000010d7,0x00050082,
0x00000041,0x000010d9,0x000010d3,0x0000017a,0x00060041,0x00000108,0x000010da,0x00000105,
0x00000449,0x000010d9,0x0004003d,0x00000006,0x000010db,0x000010da,0x000500ba,0x00000051,
0x000010de,0x00000fef,0x000010db,0x000300f7,0x000010e0,0x00000000,0x000400fa,0x000010de,
0x000010df,0x000010e0,0x000200f8,0x000010df,0x000200f9,0x0000114b,0x000200f8,0x000010e0,
0x000200f9,0x000010e1,0x000200f8,0x000010e1,0x000700f5,0x00000041,0x00002499,0x00000164,
0x000010e0,0x000010f1,0x000010ef,0x000400f6,0x000010f3,0x000010ef,0x00000000,0x000200f9,
0x000010e2,0x000200f8,0x000010e2,0x000500b1,0x00000051,0x000010e6,0x00002499,0x000010d9,
0x000300f7,0x000010ed,0x00000000,0x000400fa,0x000010e6,0x000010e7,0x000010ed,0x000200f8,
0x000010e7,0x00060041,0x00000108,0x000010ea,0x00000105,0x00000449,0x00002499,0x0004003d,
0x00000006,0x000010eb,0x000010ea,0x000500ba,0x00000051,0x000010ec,0x00000fef,0x000010eb,
0x000200f9,0x000010ed,0x000200f8,0x000010ed,0x000700f5,0x00000051,0x000010ee,0x000010e6,
0x000010e2,0x000010ec,0x000010e7,0x000400fa,0x000010ee,0x000010ef,0x000010f3,0x000200f8,
0x000010ef,0x00050080,0x00000041,0x000010f1,0x00002499,0x0000017a,0x000200f9,0x000010e1,
0x000200f8,0x000010f3,0x000300f7,0x0000126c,0x00000000,0x000300fb,0x00000111,0x00001164,
0x000200f8,0x00001164,0x00060041,0x00000108,0x00001167,0x00000105,0x00000317,0x00000180,
0x0004003d,0x00000006,0x00001168,0x00001167,0x00060041,0x00000108,0x0000116a,0x00000105,
0x0000031a,0x00002499,0x0004003d,0x00000006,0x0000116b,0x0000116a,0x00050085,0x00000006,
0x0000116c,0x00001168,0x0000116b,0x0005008e,0x00000015,0x0000116d,0x00000a8c,0x0000116c,
0x00050081,0x00000015,0x0000116e,0x00000a8e,0x0000116d,0x00060041,0x00000324,0x00001170,
0x00000105,0x00000322,0x00002499,0x0004003d,0x000000f4,0x00001171,0x00001170,0x00050051,
0x00000006,0x00001173,0x0000116e,0x00000000,0x00050051,0x00000006,0x00001174,0x0000116e,
0x00000001,0x00050051,0x00000006,0x00001175,0x0000116e,0x00000002,0x00070050,0x0000006d,
0x00001176,0x00001173,0x00001174,0x00001175,0x000000e1,0x00050091,0x0000006d,0x00001177,
0x00001171,0x00001176,0x0008004f,0x00000015,0x00001179,0x00001177,0x00001177,0x00000000,
0x00000001,0x00000002,0x00050051,0x00000006,0x0000117b,0x00001177,0x00000003,0x00060050,
0x00000015,0x0000117c,0x0000117b,0x0000117b,0x0000117b,0x00050088,0x00000015,0x0000117d,
0x00001179,0x0000117c,0x0007004f,0x00000021,0x0000117f,0x0000117d,0x0000117d,0x00000000,
0x00000001,0x0005008e,0x00000021,0x00001180,0x0000117f,0x00000183,0x00050081,0x00000021,
0x00001182,0x00001180,0x0000055e,0x00050051,0x00000006,0x00001184,0x0000117d,0x00000002,
0x000500bc,0x00000051,0x00001185,0x00001184,0x000000dc,0x000400a8,0x00000051,0x00001186,
0x00001185,0x000300f7,0x0000118b,0x00000000,0x000400fa,0x00001186,0x00001187,0x0000118b,
0x000200f8,0x00001187,0x000500be,0x00000051,0x0000118a,0x00001184,0x000000e1,0x000200f9,
0x0000118b,0x000200f8,0x0000118b,0x000700f5,0x00000051,0x0000118c,0x00001185,0x00001164,
0x0000118a,0x00001187,0x000400a8,0x00000051,0x0000118d,0x0000118c,0x000300f7,0x00001192,
0x00000000,0x000400fa,0x0000118d,0x0000118e,0x00001192,0x000200f8,0x0000118e,0x000500b8,
0x0000022c,0x00001190,0x00001182,0x0000022b,0x0004009a,0x00000051,0x00001191,0x00001190,
0x000200f9,0x00001192,0x000200f8,0x00001192,0x000700f5,0x00000051,0x00001193,0x0000118c,
0x0000118b,0x00001191,0x0000118e,0x000400a8,0x00000051,0x00001194,0x00001193,0x000300f7,
0x00001199,0x00000000,0x000400fa,0x00001194,0x00001195,0x00001199,0x000200f8,0x00001195,
0x000500ba,0x0000022c,0x00001197,0x00001182,0x00000229,0x0004009a,0x00000051,0x00001198,
0x00001197,0x000200f9,0x00001199,0x000200f8,0x00001199,0x000700f5,0x00000051,0x0000119a,
0x00001193,0x00001192,0x00001198,0x00001195,0x000300f7,0x0000119c,0x00000000,0x000400fa,
0x0000119a,0x0000119b,0x0000119c,0x000200f8,0x0000119b,0x000200f9,0x0000126c,0x000200f8,
0x0000119c,0x000500c7,0x00000041,0x0000119e,0x00002499,0x0000017a,0x0004006f,0x00000006,
0x0000119f,0x0000119e,0x000500c3,0x00000041,0x000011a1,0x00002499,0x0000017a,0x0004006f,
0x00000006,0x000011a2,0x000011a1,0x00050050,0x00000021,0x000011a3,0x0000119f,0x000011a2,
0x000500ad,0x00000051,0x000011a5,0x000010d3,0x0000017a,0x000600a9,0x00000006,0x000011a6,
0x000011a5,0x000001c6,0x000000e1,0x00050081,0x00000021,0x000011a9,0x00001182,0x000011a3,
0x00050050,0x00000021,0x000011ab,0x000011a6,0x000011a6,0x00050088,0x00000021,0x000011ac,
0x000011a9,0x000011ab,0x00060041,0x00000108,0x000011ad,0x00000105,0x00000317,0x00000111,
0x0004003d,0x00000006,0x000011ae,0x000011ad,0x00050088,0x00000021,0x000011b2,0x000011a3,
0x000011ab,0x00050085,0x00000006,0x000011b4,0x000011ae,0x00000183,0x00050050,0x00000021,
0x000011b5,0x000011b4,0x000011b4,0x00050081,0x00000021,0x000011b6,0x000011b2,0x000011b5,
0x00050081,0x00000021,0x000011b9,0x000011a3,0x00000229,0x00050088,0x00000021,0x000011bc,
0x000011b9,0x000011ab,0x00050083,0x00000021,0x000011c0,0x000011bc,0x000011b5,0x0008000c,
0x00000021,0x000011c4,0x00000001,0x0000002b,0x000011ac,0x000011b6,0x000011c0,0x000300f7,
0x000011cf,0x00000000,0x000400fa,0x000011a5,0x000011c7,0x000011ce,0x000200f8,0x000011c7,
0x0004006f,0x00000006,0x000011c9,0x00002499,0x0004006f,0x00000006,0x000011cc,0x000010d9,
0x00050088,0x00000006,0x000011cd,0x000011c9,0x000011cc,0x000200f9,0x000011cf,0x000200f8,
0x000011ce,0x000200f9,0x000011cf,0x000200f8,0x000011cf,0x000700f5,0x00000006,0x0000249b,
0x000011cd,0x000011c7,0x000000dc,0x000011ce,0x00060041,0x00000108,0x000011d1,0x00000105,
0x00000392,0x00000111,0x0004003d,0x00000006,0x000011d2,0x000011d1,0x00060041,0x00000108,
0x000011d3,0x00000105,0x00000392,0x00000107,0x0004003d,0x00000006,0x000011d4,0x000011d3,
0x0008000c,0x00000006,0x000011d6,0x00000001,0x0000002e,0x000011d2,0x000011d4,0x0000249b,
0x00050081,0x00000006,0x000011d7,0x000011d6,0x00000183,0x0004006e,0x00000041,0x000011d8,
0x000011d7,0x000500b3,0x00000051,0x000011da,0x000011d8,0x00000164,0x000300f7,0x000011e6,
0x00000000,0x000400fa,0x000011da,0x000011db,0x000011e6,0x000200f8,0x000011db,0x0004003d,
0x000003a0,0x000011dc,0x000003a2,0x00050051,0x00000006,0x000011e0,0x000011c4,0x00000000,
0x00050051,0x00000006,0x000011e1,0x000011c4,0x00000001,0x00060050,0x00000015,0x000011e2,
0x000011e0,0x000011e1,0x00001184,0x00060059,0x00000006,0x000011e4,0x000011dc,0x000011e2,
0x00001184,0x000200f9,0x0000126c,0x000200f8,0x000011e6,0x000500aa,0x00000051,0x000011e8,
0x000011d8,0x0000017a,0x000300f7,0x00001241,0x00000000,0x000400fa,0x000011e8,0x000011e9,
0x00001241,0x000200f8,0x000011e9,0x0004003d,0x000003a0,0x000011ed,0x000003a2,0x00050085,
0x00000006,0x000011f1,0x000011ae,0x000007c1,0x00050050,0x00000021,0x000011f5,0x000011f1,
0x000011f1,0x00050081,0x00000021,0x000011f6,0x000011c4,0x000011f5,0x0008000c,0x00000021,
0x000011f9,0x00000001,0x0000002b,0x000011f6,0x000011b6,0x000011c0,0x00050051,0x00000006,
0x000011fc,0x000011f9,0x00000000,0x00050051,0x00000006,0x000011fd,0x000011f9,0x00000001,
0x00060050,0x00000015,0x000011fe,0x000011fc,0x000011fd,0x00001184,0x00060059,0x00000006,
0x00001200,0x000011ed,0x000011fe,0x00001184,0x00050050,0x00000021,0x00001208,0x000011b4,
0x000011f1,0x00050081,0x00000021,0x00001209,0x000011c4,0x00001208,0x0008000c,0x00000021,
0x0000120c,0x00000001,0x0000002b,0x00001209,0x000011b6,0x000011c0,0x00050051,0x00000006,
0x0000120f,0x0000120c,0x00000000,0x00050051,0x00000006,0x00001210,0x0000120c,0x00000001,
0x00060050,0x00000015,0x00001211,0x0000120f,0x00001210,0x00001184,0x00060059,0x00000006,
0x00001213,0x000011ed,0x00001211,0x00001184,0x00050081,0x00000006,0x00001215,0x00001200,
0x00001213,0x00050050,0x00000021,0x0000121d,0x000011f1,0x000011b4,0x00050081,0x00000021,
0x0000121e,0x000011c4,0x0000121d,0x0008000c,0x00000021,0x00001221,0x00000001,0x0000002b,
0x0000121e,0x000011b6,0x000011c0,0x00050051,0x00000006,0x00001224,0x00001221,0x00000000,
0x00050051,0x00000006,0x00001225,0x00001221,0x00000001,0x00060050,0x00000015,0x00001226,
0x00001224,0x00001225,0x00001184,0x00060059,0x00000006,0x00001228,0x000011ed,0x00001226,
0x00001184,0x00050081,0x00000006,0x0000122a,0x00001215,0x00001228,0x00050081,0x00000021,
0x00001232,0x000011c4,0x000011b5,0x0008000c,0x00000021,0x00001235,0x00000001,0x0000002b,
0x00001232,0x000011b6,0x000011c0,0x00050051,0x00000006,0x00001238,0x00001235,0x00000000,
0x00050051,0x00000006,0x00001239,0x00001235,0x00000001,0x00060050,0x00000015,0x0000123a,
0x00001238,0x00001239,0x00001184,0x00060059,0x00000006,0x0000123c,0x000011ed,0x0000123a,
0x00001184,0x00050081,0x00000006,0x0000123e,0x0000122a,0x0000123c,0x00050085,0x00000006,
0x00001240,0x0000123e,0x00000260,0x000200f9,0x0000126c,0x000200f8,0x00001241,0x000200f9,
0x00001242,0x000200f8,0x00001242,0x000700f5,0x00000006,0x0000249d,0x000000dc,0x00001241,
0x000024a0,0x00001266,0x000700f5,0x00000041,0x0000249c,0x0000040f,0x00001241,0x00001268,
0x00001266,0x000500b3,0x00000051,0x00001245,0x0000249c,0x0000017a,0x000400f6,0x00001269,
0x00001266,0x00000000,0x000400fa,0x00001245,0x00001246,0x00001269,0x000200f8,0x00001246,
0x000200f9,0x00001247,0x000200f8,0x00001247,0x000700f5,0x00000006,0x000024a0,0x0000249d,
0x00001246,0x00001261,0x0000124b,0x000700f5,0x00000041,0x0000249e,0x0000040f,0x00001246,
0x00001264,0x0000124b,0x000500b3,0x00000051,0x0000124a,0x0000249e,0x0000017a,0x000400f6,
0x00001265,0x0000124b,0x00000000,0x000400fa,0x0000124a,0x0000124b,0x00001265,0x000200f8,
0x0000124b,0x0004003d,0x000003a0,0x0000124c,0x000003a2,0x0004006f,0x00000006,0x0000124f,
0x0000249e,0x0004006f,0x00000006,0x00001251,0x0000249c,0x00050050,0x00000021,0x00001252,
0x0000124f,0x00001251,0x0005008e,0x00000021,0x00001254,0x00001252,0x000011ae,0x00050081,
0x00000021,0x00001255,0x000011c4,0x00001254,0x0008000c,0x00000021,0x00001258,0x00000001,
0x0000002b,0x00001255,0x000011b6,0x000011c0,0x00050051,0x00000006,0x0000125b,0x00001258,
0x00000000,0x00050051,0x00000006,0x0000125c,0x00001258,0x00000001,0x00060050,0x00000015,
0x0000125d,0x0000125b,0x0000125c,0x00001184,0x00060059,0x00000006,0x0000125f,0x0000124c,
0x0000125d,0x00001184,0x00050081,0x00000006,0x00001261,0x000024a0,0x0000125f,0x00050080,
0x00000041,0x00001264,0x0000249e,0x0000017a,0x000200f9,0x00001247,0x000200f8,0x00001265,
0x000200f9,0x00001266,0x000200f8,0x00001266,0x00050080,0x00000041,0x00001268,0x0000249c,
0x0000017a,0x000200f9,0x00001242,0x000200f8,0x00001269,0x00050085,0x00000006,0x0000126b,
0x0000249d,0x0000043a,0x000200f9,0x0000126c,0x000200f8,0x0000126c,0x000b00f5,0x00000006,
0x000024a1,0x000000e1,0x0000119b,0x000011e4,0x000011db,0x00001240,0x000011e9,0x0000126b,
0x00001269,0x000500ad,0x00000051,0x000010fa,0x00002499,0x00000164,0x000300f7,0x00001101,
0x00000000,0x000400fa,0x000010fa,0x000010fb,0x00001100,0x000200f8,0x000010fb,0x00050082,
0x00000041,0x000010fd,0x00002499,0x0000017a,0x00060041,0x00000108,0x000010fe,0x00000105,
0x00000449,0x000010fd,0x0004003d,0x00000006,0x000010ff,0x000010fe,0x000200f9,0x00001101,
0x000200f8,0x00001100,0x000200f9,0x00001101,0x000200f8,0x00001101,0x000700f5,0x00000006,
0x000024a9,0x000010ff,0x000010fb,0x000000dc,0x00001100,0x00060041,0x00000108,0x00001104,
0x00000105,0x00000449,0x00002499,0x0004003d,0x00000006,0x00001105,0x00001104,0x00050083,
0x00000006,0x00001108,0x00001105,0x000024a9,0x0007000c,0x00000006,0x00001109,0x00000001,
0x00000028,0x00001108,0x00000486,0x000300f7,0x00001112,0x00000000,0x000400fa,0x000010e6,
0x0000110e,0x00001112,0x000200f8,0x0000110e,0x00060041,0x00000108,0x0000110f,0x00000105,
0x0000048e,0x00000111,0x0004003d,0x00000006,0x00001110,0x0000110f,0x000500ba,0x00000051,
0x00001111,0x00001110,0x000000dc,0x000200f9,0x00001112,0x000200f8,0x00001112,0x000700f5,
0x00000051,0x00001113,0x000010e6,0x00001101,0x00001111,0x0000110e,0x000300f7,0x00001149,
0x00000000,0x000400fa,0x00001113,0x00001114,0x0000112f,0x000200f8,0x00001114,0x00060041,
0x00000108,0x00001116,0x00000105,0x0000048e,0x00000111,0x0004003d,0x00000006,0x00001117,
0x00001116,0x0004007f,0x00000006,0x00002500,0x00001109,0x0008000c,0x00000006,0x0000111b,
0x00000001,0x00000032,0x00002500,0x00001117,0x00001105,0x000500ba,0x00000051,0x0000111e,
0x00000fef,0x0000111b,0x000300f7,0x0000112e,0x00000000,0x000400fa,0x0000111e,0x0000111f,
0x0000112e,0x000200f8,0x0000111f,0x00050080,0x00000041,0x00001121,0x00002499,0x0000017a,
0x000300f7,0x0000138d,0x00000000,0x000300fb,0x00000111,0x00001285,0x000200f8,0x00001285,
0x00060041,0x00000108,0x0000128b,0x00000105,0x0000031a,0x00001121,0x0004003d,0x00000006,
0x0000128c,0x0000128b,0x00050085,0x00000006,0x0000128d,0x00001168,0x0000128c,0x0005008e,
0x00000015,0x0000128e,0x00000a8c,0x0000128d,0x00050081,0x00000015,0x0000128f,0x00000a8e,
0x0000128e,0x00060041,0x00000324,0x00001291,0x00000105,0x00000322,0x00001121,0x0004003d,
0x000000f4,0x00001292,0x00001291,0x00050051,0x00000006,0x00001294,0x0000128f,0x00000000,
0x00050051,0x00000006,0x00001295,0x0000128f,0x00000001,0x00050051,0x00000006,0x00001296,
0x0000128f,0x00000002,0x00070050,0x0000006d,0x00001297,0x00001294,0x00001295,0x00001296,
0x000000e1,0x00050091,0x0000006d,0x00001298,0x00001292,0x00001297,0x0008004f,0x00000015,
0x0000129a,0x00001298,0x00001298,0x00000000,0x00000001,0x00000002,0x00050051,0x00000006,
0x0000129c,0x00001298,0x00000003,0x00060050,0x00000015,0x0000129d,0x0000129c,0x0000129c,
0x0000129c,0x00050088,0x00000015,0x0000129e,0x0000129a,0x0000129d,0x0007004f,0x00000021,
0x000012a0,0x0000129e,0x0000129e,0x00000000,0x00000001,0x0005008e,0x00000021,0x000012a1,
0x000012a0,0x00000183,0x00050081,0x00000021,0x000012a3,0x000012a1,0x0000055e,0x00050051,
0x00000006,0x000012a5,0x0000129e,0x00000002,0x000500bc,0x00000051,0x000012a6,0x000012a5,
0x000000dc,0x000400a8,0x00000051,0x000012a7,0x000012a6,0x000300f7,0x000012ac,0x00000000,
0x000400fa,0x000012a7,0x000012a8,0x000012ac,0x000200f8,0x000012a8,0x000500be,0x00000051,
0x000012ab,0x000012a5,0x000000e1,0x000200f9,0x000012ac,0x000200f8,0x000012ac,0x000700f5,
0x00000051,0x000012ad,0x000012a6,0x00001285,0x000012ab,0x000012a8,0x000400a8,0x00000051,
0x000012ae,0x000012ad,0x000300f7,0x000012b3,0x00000000,0x000400fa,0x000012ae,0x000012af,
0x000012b3,0x000200f8,0x000012af,0x000500b8,0x0000022c,0x000012b1,0x000012a3,0x0000022b,
0x0004009a,0x00000051,0x000012b2,0x000012b1,0x000200f9,0x000012b3,0x000200f8,0x000012b3,
0x000700f5,0x00000051,0x000012b4,0x000012ad,0x000012ac,0x000012b2,0x000012af,0x000400a8,
0x00000051,0x000012b5,0x000012b4,0x000300f7,0x000012ba,0x00000000,0x000400fa,0x000012b5,
0x000012b6,0x000012ba,0x000200f8,0x000012b6,0x000500ba,0x0000022c,0x000012b8,0x000012a3,
0x00000229,0x0004009a,0x00000051,0x000012b9,0x000012b8,0x000200f9,0x000012ba,0x000200f8,
0x000012ba,0x000700f5,0x00000051,0x000012bb,0x000012b4,0x000012b3,0x000012b9,0x000012b6,
0x000300f7,0x000012bd,0x00000000,0x000400fa,0x000012bb,0x000012bc,0x000012bd,0x000200f8,
0x000012bc,0x000200f9,0x0000138d,0x000200f8,0x000012bd,0x000500c7,0x00000041,0x000012bf,
0x00001121,0x0000017a,0x0004006f,0x00000006,0x000012c0,0x000012bf,0x000500c3,0x00000041,
0x000012c2,0x00001121,0x0000017a,0x0004006f,0x00000006,0x000012c3,0x000012c2,0x00050050,
0x00000021,0x000012c4,0x000012c0,0x000012c3,0x000500ad,0x00000051,0x000012c6,0x000010d3,
0x0000017a,0x000600a9,0x00000006,0x000012c7,0x000012c6,0x000001c6,0x000000e1,0x00050081,
0x00000021,0x000012ca,0x000012a3,0x000012c4,0x00050050,0x00000021,0x000012cc,0x000012c7,
0x000012c7,0x00050088,0x00000021,0x000012cd,0x000012ca,0x000012cc,0x00060041,0x00000108,
0x000012ce,0x00000105,0x00000317,0x00000111,0x0004003d,0x00000006,0x000012cf,0x000012ce,
0x00050088,0x00000021,0x000012d3,0x000012c4,0x000012cc,0x00050085,0x00000006,0x000012d5,
0x000012cf,0x00000183,0x00050050,0x00000021,0x000012d6,0x000012d5,0x000012d5,0x00050081,
0x00000021,0x000012d7,0x000012d3,0x000012d6,0x00050081,0x00000021,0x000012da,0x000012c4,
0x00000229,0x00050088,0x00000021,0x000012dd,0x000012da,0x000012cc,0x00050083,0x00000021,
0x000012e1,0x000012dd,0x000012d6,0x0008000c,0x00000021,0x000012e5,0x00000001,0x0000002b,
0x000012cd,0x000012d7,0x000012e1,0x000300f7,0x000012f0,0x00000000,0x000400fa,0x000012c6,
0x000012e8,0x000012ef,0x000200f8,0x000012e8,0x0004006f,0x00000006,0x000012ea,0x00001121,
0x0004006f,0x00000006,0x000012ed,0x000010d9,0x00050088,0x00000006,0x000012ee,0x000012ea,
0x000012ed,0x000200f9,0x000012f0,0x000200f8,0x000012ef,0x000200f9,0x000012f0,0x000200f8,
0x000012f0,0x000700f5,0x00000006,0x000024af,0x000012ee,0x000012e8,0x000000dc,0x000012ef,
0x00060041,0x00000108,0x000012f2,0x00000105,0x00000392,0x00000111,0x0004003d,0x00000006,
0x000012f3,0x000012f2,0x00060041,0x00000108,0x000012f4,0x00000105,0x00000392,0x00000107,
0x0004003d,0x00000006,0x000012f5,0x000012f4,0x0008000c,0x00000006,0x000012f7,0x00000001,
0x0000002e,0x000012f3,0x000012f5,0x000024af,0x00050081,0x00000006,0x000012f8,0x000012f7,
0x00000183,0x0004006e,0x00000041,0x000012f9,0x000012f8,0x000500b3,0x00000051,0x000012fb,
0x000012f9,0x00000164,0x000300f7,0x00001307,0x00000000,0x000400fa,0x000012fb,0x000012fc,
0x00001307,0x000200f8,0x000012fc,0x0004003d,0x000003a0,0x000012fd,0x000003a2,0x00050051,
0x00000006,0x00001301,0x000012e5,0x00000000,0x00050051,0x00000006,0x00001302,0x000012e5,
0x00000001,0x00060050,0x00000015,0x00001303,0x00001301,0x00001302,0x000012a5,0x00060059,
0x00000006,0x00001305,0x000012fd,0x00001303,0x000012a5,0x000200f9,0x0000138d,0x000200f8,
0x00001307,0x000500aa,0x00000051,0x00001309,0x000012f9,0x0000017a,0x000300f7,0x00001362,
0x00000000,0x000400fa,0x00001309,0x0000130a,0x00001362,0x000200f8,0x0000130a,0x0004003d,
0x000003a0,0x0000130e,0x000003a2,0x00050085,0x00000006,0x00001312,0x000012cf,0x000007c1,
0x00050050,0x00000021,0x00001316,0x00001312,0x00001312,0x00050081,0x00000021,0x00001317,
0x000012e5,0x00001316,0x0008000c,0x00000021,0x0000131a,0x00000001,0x0000002b,0x00001317,
0x000012d7,0x000012e1,0x00050051,0x00000006,0x0000131d,0x0000131a,0x00000000,0x00050051,
0x00000006,0x0000131e,0x0000131a,0x00000001,0x00060050,0x00000015,0x0000131f,0x0000131d,
0x0000131e,0x000012a5,0x00060059,0x00000006,0x00001321,0x0000130e,0x0000131f,0x000012a5,
0x00050050,0x00000021,0x00001329,0x000012d5,0x00001312,0x00050081,0x00000021,0x0000132a,
0x000012e5,0x00001329,0x0008000c,0x00000021,0x0000132d,0x00000001,0x0000002b,0x0000132a,
0x000012d7,0x000012e1,0x00050051,0x00000006,0x00001330,0x0000132d,0x00000000,0x00050051,
0x00000006,0x00001331,0x0000132d,0x00000001,0x00060050,0x00000015,0x00001332,0x00001330,
0x00001331,0x000012a5,0x00060059,0x00000006,0x00001334,0x0000130e,0x00001332,0x000012a5,
0x00050081,0x00000006,0x00001336,0x00001321,0x00001334,0x00050050,0x00000021,0x0000133e,
0x00001312,0x000012d5,0x00050081,0x00000021,0x0000133f,0x000012e5,0x0000133e,0x0008000c,
0x00000021,0x00001342,0x00000001,0x0000002b,0x0000133f,0x000012d7,0x000012e1,0x00050051,
0x00000006,0x00001345,0x00001342,0x00000000,0x00050051,0x00000006,0x00001346,0x00001342,
0x00000001,0x00060050,0x00000015,0x00001347,0x00001345,0x00001346,0x000012a5,0x00060059,
0x00000006,0x00001349,0x0000130e,0x00001347,0x000012a5,0x00050081,0x00000006,0x0000134b,
0x00001336,0x00001349,0x00050081,0x00000021,0x00001353,0x000012e5,0x000012d6,0x0008000c,
0x00000021,0x00001356,0x00000001,0x0000002b,0x00001353,0x000012d7,0x000012e1,0x00050051,
0x00000006,0x00001359,0x00001356,0x00000000,0x00050051,0x00000006,0x0000135a,0x00001356,
0x00000001,0x00060050,0x00000015,0x0000135b,0x00001359,0x0000135a,0x000012a5,0x00060059,
0x00000006,0x0000135d,0x0000130e,0x0000135b,0x000012a5,0x00050081,0x00000006,0x0000135f,
0x0000134b,0x0000135d,0x00050085,0x00000006,0x00001361,0x0000135f,0x00000260,0x000200f9,
0x0000138d,0x000200f8,0x00001362,0x000200f9,0x00001363,0x000200f8,0x00001363,0x000700f5,
0x00000006,0x000024b1,0x000000dc,0x00001362,0x000024b4,0x00001387,0x000700f5,0x00000041,
0x000024b0,0x0000040f,0x00001362,0x00001389,0x00001387,0x000500b3,0x00000051,0x00001366,
0x000024b0,0x0000017a,0x000400f6,0x0000138a,0x00001387,0x00000000,0x000400fa,0x00001366,
0x00001367,0x0000138a,0x000200f8,0x00001367,0x000200f9,0x00001368,0x000200f8,0x00001368,
0x000700f5,0x00000006,0x000024b4,0x000024b1,0x00001367,0x00001382,0x0000136c,0x000700f5,
0x00000041,0x000024b2,0x0000040f,0x00001367,0x00001385,0x0000136c,0x000500b3,0x00000051,
0x0000136b,0x000024b2,0x0000017a,0x000400f6,0x00001386,0x0000136c,0x00000000,0x000400fa,
0x0000136b,0x0000136c,0x00001386,0x000200f8,0x0000136c,0x0004003d,0x000003a0,0x0000136d,
0x000003a2,0x0004006f,0x00000006,0x00001370,0x000024b2,0x0004006f,0x00000006,0x00001372,
0x000024b0,0x00050050,0x00000021,0x00001373,0x00001370,0x00001372,0x0005008e,0x00000021,
0x00001375,0x00001373,0x000012cf,0x00050081,0x00000021,0x00001376,0x000012e5,0x00001375,
0x0008000c,0x00000021,0x00001379,0x00000001,0x0000002b,0x00001376,0x000012d7,0x000012e1,
0x00050051,0x00000006,0x0000137c,0x00001379,0x00000000,0x00050051,0x00000006,0x0000137d,
0x00001379,0x00000001,0x00060050,0x00000015,0x0000137e,0x0000137c,0x0000137d,0x000012a5,
0x00060059,0x00000006,0x00001380,0x0000136d,0x0000137e,0x000012a5,0x00050081,0x00000006,
0x00001382,0x000024b4,0x00001380,0x00050080,0x00000041,0x00001385,0x000024b2,0x0000017a,
0x000200f9,0x00001368,0x000200f8,0x00001386,0x000200f9,0x00001387,0x000200f8,0x00001387,
0x00050080,0x00000041,0x00001389,0x000024b0,0x0000017a,0x000200f9,0x00001363,0x000200f8,
0x0000138a,0x00050085,0x00000006,0x0000138c,0x000024b1,0x0000043a,0x000200f9,0x0000138d,
0x000200f8,0x0000138d,0x000b00f5,0x00000006,0x000024b5,0x000000e1,0x000012bc,0x00001305,
0x000012fc,0x00001361,0x0000130a,0x0000138c,0x0000138a,0x0008000c,0x00000006,0x00001129,
0x00000001,0x00000031,0x0000111b,0x00001105,0x00000fef,0x0008000c,0x00000006,0x0000112d,
0x00000001,0x0000002e,0x000024a1,0x000024b5,0x00001129,0x000200f9,0x0000112e,0x000200f8,
0x0000112e,0x000700f5,0x00000006,0x000024be,0x000024a1,0x00001114,0x0000112d,0x0000138d,
0x000200f9,0x00001149,0x000200f8,0x0000112f,0x000500aa,0x00000051,0x00001133,0x00002499,
0x000010d9,0x000300f7,0x00001138,0x00000000,0x000400fa,0x00001133,0x00001134,0x00001138,
0x000200f8,0x00001134,0x00060041,0x00000108,0x00001135,0x00000105,0x0000048e,0x00000107,
0x0004003d,0x00000006,0x00001136,0x00001135,0x000500ba,0x00000051,0x00001137,0x00001136,
0x000000dc,0x000200f9,0x00001138,0x000200f8,0x00001138,0x000700f5,0x00000051,0x00001139,
0x00001133,0x0000112f,0x00001137,0x00001134,0x000300f7,0x00001148,0x00000000,0x000400fa,
0x00001139,0x0000113a,0x00001148,0x000200f8,0x0000113a,0x00060041,0x00000108,0x0000113c,
0x00000105,0x0000048e,0x00000107,0x0004003d,0x00000006,0x0000113d,0x0000113c,0x0004007f,
0x00000006,0x000024ff,0x00001109,0x0008000c,0x00000006,0x00001141,0x00000001,0x00000032,
0x000024ff,0x0000113d,0x00001105,0x0008000c,0x00000006,0x00001146,0x00000001,0x00000031,
0x00001141,0x00001105,0x00000fef,0x0008000c,0x00000006,0x00001147,0x00000001,0x0000002e,
0x000024a1,0x000000e1,0x00001146,0x000200f9,0x00001148,0x000200f8,0x00001148,0x000700f5,
0x00000006,0x000024bf,0x000024a1,0x00001138,0x00001147,0x0000113a,0x000200f9,0x00001149,
0x000200f8,0x00001149,0x000700f5,0x00000006,0x000024bd,0x000024be,0x0000112e,0x000024bf,
0x00001148,0x000200f9,0x0000114b,0x000200f8,0x0000114b,0x000900f5,0x00000006,0x000024c0,
0x000000e1,0x000010d6,0x000000e1,0x000010df,0x000024bd,0x00001149,0x000200f9,0x00000ff8,
0x000200f8,0x00000ff7,0x000200f9,0x00000ff8,0x000200f8,0x00000ff8,0x000700f5,0x00000006,
0x000024c1,0x000024c0,0x0000114b,0x000000e1,0x00000ff7,0x0005008e,0x00000015,0x00000ffc,
0x00000fe7,0x00000fe1,0x0005008e,0x00000015,0x00000ffe,0x00000ffc,0x000024c1,0x00050081,
0x00000015,0x00001000,0x00000fcc,0x00000ffe,0x0007004f,0x00000021,0x00001002,0x00000a8c,
0x00000a8c,0x00000000,0x00000002,0x0006000c,0x00000006,0x00001003,0x00000001,0x00000042,
0x00001002,0x00050051,0x00000006,0x00001005,0x00000a8c,0x00000001,0x0007000c,0x00000006,
0x00001006,0x00000001,0x00000028,0x00001005,0x00000a43,0x00050088,0x00000006,0x00001007,
0x00001003,0x00001006,0x00060041,0x00000108,0x00001008,0x00000105,0x000009a8,0x00000180,
0x0004003d,0x00000006,0x00001009,0x00001008,0x00050081,0x00000006,0x0000100c,0x00001009,
0x00000a4b,0x0007000c,0x00000006,0x0000100d,0x00000001,0x00000025,0x0000100c,0x000000e1,
0x0008000c,0x00000006,0x0000100f,0x00000001,0x0000002b,0x00001007,0x000000dc,0x000000e1,
0x0008000c,0x00000006,0x00001010,0x00000001,0x00000031,0x00001009,0x0000100d,0x0000100f,
0x00060041,0x00000108,0x00001011,0x00000105,0x000009e0,0x00000180,0x0004003d,0x00000006,
0x00001012,0x00001011,0x0008000c,0x00000006,0x00001013,0x00000001,0x0000002b,0x00001012,
0x000000dc,0x000000e1,0x00050085,0x00000006,0x00001015,0x00001010,0x00001013,0x00060050,
0x00000015,0x00001018,0x00001015,0x00001015,0x00001015,0x0008000c,0x00000015,0x00001019,
0x00000001,0x0000002e,0x00001000,0x00000a59,0x00001018,0x000300f7,0x000013aa,0x00000000,
0x000300fb,0x00000111,0x00001395,0x000200f8,0x00001395,0x00060041,0x00000108,0x00001396,
0x00000105,0x000002fa,0x00000116,0x0004003d,0x00000006,0x00001397,0x00001396,0x000500ba,
0x00000051,0x00001398,0x00001397,0x00000183,0x000300f7,0x0000139c,0x00000000,0x000400fa,
0x00001398,0x00001399,0x0000139c,0x000200f8,0x00001399,0x0007000c,0x00000015,0x0000139b,
0x00000001,0x00000028,0x00001019,0x00000162,0x000200f9,0x000013aa,0x000200f8,0x0000139c,
0x00060041,0x00000108,0x0000139e,0x00000105,0x00000106,0x00000111,0x0004003d,0x00000006,
0x0000139f,0x0000139e,0x0005008e,0x00000015,0x000013a0,0x00001019,0x0000139f,0x00060041,
0x00000108,0x000013a1,0x00000105,0x000002fa,0x00000111,0x0004003d,0x00000006,0x000013a2,
0x000013a1,0x0006000c,0x00000006,0x000013a3,0x00000001,0x0000001d,0x000013a2,0x0005008e,
0x00000015,0x000013a4,0x000013a0,0x000013a3,0x0007000c,0x00000015,0x000013a5,0x00000001,
0x00000028,0x000013a4,0x00000162,0x00060041,0x00000108,0x000013a7,0x00000105,0x000002fa,
0x00000107,0x0004003d,0x00000006,0x000013a8,0x000013a7,0x000300f7,0x000013d5,0x00000000,
0x000300fb,0x00000111,0x000013b1,0x000200f8,0x000013b1,0x0007000c,0x00000015,0x000013b3,
0x00000001,0x00000028,0x000013a5,0x00000162,0x000500b8,0x00000051,0x000013b5,0x000013a8,
0x00000183,0x000300f7,0x000013bb,0x00000000,0x000400fa,0x000013b5,0x000013b6,0x000013bb,
0x000200f8,0x000013b6,0x00050081,0x00000015,0x000013b9,0x000002d3,0x000013b3,0x00050088,
0x00000015,0x000013ba,0x000013b3,0x000013b9,0x000200f9,0x000013d5,0x000200f8,0x000013bb,
0x000500b8,0x00000051,0x000013bd,0x000013a8,0x00000251,0x000300f7,0x000013d1,0x00000000,
0x000400fa,0x000013bd,0x000013be,0x000013d1,0x000200f8,0x000013be,0x0005008e,0x00000015,
0x000013c1,0x000013b3,0x000002dd,0x00050081,0x00000015,0x000013c3,0x000013c1,0x000024e0,
0x00050085,0x00000015,0x000013c4,0x000013b3,0x000013c3,0x0005008e,0x00000015,0x000013c7,
0x000013b3,0x000002e5,0x00050081,0x00000015,0x000013c9,0x000013c7,0x000024e1,0x0008000c,
0x00000015,0x000013cc,0x00000001,0x00000032,0x000013b3,0x000013c9,0x000024e2,0x00050088,
0x00000015,0x000013cd,0x000013c4,0x000013cc,0x0008000c,0x00000015,0x000013d0,0x00000001,
0x0000002b,0x000013cd,0x00000162,0x000002d3,0x000200f9,0x000013d5,0x000200f8,0x000013d1,
0x0007000c,0x00000015,0x000013dc,0x00000001,0x00000028,0x000013b3,0x000024e3,0x00050091,
0x00000015,0x000013de,0x000002a3,0x000013dc,0x0006000c,0x00000015,0x000013e0,0x00000001,
0x0000001e,0x000013de,0x0008000c,0x00000015,0x000013e3,0x00000001,0x0000002b,0x000013e0,
0x000024e4,0x000024e5,0x00050083,0x00000015,0x000013e6,0x000013e3,0x000024e4,0x00050085,
0x00000015,0x000013e8,0x000013e6,0x000024fa,0x00050085,0x00000015,0x000013f6,0x000013e8,
0x000013e8,0x00050085,0x00000015,0x000013f9,0x000013f6,0x000013f6,0x0005008e,0x00000015,
0x000013fb,0x000013e8,0x00000274,0x0005008e,0x00000015,0x000013fd,0x000013f6,0x00000277,
0x00050081,0x00000015,0x000013fe,0x000013fb,0x000013fd,0x0005008e,0x00000015,0x00001400,
0x000013f6,0x0000027b,0x0004007f,0x00000015,0x00002501,0x00001400,0x0008000c,0x00000015,
0x00001403,0x00000001,0x00000032,0x00002501,0x000013e8,0x000013fe,0x0005008e,0x00000015,
0x00001405,0x000013f9,0x00000281,0x00050081,0x00000015,0x00001406,0x00001403,0x00001405,
0x0005008e,0x00000015,0x00001408,0x000013f9,0x00000285,0x0004007f,0x00000015,0x00002502,
0x00001408,0x0008000c,0x00000015,0x0000140b,0x00000001,0x00000032,0x00002502,0x000013e8,
0x00001406,0x0005008e,0x00000015,0x0000140d,0x000013f9,0x0000028b,0x0008000c,0x00000015,
0x00001410,0x00000001,0x00000032,0x0000140d,0x000013f6,0x0000140b,0x0007000c,0x00000015,
0x000013ec,0x00000001,0x0000001a,0x00001410,0x000002b8,0x00050091,0x00000015,0x000013ee,
0x000002c6,0x000013ec,0x0007000c,0x00000015,0x000013d4,0x00000001,0x00000028,0x000013ee,
0x00000162,0x000200f9,0x000013d5,0x000200f8,0x000013d5,0x000900f5,0x00000015,0x000024da,
0x000013ba,0x000013b6,0x000013d0,0x000013be,0x000013d4,0x000013d1,0x000200f9,0x000013aa,
0x000200f8,0x000013aa,0x000700f5,0x00000015,0x000024db,0x0000139b,0x00001399,0x000024da,
0x000013d5,0x00060041,0x0000057b,0x00000a93,0x0000057a,0x000001b0,0x00000116,0x0004003d,
0x00000057,0x00000a94,0x00000a93,0x000500c7,0x00000057,0x00000a95,0x00000a94,0x00000107,
0x000500ab,0x00000051,0x00000a96,0x00000a95,0x00000111,0x000300f7,0x00000a98,0x00000000,
0x000400fa,0x00000a96,0x00000a97,0x00000a98,0x000200f8,0x00000a97,0x0005008e,0x00000015,
0x00000a9b,0x000024db,0x00000a99,0x0007000c,0x00000015,0x00000aa0,0x00000001,0x0000001a,
0x000024db,0x00000a9f,0x0005008e,0x00000015,0x00000aa1,0x00000aa0,0x00000a9c,0x00050083,
0x00000015,0x00000aa4,0x00000aa1,0x000024df,0x000500ba,0x00000aa8,0x00000aa9,0x000024db,
0x00000aa7,0x000600a9,0x00000015,0x00000aaa,0x00000aa9,0x00000aa4,0x00000a9b,0x000200f9,
0x00000a98,0x000200f8,0x00000a98,0x000700f5,0x00000015,0x000024dc,0x000024db,0x000013aa,
0x00000aaa,0x00000a97,0x00050051,0x00000006,0x00000aae,0x000024dc,0x00000000,0x00050051,
0x00000006,0x00000aaf,0x000024dc,0x00000001,0x00050051,0x00000006,0x00000ab0,0x000024dc,
0x00000002,0x00070050,0x0000006d,0x00000ab1,0x00000aae,0x00000aaf,0x00000ab0,0x000000e1,
0x0003003e,0x00000aac,0x00000ab1,0x000200f9,0x00000ec5,0x000200f8,0x00000a86,0x0004003d,
0x00000021,0x00000ab4,0x000006bb,0x000400cf,0x00000021,0x00000ab5,0x00000ab4,0x000400d0,
0x00000021,0x00000ab8,0x00000ab4,0x000300f7,0x00000abc,0x00000000,0x000400fa,0x00000a7c,
0x00000abb,0x00000abc,0x000200f8,0x00000abb,0x000500c7,0x00000057,0x00000abe,0x00000a73,
0x0000050f,0x000500ab,0x00000051,0x00000abf,0x00000abe,0x00000111,0x000200f9,0x00000abc,
0x000200f8,0x00000abc,0x000700f5,0x00000051,0x00000ac0,0x00000a7c,0x00000a86,0x00000abf,
0x00000abb,0x000300f7,0x00000ac2,0x00000000,0x000400fa,0x00000ac0,0x00000ac1,0x00000ac2,
0x000200f8,0x00000ac1,0x00060041,0x0000057b,0x00000ac3,0x0000057a,0x000001b0,0x00000107,
0x0004003d,0x00000057,0x00000ac4,0x00000ac3,0x000500c2,0x00000057,0x00000ac5,0x00000ac4,
0x000000fe,0x000500ab,0x00000051,0x00000ac6,0x00000ac5,0x00000111,0x000200f9,0x00000ac2,
0x000200f8,0x00000ac2,0x000700f5,0x00000051,0x00000ac7,0x00000ac0,0x00000abc,0x00000ac6,
0x00000ac1,0x000300f7,0x00000acc,0x00000000,0x000400fa,0x00000ac7,0x00000acb,0x00000acc,
0x000200f8,0x00000acb,0x0004003d,0x00000021,0x00000ad3,0x000006b9,0x00050041,0x00000a65,
0x00000ad5,0x00000acd,0x00000180,0x0004003d,0x00000006,0x00000ad6,0x00000ad5,0x0004003d,
0x0000006d,0x00000ad8,0x00000a64,0x0007004f,0x00000021,0x00000ad9,0x00000ad8,0x00000ad8,
0x00000000,0x00000001,0x000300f7,0x00001432,0x00000000,0x000300fb,0x00000111,0x00001418,
0x000200f8,0x00001418,0x000500c7,0x00000057,0x0000141a,0x00000a73,0x0000050f,0x000500aa,
0x00000051,0x0000141b,0x0000141a,0x00000111,0x000300f7,0x0000141e,0x00000000,0x000400fa,
0x0000141b,0x0000141c,0x0000141e,0x000200f8,0x0000141c,0x000200f9,0x00001432,0x000200f8,
0x0000141e,0x0004006e,0x000004dc,0x00001420,0x00000ad9,0x000500c7,0x000004dc,0x00001422,
0x00001420,0x000024de,0x00050051,0x00000041,0x00001424,0x00001422,0x00000001,0x00050084,
0x00000041,0x00001425,0x00001424,0x000004f4,0x00050051,0x00000041,0x00001427,0x00001422,
0x00000000,0x00050080,0x00000041,0x00001428,0x00001425,0x00001427,0x0003003e,0x00001415,
0x000004f1,0x00050041,0x00000007,0x00001429,0x00001415,0x00001428,0x0004003d,0x00000006,
0x0000142a,0x00001429,0x000500b8,0x00000051,0x0000142d,0x0000142a,0x00000ad6,0x00050050,
0x0000022c,0x00001430,0x0000142d,0x0000142d,0x000600a9,0x00000021,0x00001431,0x00001430,
0x00000ad3,0x00000ab4,0x000200f9,0x00001432,0x000200f8,0x00001432,0x000700f5,0x00000021,
0x000022e9,0x00000ab4,0x0000141c,0x00001431,0x0000141e,0x00060041,0x0000057b,0x00000ade,
0x0000057a,0x00000814,0x00000111,0x0004003d,0x00000057,0x00000adf,0x00000ade,0x00050041,
0x000001fa,0x00000ae0,0x00000add,0x00000adf,0x0004003d,0x000001f9,0x00000ae1,0x00000ae0,
0x00040064,0x000001f8,0x00000ae2,0x00000ae1,0x00050067,0x000004dc,0x00000ae3,0x00000ae2,
0x00000164,0x0004006f,0x00000021,0x00000ae4,0x00000ae3,0x00060041,0x0000057b,0x00000ae5,
0x0000057a,0x000001b0,0x00000107,0x0004003d,0x00000057,0x00000ae6,0x00000ae5,0x000500c2,
0x00000057,0x00000ae7,0x00000ae6,0x000000fe,0x00040064,0x000001f8,0x00000aec,0x00000ae1,
0x0004006a,0x00000041,0x00000aed,0x00000aec,0x00050082,0x00000041,0x00000aee,0x00000aed,
0x0000017a,0x0004006f,0x00000006,0x00000aef,0x00000aee,0x000500c2,0x00000057,0x0000143d,
0x00000ae7,0x000000f7,0x000500c7,0x00000057,0x0000143e,0x0000143d,0x00000531,0x00040070,
0x00000006,0x0000143f,0x0000143e,0x000500c2,0x00000057,0x00001441,0x00000ae7,0x00000535,
0x000500c7,0x00000057,0x00001442,0x00001441,0x00000531,0x00040070,0x00000006,0x00001443,
0x00001442,0x00050050,0x00000021,0x00001444,0x0000143f,0x00001443,0x000500c7,0x00000057,
0x00001446,0x00000ae7,0x00000531,0x00040070,0x00000006,0x00001447,0x00001446,0x000500c2,
0x00000057,0x00001449,0x00000ae7,0x000000f5,0x000500c7,0x00000057,0x0000144a,0x00001449,
0x00000531,0x00040070,0x00000006,0x0000144b,0x0000144a,0x00050050,0x00000021,0x0000144c,
0x00001447,0x0000144b,0x0004007f,0x00000021,0x0000144d,0x0000144c,0x0006000c,0x00000021,
0x0000144e,0x00000001,0x0000001d,0x0000144d,0x00050088,0x00000021,0x00001450,0x0000144e,
0x00001444,0x00050088,0x00000021,0x00001453,0x000022e9,0x00001450,0x0006000c,0x00000021,
0x00001454,0x00000001,0x00000008,0x00001453,0x00050085,0x00000021,0x00001457,0x00000ab5,
0x00000ae4,0x0006000c,0x00000006,0x00001458,0x00000001,0x00000042,0x00001457,0x00050085,
0x00000021,0x0000145b,0x00000ab8,0x00000ae4,0x0006000c,0x00000006,0x0000145c,0x00000001,
0x00000042,0x0000145b,0x0007000c,0x00000006,0x0000145d,0x00000001,0x00000028,0x00001458,
0x0000145c,0x0007000c,0x00000006,0x0000145f,0x00000001,0x00000028,0x0000145d,0x000000e1,
0x0006000c,0x00000006,0x00001460,0x00000001,0x0000001e,0x0000145f,0x0006000c,0x00000006,
0x00001461,0x00000001,0x00000009,0x00001460,0x0008000c,0x00000006,0x00001463,0x00000001,
0x0000002b,0x00001461,0x000000dc,0x00000aef,0x0006000c,0x00000006,0x00001465,0x00000001,
0x0000001d,0x00001463,0x0005008e,0x00000021,0x00001466,0x0000055e,0x00001465,0x00050088,
0x00000021,0x00001468,0x00001466,0x00000ae4,0x0005008e,0x00000021,0x0000146a,0x00001450,
0x00000183,0x0007000c,0x00000021,0x0000146b,0x00000001,0x00000025,0x00001468,0x0000146a,
0x0008000c,0x00000021,0x00001471,0x00000001,0x00000032,0x00001454,0x00001450,0x0000146b,
0x00050081,0x00000021,0x00001474,0x00001454,0x00000229,0x0004007f,0x00000021,0x000024eb,
0x0000146b,0x0008000c,0x00000021,0x00001478,0x00000001,0x00000032,0x00001474,0x00001450,
0x000024eb,0x0008000c,0x00000021,0x00001479,0x00000001,0x0000002b,0x000022e9,0x00001471,
0x00001478,0x000200f9,0x00000acc,0x000200f8,0x00000acc,0x000700f5,0x00000021,0x000022ed,
0x00000ab4,0x00000ac2,0x00001479,0x00001432,0x000300f7,0x00000afe,0x00000000,0x000400fa,
0x00000ac7,0x00000afd,0x00000b07,0x000200f8,0x00000afd,0x00060041,0x0000057b,0x00000aff,
0x0000057a,0x00000814,0x00000111,0x0004003d,0x00000057,0x00000b00,0x00000aff,0x00050041,
0x000001fa,0x00000b01,0x00000add,0x00000b00,0x0004003d,0x000001f9,0x00000b02,0x00000b01,
0x00080058,0x0000006d,0x00000b06,0x00000b02,0x000022ed,0x00000004,0x00000ab5,0x00000ab8,
0x000200f9,0x00000afe,0x000200f8,0x00000b07,0x00060041,0x0000057b,0x00000b08,0x0000057a,
0x00000814,0x00000111,0x0004003d,0x00000057,0x00000b09,0x00000b08,0x00050041,0x000001fa,
0x00000b0a,0x00000add,0x00000b09,0x0004003d,0x000001f9,0x00000b0b,0x00000b0a,0x00060041,
0x0000057b,0x00001482,0x0000057a,0x000001b0,0x00000107,0x0004003d,0x00000057,0x00001483,
0x00001482,0x000500c2,0x00000057,0x00001486,0x00001483,0x00000111,0x000500c7,0x00000057,
0x00001487,0x00001486,0x00000180,0x000500aa,0x00000051,0x00001489,0x00001487,0x00000116,
0x000300f7,0x00001495,0x00000000,0x000400fa,0x00001489,0x0000148a,0x0000148e,0x000200f8,
0x0000148a,0x0004003d,0x00000015,0x0000148b,0x000006ae,0x0004003d,0x00000015,0x0000148c,
0x000006af,0x000300f7,0x000014d4,0x00000000,0x000300fb,0x00000111,0x0000149e,0x000200f8,
0x0000149e,0x0006000c,0x00000015,0x000014a0,0x00000001,0x00000004,0x0000148c,0x00050051,
0x00000006,0x000014a2,0x000014a0,0x00000000,0x00050051,0x00000006,0x000014a4,0x000014a0,
0x00000001,0x000500be,0x00000051,0x000014a5,0x000014a2,0x000014a4,0x000300f7,0x000014ac,
0x00000000,0x000400fa,0x000014a5,0x000014a6,0x000014ac,0x000200f8,0x000014a6,0x00050051,
0x00000006,0x000014aa,0x000014a0,0x00000002,0x000500be,0x00000051,0x000014ab,0x000014a2,
0x000014aa,0x000200f9,0x000014ac,0x000200f8,0x000014ac,0x000700f5,0x00000051,0x000014ad,
0x000014a5,0x0000149e,0x000014ab,0x000014a6,0x000300f7,0x000014b9,0x00000000,0x000400fa,
0x000014ad,0x000014ae,0x000014b9,0x000200f8,0x000014ae,0x00050051,0x00000006,0x000014b0,
0x0000148c,0x00000000,0x0006000c,0x00000006,0x000014b1,0x00000001,0x00000006,0x000014b0,
0x0004007f,0x00000006,0x000014b2,0x000014b1,0x00050051,0x00000006,0x000014b4,0x0000148b,
0x00000002,0x00050085,0x00000006,0x000014b5,0x000014b2,0x000014b4,0x00050051,0x00000006,
0x000014b7,0x0000148b,0x00000001,0x00050050,0x00000021,0x000014b8,0x000014b5,0x000014b7,
0x000200f9,0x000014d4,0x000200f8,0x000014b9,0x00050051,0x00000006,0x000014bd,0x000014a0,
0x00000002,0x000500be,0x00000051,0x000014be,0x000014a4,0x000014bd,0x000300f7,0x000014ca,
0x00000000,0x000400fa,0x000014be,0x000014bf,0x000014ca,0x000200f8,0x000014bf,0x00050051,
0x00000006,0x000014c1,0x0000148b,0x00000000,0x00050051,0x00000006,0x000014c3,0x0000148c,
0x00000001,0x0006000c,0x00000006,0x000014c4,0x00000001,0x00000006,0x000014c3,0x0004007f,
0x00000006,0x000014c5,0x000014c4,0x00050051,0x00000006,0x000014c7,0x0000148b,0x00000002,
0x00050085,0x00000006,0x000014c8,0x000014c5,0x000014c7,0x00050050,0x00000021,0x000014c9,
0x000014c1,0x000014c8,0x000200f9,0x000014d4,0x000200f8,0x000014ca,0x00050051,0x00000006,
0x000014cc,0x0000148c,0x00000002,0x0006000c,0x00000006,0x000014cd,0x00000001,0x00000006,
0x000014cc,0x00050051,0x00000006,0x000014cf,0x0000148b,0x00000000,0x00050085,0x00000006,
0x000014d0,0x000014cd,0x000014cf,0x00050051,0x00000006,0x000014d2,0x0000148b,0x00000001,
0x00050050,0x00000021,0x000014d3,0x000014d0,0x000014d2,0x000200f9,0x000014d4,0x000200f8,
0x000014d4,0x000900f5,0x00000021,0x000022ea,0x000014b8,0x000014ae,0x000014c9,0x000014bf,
0x000014d3,0x000014ca,0x000200f9,0x00001495,0x000200f8,0x0000148e,0x000500aa,0x00000051,
0x00001490,0x00001487,0x00000107,0x0004003d,0x00000021,0x00001491,0x000006b9,0x00050050,
0x0000022c,0x00001493,0x00001490,0x00001490,0x000600a9,0x00000021,0x00001494,0x00001493,
0x00001491,0x00000ab4,0x000200f9,0x00001495,0x000200f8,0x00001495,0x000700f5,0x00000021,
0x000022eb,0x000022ea,0x000014d4,0x00001494,0x0000148e,0x000300f7,0x000014f5,0x00000000,
0x000300fb,0x00000111,0x000014dd,0x000200f8,0x000014dd,0x00060041,0x0000057b,0x000014f9,
0x0000057a,0x000001b0,0x00000116,0x0004003d,0x00000057,0x000014fa,0x000014f9,0x000500c2,
0x00000057,0x000014fb,0x000014fa,0x00000107,0x000500ab,0x00000051,0x000014fc,0x000014fb,
0x00000111,0x000400a8,0x00000051,0x000014df,0x000014fc,0x000300f7,0x000014e2,0x00000000,
0x000400fa,0x000014df,0x000014e0,0x000014e2,0x000200f8,0x000014e0,0x000200f9,0x000014f5,
0x000200f8,0x000014e2,0x00050051,0x00000006,0x000014e4,0x000022eb,0x00000000,0x00050051,
0x00000006,0x000014e5,0x000022eb,0x00000001,0x00060050,0x00000015,0x000014e6,0x000014e4,
0x000014e5,0x000000e1,0x00050082,0x00000057,0x00001502,0x000014fb,0x00000107,0x00050084,
0x00000057,0x00001503,0x00001502,0x0000058a,0x00060041,0x0000058e,0x00001506,0x00000585,
0x00000164,0x00001503,0x0004003d,0x0000006d,0x00001507,0x00001506,0x0008004f,0x00000015,
0x000014ea,0x00001507,0x00001507,0x00000000,0x00000001,0x00000002,0x00050094,0x00000006,
0x000014ec,0x000014ea,0x000014e6,0x00050080,0x00000057,0x00001510,0x00001503,0x00000107,
0x00060041,0x0000058e,0x00001511,0x00000585,0x00000164,0x00001510,0x0004003d,0x0000006d,
0x00001512,0x00001511,0x0008004f,0x00000015,0x000014f1,0x00001512,0x00001512,0x00000000,
0x00000001,0x00000002,0x00050094,0x00000006,0x000014f3,0x000014f1,0x000014e6,0x00050050,
0x00000021,0x000014f4,0x000014ec,0x000014f3,0x000200f9,0x000014f5,0x000200f8,0x000014f5,
0x000700f5,0x00000021,0x000022ec,0x000022eb,0x000014e0,0x000014f4,0x000014e2,0x00050057,
0x0000006d,0x00000b0e,0x00000b0b,0x000022ec,0x000200f9,0x00000afe,0x000200f8,0x00000afe,
0x000700f5,0x0000006d,0x000022ee,0x00000b06,0x00000afd,0x00000b0e,0x000014f5,0x000400a8,
0x00000051,0x00000b11,0x00000ac7,0x000300f7,0x00000b13,0x00000000,0x000400fa,0x00000b11,
0x00000b12,0x00000b13,0x000200f8,0x00000b12,0x000300f7,0x00001531,0x00000000,0x000300fb,
0x00000111,0x00001519,0x000200f8,0x00001519,0x00060041,0x0000057b,0x00001535,0x0000057a,
0x000001b0,0x00000116,0x0004003d,0x00000057,0x00001536,0x00001535,0x000500c2,0x00000057,
0x00001537,0x00001536,0x00000107,0x000500ab,0x00000051,0x00001538,0x00001537,0x00000111,
0x000400a8,0x00000051,0x0000151b,0x00001538,0x000300f7,0x0000151f,0x00000000,0x000400fa,
0x0000151b,0x0000151c,0x0000151f,0x000200f8,0x0000151c,0x00050051,0x00000006,0x0000151e,
0x000022ee,0x00000003,0x000200f9,0x00001531,0x000200f8,0x0000151f,0x00050082,0x00000057,
0x0000153e,0x00001537,0x00000107,0x00050084,0x00000057,0x0000153f,0x0000153e,0x0000058a,
0x00050080,0x00000057,0x00001541,0x0000153f,0x00000101,0x00060041,0x0000058e,0x00001542,
0x00000585,0x00000164,0x00001541,0x0004003d,0x0000006d,0x00001543,0x00001542,0x00050051,
0x00000006,0x00001521,0x00001543,0x00000002,0x00050081,0x00000006,0x00001522,0x00001521,
0x00000183,0x0004006d,0x00000057,0x00001523,0x00001522,0x000500aa,0x00000051,0x00001525,
0x00001523,0x00000107,0x000300f7,0x00001527,0x00000000,0x000400fa,0x00001525,0x00001526,
0x00001527,0x000200f8,0x00001526,0x000200f9,0x00001531,0x000200f8,0x00001527,0x000500aa,
0x00000051,0x00001529,0x00001523,0x00000116,0x000300f7,0x0000152e,0x00000000,0x000400fa,
0x00001529,0x0000152a,0x0000152e,0x000200f8,0x0000152a,0x0008004f,0x00000015,0x0000152c,
0x000022ee,0x000022ee,0x00000000,0x00000001,0x00000002,0x00050094,0x00000006,0x0000152d,
0x0000152c,0x000001bf,0x000200f9,0x00001531,0x000200f8,0x0000152e,0x00050051,0x00000006,
0x00001530,0x000022ee,0x00000003,0x000200f9,0x00001531,0x000200f8,0x00001531,0x000b00f5,
0x00000006,0x000022ef,0x0000151e,0x0000151c,0x000000e1,0x00001526,0x0000152d,0x0000152a,
0x00001530,0x0000152e,0x00060052,0x0000006d,0x00002220,0x000022ef,0x000022ee,0x00000003,
0x000200f9,0x00000b13,0x000200f8,0x00000b13,0x000700f5,0x0000006d,0x000022f3,0x000022ee,
0x00000afe,0x00002220,0x00001531,0x000300f7,0x00000b1c,0x00000000,0x000400fa,0x00000ac7,
0x00000b1b,0x00000b23,0x000200f8,0x00000b1b,0x0004003d,0x0000006d,0x00000b1d,0x00000acd,
0x00050051,0x00000006,0x00000b1f,0x00000b1d,0x00000000,0x00050051,0x00000006,0x00000b20,
0x00000b1d,0x00000001,0x00050051,0x00000006,0x00000b21,0x00000b1d,0x00000002,0x00070050,
0x0000006d,0x00000b22,0x00000b1f,0x00000b20,0x00000b21,0x000000e1,0x000200f9,0x00000b1c,
0x000200f8,0x00000b23,0x0004003d,0x0000006d,0x00000b24,0x00000acd,0x000200f9,0x00000b1c,
0x000200f8,0x00000b1c,0x000700f5,0x0000006d,0x000022f1,0x00000b22,0x00000b1b,0x00000b24,
0x00000b23,0x00050041,0x0000098b,0x00000b28,0x0000057a,0x00000106,0x0004003d,0x0000006d,
0x00000b29,0x00000b28,0x00050085,0x0000006d,0x00000b2a,0x000022f3,0x00000b29,0x00050085,
0x0000006d,0x00000b2c,0x00000b2a,0x000022f1,0x000300f7,0x00000b2f,0x00000000,0x000400fa,
0x00000b2d,0x00000b2e,0x00000b2f,0x000200f8,0x00000b2e,0x000500c7,0x00000057,0x00000b31,
0x00000a73,0x000000fe,0x000500ab,0x00000051,0x00000b32,0x00000b31,0x00000111,0x000200f9,
0x00000b2f,0x000200f8,0x00000b2f,0x000700f5,0x00000051,0x00000b33,0x00000b2d,0x00000b1c,
0x00000b32,0x00000b2e,0x000300f7,0x00000b35,0x00000000,0x000400fa,0x00000b33,0x00000b34,
0x00000b35,0x000200f8,0x00000b34,0x00060041,0x0000057b,0x00000b37,0x0000057a,0x000001b0,
0x00000107,0x0004003d,0x00000057,0x00000b38,0x00000b37,0x000500c2,0x00000057,0x00000b39,
0x00000b38,0x000000f7,0x000500c7,0x00000057,0x00000b3b,0x00000b39,0x00000b3a,0x00040070,
0x00000006,0x00000b3c,0x00000b3b,0x00050085,0x00000006,0x00000b3e,0x00000b3c,0x00000b51,
0x00050051,0x00000006,0x00000b40,0x00000b2c,0x00000003,0x000500b8,0x00000051,0x00000b42,
0x00000b40,0x00000b3e,0x000300f7,0x00000b44,0x00000000,0x000400fa,0x00000b42,0x00000b43,
0x00000b44,0x000200f8,0x00000b43,0x000100fc,0x000200f8,0x00000b44,0x000200f9,0x00000b35,
0x000200f8,0x00000b35,0x000300f7,0x00000b48,0x00000000,0x000400fa,0x00000b46,0x00000b47,
0x00000b48,0x000200f8,0x00000b47,0x000500c7,0x00000057,0x00000b4a,0x00000a73,0x00000107,
0x000500ab,0x00000051,0x00000b4b,0x00000b4a,0x00000111,0x000200f9,0x00000b48,0x000200f8,
0x00000b48,0x000700f5,0x00000051,0x00000b4c,0x00000b46,0x00000b35,0x00000b4b,0x00000b47,
0x000300f7,0x00000b4e,0x00000000,0x000400fa,0x00000b4c,0x00000b4d,0x00000b4e,0x000200f8,
0x00000b4d,0x00050051,0x00000006,0x00000b50,0x00000b2c,0x00000003,0x000500b8,0x00000051,
0x00000b52,0x00000b50,0x00000b51,0x000200f9,0x00000b4e,0x000200f8,0x00000b4e,0x000700f5,
0x00000051,0x00000b53,0x00000b4c,0x00000b48,0x00000b52,0x00000b4d,0x000300f7,0x00000b55,
0x00000000,0x000400fa,0x00000b53,0x00000b54,0x00000b55,0x000200f8,0x00000b54,0x000100fc,
0x000200f8,0x00000b55,0x000500aa,0x00000051,0x00000b58,0x00000a75,0x00000180,0x000300f7,
0x00000b5a,0x00000000,0x000400fa,0x00000b58,0x00000b59,0x00000b5a,0x000200f8,0x00000b59,
0x0008004f,0x00000015,0x00000b5d,0x00000b2c,0x00000b2c,0x00000000,0x00000001,0x00000002,
0x00060041,0x0000057b,0x00000b5e,0x0000057a,0x000001b0,0x00000116,0x0004003d,0x00000057,
0x00000b5f,0x00000b5e,0x000500c7,0x00000057,0x00000b60,0x00000b5f,0x00000107,0x000500ab,
0x00000051,0x00000b61,0x00000b60,0x00000111,0x000300f7,0x00000b63,0x00000000,0x000400fa,
0x00000b61,0x00000b62,0x00000b63,0x000200f8,0x00000b62,0x0005008e,0x00000015,0x00000b65,
0x00000b5d,0x00000a99,0x0007000c,0x00000015,0x00000b67,0x00000001,0x0000001a,0x00000b5d,
0x00000a9f,0x0005008e,0x00000015,0x00000b68,0x00000b67,0x00000a9c,0x00050083,0x00000015,
0x00000b6a,0x00000b68,0x000024df,0x000500ba,0x00000aa8,0x00000b6c,0x00000b5d,0x00000aa7,
0x000600a9,0x00000015,0x00000b6d,0x00000b6c,0x00000b6a,0x00000b65,0x000200f9,0x00000b63,
0x000200f8,0x00000b63,0x000700f5,0x00000015,0x00002492,0x00000b5d,0x00000b59,0x00000b6d,
0x00000b62,0x000500c7,0x00000057,0x00000b70,0x00000a73,0x00000107,0x000500ab,0x00000051,
0x00000b71,0x00000b70,0x00000111,0x000300f7,0x00000b74,0x00000000,0x000400fa,0x00000b71,
0x00000b73,0x00000b77,0x000200f8,0x00000b73,0x00050051,0x00000006,0x00000b76,0x00000b2c,
0x00000003,0x000200f9,0x00000b74,0x000200f8,0x00000b77,0x000200f9,0x00000b74,0x000200f8,
0x00000b74,0x000700f5,0x00000006,0x00002493,0x00000b76,0x00000b73,0x000000e1,0x00000b77,
0x00050051,0x00000006,0x00000b79,0x00002492,0x00000000,0x00050051,0x00000006,0x00000b7a,
0x00002492,0x00000001,0x00050051,0x00000006,0x00000b7b,0x00002492,0x00000002,0x00070050,
0x0000006d,0x00000b7c,0x00000b79,0x00000b7a,0x00000b7b,0x00002493,0x0003003e,0x00000aac,
0x00000b7c,0x000300f7,0x00000b81,0x00000000,0x000400fa,0x00000b71,0x00000b80,0x00000b81,
0x000200f8,0x00000b80,0x00050051,0x00000006,0x00000b84,0x00000b2c,0x00000003,0x0008000c,
0x00000006,0x0000154c,0x00000001,0x0000002b,0x00000b84,0x000000dc,0x000000dd,0x0003003e,
0x000000da,0x0000154c,0x0008000c,0x00000006,0x0000154e,0x00000001,0x0000002b,0x00000b84,
0x000000dc,0x000000e1,0x0003003e,0x000000df,0x0000154e,0x000200f9,0x00000b81,0x000200f8,
0x00000b81,0x000200f9,0x00000ec5,0x000200f8,0x00000b5a,0x00050041,0x0000098b,0x00000b88,
0x0000057a,0x00000198,0x0004003d,0x0000006d,0x00000b89,0x00000b88,0x0008004f,0x00000015,
0x00000b8a,0x00000b89,0x00000b89,0x00000000,0x00000001,0x00000002,0x0004003d,0x00000015,
0x00000b8d,0x000006ae,0x00050083,0x00000015,0x00000b8e,0x00000b8a,0x00000b8d,0x0006000c,
0x00000006,0x00000b8f,0x00000001,0x00000042,0x00000b8e,0x00060041,0x00000108,0x00000b94,
0x00000105,0x000006d8,0x00000111,0x0004003d,0x00000006,0x00000b95,0x00000b94,0x000300f7,
0x0000156e,0x00000000,0x000300fb,0x00000111,0x00001555,0x000200f8,0x00001555,0x000500bc,
0x00000051,0x00001557,0x00000b95,0x000000dc,0x000300f7,0x00001559,0x00000000,0x000400fa,
0x00001557,0x00001558,0x00001559,0x000200f8,0x00001558,0x000200f9,0x0000156e,0x000200f8,
0x00001559,0x00060041,0x00000108,0x0000155a,0x00000105,0x000006d8,0x00000116,0x0004003d,
0x00000006,0x0000155b,0x0000155a,0x0008000c,0x00000006,0x0000155c,0x00000001,0x0000002b,
0x0000155b,0x000000dc,0x00000183,0x000500bc,0x00000051,0x0000155e,0x0000155c,0x000000dc,
0x000300f7,0x00001564,0x00000000,0x000400fa,0x0000155e,0x0000155f,0x00001564,0x000200f8,
0x0000155f,0x000500bc,0x00000051,0x00001562,0x00000b8f,0x00000b95,0x000600a9,0x00000006,
0x00001563,0x00001562,0x000000e1,0x000000dc,0x000200f9,0x0000156e,0x000200f8,0x00001564,
0x00050083,0x00000006,0x00001567,0x000000e1,0x0000155c,0x00050085,0x00000006,0x00001568,
0x00000b95,0x00001567,0x0008000c,0x00000006,0x0000156b,0x00000001,0x00000031,0x00001568,
0x00000b95,0x00000b8f,0x00050083,0x00000006,0x0000156c,0x000000e1,0x0000156b,0x000200f9,
0x0000156e,0x000200f8,0x0000156e,0x000900f5,0x00000006,0x000022f4,0x000000e1,0x00001558,
0x00001563,0x0000155f,0x0000156c,0x00001564,0x0003003e,0x00000b97,0x00000b98,0x000600a9,
0x00000057,0x00001574,0x000006c9,0x00000a73,0x000006c7,0x000500c7,0x00000057,0x00001577,
0x00001574,0x000000f5,0x000500ab,0x00000051,0x00001578,0x00001577,0x00000111,0x000300f7,
0x00000b9e,0x00000000,0x000400fa,0x00001578,0x00000b9d,0x00000b9e,0x000200f8,0x00000b9d,
0x00060041,0x0000057b,0x00001581,0x0000057a,0x000001b0,0x00000107,0x0004003d,0x00000057,
0x00001582,0x00001581,0x000500c2,0x00000057,0x00001585,0x00001582,0x000000f5,0x000500c7,
0x00000057,0x00001586,0x00001585,0x00000180,0x000500aa,0x00000051,0x00001588,0x00001586,
0x00000116,0x000300f7,0x00001594,0x00000000,0x000400fa,0x00001588,0x00001589,0x0000158d,
0x000200f8,0x00001589,0x0004003d,0x00000015,0x0000158b,0x000006af,0x000300f7,0x000015d3,
0x00000000,0x000300fb,0x00000111,0x0000159d,0x000200f8,0x0000159d,0x0006000c,0x00000015,
0x0000159f,0x00000001,0x00000004,0x0000158b,0x00050051,0x00000006,0x000015a1,0x0000159f,
0x00000000,0x00050051,0x00000006,0x000015a3,0x0000159f,0x00000001,0x000500be,0x00000051,
0x000015a4,0x000015a1,0x000015a3,0x000300f7,0x000015ab,0x00000000,0x000400fa,0x000015a4,
0x000015a5,0x000015ab,0x000200f8,0x000015a5,0x00050051,0x00000006,0x000015a9,0x0000159f,
0x00000002,0x000500be,0x00000051,0x000015aa,0x000015a1,0x000015a9,0x000200f9,0x000015ab,
0x000200f8,0x000015ab,0x000700f5,0x00000051,0x000015ac,0x000015a4,0x0000159d,0x000015aa,
0x000015a5,0x000300f7,0x000015b8,0x00000000,0x000400fa,0x000015ac,0x000015ad,0x000015b8,
0x000200f8,0x000015ad,0x00050051,0x00000006,0x000015af,0x0000158b,0x00000000,0x0006000c,
0x00000006,0x000015b0,0x00000001,0x00000006,0x000015af,0x0004007f,0x00000006,0x000015b1,
0x000015b0,0x00050051,0x00000006,0x000015b3,0x00000b8d,0x00000002,0x00050085,0x00000006,
0x000015b4,0x000015b1,0x000015b3,0x00050051,0x00000006,0x000015b6,0x00000b8d,0x00000001,
0x00050050,0x00000021,0x000015b7,0x000015b4,0x000015b6,0x000200f9,0x000015d3,0x000200f8,
0x000015b8,0x00050051,0x00000006,0x000015bc,0x0000159f,0x00000002,0x000500be,0x00000051,
0x000015bd,0x000015a3,0x000015bc,0x000300f7,0x000015c9,0x00000000,0x000400fa,0x000015bd,
0x000015be,0x000015c9,0x000200f8,0x000015be,0x00050051,0x00000006,0x000015c0,0x00000b8d,
0x00000000,0x00050051,0x00000006,0x000015c2,0x0000158b,0x00000001,0x0006000c,0x00000006,
0x000015c3,0x00000001,0x00000006,0x000015c2,0x0004007f,0x00000006,0x000015c4,0x000015c3,
0x00050051,0x00000006,0x000015c6,0x00000b8d,0x00000002,0x00050085,0x00000006,0x000015c7,
0x000015c4,0x000015c6,0x00050050,0x00000021,0x000015c8,0x000015c0,0x000015c7,0x000200f9,
0x000015d3,0x000200f8,0x000015c9,0x00050051,0x00000006,0x000015cb,0x0000158b,0x00000002,
0x0006000c,0x00000006,0x000015cc,0x00000001,0x00000006,0x000015cb,0x00050051,0x00000006,
0x000015ce,0x00000b8d,0x00000000,0x00050085,0x00000006,0x000015cf,0x000015cc,0x000015ce,
0x00050051,0x00000006,0x000015d1,0x00000b8d,0x00000001,0x00050050,0x00000021,0x000015d2,
0x000015cf,0x000015d1,0x000200f9,0x000015d3,0x000200f8,0x000015d3,0x000900f5,0x00000021,
0x000022f5,0x000015b7,0x000015ad,0x000015c8,0x000015be,0x000015d2,0x000015c9,0x000200f9,
0x00001594,0x000200f8,0x0000158d,0x000500aa,0x00000051,0x0000158f,0x00001586,0x00000107,
0x0004003d,0x00000021,0x00001590,0x000006b9,0x00050050,0x0000022c,0x00001592,0x0000158f,
0x0000158f,0x000600a9,0x00000021,0x00001593,0x00001592,0x00001590,0x00000ab4,0x000200f9,
0x00001594,0x000200f8,0x00001594,0x000700f5,0x00000021,0x000022f6,0x000022f5,0x000015d3,
0x00001593,0x0000158d,0x000300f7,0x000015f4,0x00000000,0x000300fb,0x00000111,0x000015dc,
0x000200f8,0x000015dc,0x00060041,0x0000057b,0x000015f8,0x0000057a,0x000001b0,0x00000116,
0x0004003d,0x00000057,0x000015f9,0x000015f8,0x000500c2,0x00000057,0x000015fa,0x000015f9,
0x00000107,0x000500ab,0x00000051,0x000015fb,0x000015fa,0x00000111,0x000400a8,0x00000051,
0x000015de,0x000015fb,0x000300f7,0x000015e1,0x00000000,0x000400fa,0x000015de,0x000015df,
0x000015e1,0x000200f8,0x000015df,0x000200f9,0x000015f4,0x000200f8,0x000015e1,0x00050051,
0x00000006,0x000015e3,0x000022f6,0x00000000,0x00050051,0x00000006,0x000015e4,0x000022f6,
0x00000001,0x00060050,0x00000015,0x000015e5,0x000015e3,0x000015e4,0x000000e1,0x00050082,
0x00000057,0x00001601,0x000015fa,0x00000107,0x00050084,0x00000057,0x00001602,0x00001601,
0x0000058a,0x00050080,0x00000057,0x00001604,0x00001602,0x000000f5,0x00060041,0x0000058e,
0x00001605,0x00000585,0x00000164,0x00001604,0x0004003d,0x0000006d,0x00001606,0x00001605,
0x0008004f,0x00000015,0x000015e9,0x00001606,0x00001606,0x00000000,0x00000001,0x00000002,
0x00050094,0x00000006,0x000015eb,0x000015e9,0x000015e5,0x00050080,0x00000057,0x0000160f,
0x00001602,0x00000d4d,0x00060041,0x0000058e,0x00001610,0x00000585,0x00000164,0x0000160f,
0x0004003d,0x0000006d,0x00001611,0x00001610,0x0008004f,0x00000015,0x000015f0,0x00001611,
0x00001611,0x00000000,0x00000001,0x00000002,0x00050094,0x00000006,0x000015f2,0x000015f0,
0x000015e5,0x00050050,0x00000021,0x000015f3,0x000015eb,0x000015f2,0x000200f9,0x000015f4,
0x000200f8,0x000015f4,0x000700f5,0x00000021,0x000022f7,0x000022f6,0x000015df,0x000015f3,
0x000015e1,0x000500ba,0x00000051,0x00000ba4,0x000022f4,0x000000dc,0x000300f7,0x00000ba7,
0x00000000,0x000400fa,0x00000ba4,0x00000ba6,0x00000bae,0x000200f8,0x00000ba6,0x00060041,
0x0000057b,0x00000ba8,0x0000057a,0x00000814,0x00000116,0x0004003d,0x00000057,0x00000ba9,
0x00000ba8,0x00050041,0x000001fa,0x00000baa,0x00000add,0x00000ba9,0x0004003d,0x000001f9,
0x00000bab,0x00000baa,0x00050057,0x0000006d,0x00000bad,0x00000bab,0x000022f7,0x000200f9,
0x00000ba7,0x000200f8,0x00000bae,0x000200f9,0x00000ba7,0x000200f8,0x00000ba7,0x000700f5,
0x0000006d,0x000022f8,0x00000bad,0x00000ba6,0x00000b98,0x00000bae,0x000500be,0x00000051,
0x00000bb3,0x000022f4,0x000000e1,0x000500a7,0x00000051,0x00000bb4,0x00000bb1,0x00000bb3,
0x000300f7,0x00000bb6,0x00000000,0x000400fa,0x00000bb4,0x00000bb5,0x00000bb8,0x000200f8,
0x00000bb5,0x0003003e,0x00000b97,0x000022f8,0x000200f9,0x00000bb6,0x000200f8,0x00000bb8,
0x00060041,0x0000057b,0x00000bba,0x0000057a,0x00000814,0x00000116,0x0004003d,0x00000057,
0x00000bbb,0x00000bba,0x00050041,0x000001fa,0x00000bbc,0x00000add,0x00000bbb,0x0004003d,
0x000001f9,0x00000bbd,0x00000bbc,0x00040064,0x000001f8,0x00000bc3,0x00000bbd,0x0004006a,
0x00000041,0x00000bc4,0x00000bc3,0x00050082,0x00000041,0x00000bc5,0x00000bc4,0x0000017a,
0x0004006f,0x00000006,0x00000bc6,0x00000bc5,0x00070058,0x0000006d,0x00000bc7,0x00000bbd,
0x000022f7,0x00000002,0x00000bc6,0x000300f7,0x00000bcc,0x00000000,0x000400fa,0x00000ba4,
0x00000bcb,0x00000bd2,0x000200f8,0x00000bcb,0x00070050,0x0000006d,0x00000bd0,0x000022f4,
0x000022f4,0x000022f4,0x000022f4,0x0008000c,0x0000006d,0x00000bd1,0x00000001,0x0000002e,
0x00000bc7,0x000022f8,0x00000bd0,0x000200f9,0x00000bcc,0x000200f8,0x00000bd2,0x000200f9,
0x00000bcc,0x000200f8,0x00000bcc,0x000700f5,0x0000006d,0x000022f9,0x00000bd1,0x00000bcb,
0x00000bc7,0x00000bd2,0x0003003e,0x00000b97,0x000022f9,0x000200f9,0x00000bb6,0x000200f8,
0x00000bb6,0x000200f9,0x00000b9e,0x000200f8,0x00000b9e,0x00060041,0x0000057b,0x00001614,
0x0000057a,0x000001b0,0x00000116,0x0004003d,0x00000057,0x00001615,0x00001614,0x000500c2,
0x00000057,0x00001616,0x00001615,0x00000107,0x000500ab,0x00000051,0x00001617,0x00001616,
0x00000111,0x000300f7,0x00000bdb,0x00000000,0x000400fa,0x00001617,0x00000bda,0x00000be1,
0x000200f8,0x00000bda,0x00050082,0x00000057,0x0000161d,0x00001616,0x00000107,0x00050084,
0x00000057,0x0000161e,0x0000161d,0x0000058a,0x00050080,0x00000057,0x00001620,0x0000161e,
0x00000101,0x00060041,0x0000058e,0x00001621,0x00000585,0x00000164,0x00001620,0x0004003d,
0x0000006d,0x00001622,0x00001621,0x00050051,0x00000006,0x00000bde,0x00001622,0x00000000,
0x00050081,0x00000006,0x00000bdf,0x00000bde,0x00000183,0x0004006d,0x00000057,0x00000be0,
0x00000bdf,0x000200f9,0x00000bdb,0x000200f8,0x00000be1,0x000200f9,0x00000bdb,0x000200f8,
0x00000bdb,0x000700f5,0x00000057,0x000022fa,0x00000be0,0x00000bda,0x00000107,0x00000be1,
0x000300f7,0x00000be7,0x00000000,0x000400fa,0x00001617,0x00000be6,0x00000bed,0x000200f8,
0x00000be6,0x00050082,0x00000057,0x00001628,0x00001616,0x00000107,0x00050084,0x00000057,
0x00001629,0x00001628,0x0000058a,0x00050080,0x00000057,0x0000162b,0x00001629,0x00000101,
0x00060041,0x0000058e,0x0000162c,0x00000585,0x00000164,0x0000162b,0x0004003d,0x0000006d,
0x0000162d,0x0000162c,0x00050051,0x00000006,0x00000bea,0x0000162d,0x00000001,0x00050081,
0x00000006,0x00000beb,0x00000bea,0x00000183,0x0004006d,0x00000057,0x00000bec,0x00000beb,
0x000200f9,0x00000be7,0x000200f8,0x00000bed,0x000200f9,0x00000be7,0x000200f8,0x00000be7,
0x000700f5,0x00000057,0x000022fb,0x00000bec,0x00000be6,0x00000116,0x00000bed,0x00050041,
0x00000007,0x00000bf1,0x00000b97,0x000022fa,0x0004003d,0x00000006,0x00000bf2,0x00000bf1,
0x00060041,0x00000bf4,0x00000bf5,0x0000057a,0x00000bf3,0x00000111,0x0004003d,0x00000006,
0x00000bf6,0x00000bf5,0x00050085,0x00000006,0x00000bf7,0x00000bf2,0x00000bf6,0x0008000c,
0x00000006,0x00000bf9,0x00000001,0x0000002b,0x00000bf7,0x00000bf8,0x000000e1,0x00050041,
0x00000007,0x00000bfc,0x00000b97,0x000022fb,0x0004003d,0x00000006,0x00000bfd,0x00000bfc,
0x00060041,0x00000bf4,0x00000bfe,0x0000057a,0x00000bf3,0x00000107,0x0004003d,0x00000006,
0x00000bff,0x00000bfe,0x00050085,0x00000006,0x00000c00,0x00000bfd,0x00000bff,0x0008000c,
0x00000006,0x00000c01,0x00000001,0x0000002b,0x00000c00,0x000000dc,0x000000e1,0x000500c7,
0x00000057,0x00000c05,0x00000a73,0x00000c04,0x000500ab,0x00000051,0x00000c06,0x00000c05,
0x00000111,0x000600a9,0x00000051,0x00002503,0x00000c06,0x00001578,0x00000c06,0x000300f7,
0x00000c10,0x00000000,0x000400fa,0x00002503,0x00000c0f,0x00000c13,0x000200f8,0x00000c0f,
0x00050041,0x00000007,0x00000c11,0x00000b97,0x00000111,0x0004003d,0x00000006,0x00000c12,
0x00000c11,0x000200f9,0x00000c10,0x000200f8,0x00000c13,0x000200f9,0x00000c10,0x000200f8,
0x00000c10,0x000700f5,0x00000006,0x000022fc,0x00000c12,0x00000c0f,0x000000e1,0x00000c13,
0x000300f7,0x00000c17,0x00000000,0x000400fa,0x00001617,0x00000c16,0x00000c17,0x000200f8,
0x00000c16,0x00050082,0x00000057,0x0000163c,0x00001616,0x00000107,0x00050084,0x00000057,
0x0000163d,0x0000163c,0x0000058a,0x00050080,0x00000057,0x0000163f,0x0000163d,0x000000f7,
0x00060041,0x0000058e,0x00001640,0x00000585,0x00000164,0x0000163f,0x0004003d,0x0000006d,
0x00001641,0x00001640,0x00050051,0x00000006,0x00000c1d,0x00001641,0x00000001,0x00050081,
0x00000006,0x00000c1e,0x00000c1d,0x00000183,0x0004006d,0x00000057,0x00000c1f,0x00000c1e,
0x00050051,0x00000006,0x00000c22,0x00001641,0x00000002,0x00050081,0x00000006,0x00000c23,
0x00000c22,0x00000183,0x0004006d,0x00000057,0x00000c24,0x00000c23,0x000500aa,0x00000051,
0x00000c27,0x00000c1f,0x00000107,0x000600a9,0x00000051,0x00002504,0x00000c27,0x00001578,
0x00000c27,0x000300f7,0x00000c30,0x00000000,0x000400fa,0x00002504,0x00000c2f,0x00000c30,
0x000200f8,0x00000c2f,0x00050041,0x00000007,0x00000c32,0x00000b97,0x00000c24,0x0004003d,
0x00000006,0x00000c33,0x00000c32,0x000200f9,0x00000c30,0x000200f8,0x00000c30,0x000700f5,
0x00000006,0x00002301,0x000000e1,0x00000c16,0x00000c33,0x00000c2f,0x000500aa,0x00000051,
0x00000c35,0x00000c1f,0x00000116,0x000500ba,0x00000051,0x00000c37,0x000022f4,0x000000dc,
0x000500a7,0x00000051,0x00000c38,0x00000c35,0x00000c37,0x000300f7,0x00000c3a,0x00000000,
0x000400fa,0x00000c38,0x00000c39,0x00000c3a,0x000200f8,0x00000c39,0x00050051,0x00000006,
0x00000c3c,0x00001641,0x00000003,0x00050081,0x00000006,0x00000c3d,0x00000c3c,0x00000183,
0x0004006d,0x00000057,0x00000c3e,0x00000c3d,0x00050041,0x000001fa,0x00000c3f,0x00000add,
0x00000c3e,0x0004003d,0x000001f9,0x00000c40,0x00000c3f,0x00060041,0x0000057b,0x00001653,
0x0000057a,0x000001b0,0x00000107,0x0004003d,0x00000057,0x00001654,0x00001653,0x000500c2,
0x00000057,0x00001657,0x00001654,0x000000f5,0x000500c7,0x00000057,0x00001658,0x00001657,
0x00000180,0x000500aa,0x00000051,0x0000165a,0x00001658,0x00000116,0x000300f7,0x00001666,
0x00000000,0x000400fa,0x0000165a,0x0000165b,0x0000165f,0x000200f8,0x0000165b,0x0004003d,
0x00000015,0x0000165d,0x000006af,0x000300f7,0x000016a5,0x00000000,0x000300fb,0x00000111,
0x0000166f,0x000200f8,0x0000166f,0x0006000c,0x00000015,0x00001671,0x00000001,0x00000004,
0x0000165d,0x00050051,0x00000006,0x00001673,0x00001671,0x00000000,0x00050051,0x00000006,
0x00001675,0x00001671,0x00000001,0x000500be,0x00000051,0x00001676,0x00001673,0x00001675,
0x000300f7,0x0000167d,0x00000000,0x000400fa,0x00001676,0x00001677,0x0000167d,0x000200f8,
0x00001677,0x00050051,0x00000006,0x0000167b,0x00001671,0x00000002,0x000500be,0x00000051,
0x0000167c,0x00001673,0x0000167b,0x000200f9,0x0000167d,0x000200f8,0x0000167d,0x000700f5,
0x00000051,0x0000167e,0x00001676,0x0000166f,0x0000167c,0x00001677,0x000300f7,0x0000168a,
0x00000000,0x000400fa,0x0000167e,0x0000167f,0x0000168a,0x000200f8,0x0000167f,0x00050051,
0x00000006,0x00001681,0x0000165d,0x00000000,0x0006000c,0x00000006,0x00001682,0x00000001,
0x00000006,0x00001681,0x0004007f,0x00000006,0x00001683,0x00001682,0x00050051,0x00000006,
0x00001685,0x00000b8d,0x00000002,0x00050085,0x00000006,0x00001686,0x00001683,0x00001685,
0x00050051,0x00000006,0x00001688,0x00000b8d,0x00000001,0x00050050,0x00000021,0x00001689,
0x00001686,0x00001688,0x000200f9,0x000016a5,0x000200f8,0x0000168a,0x00050051,0x00000006,
0x0000168e,0x00001671,0x00000002,0x000500be,0x00000051,0x0000168f,0x00001675,0x0000168e,
0x000300f7,0x0000169b,0x00000000,0x000400fa,0x0000168f,0x00001690,0x0000169b,0x000200f8,
0x00001690,0x00050051,0x00000006,0x00001692,0x00000b8d,0x00000000,0x00050051,0x00000006,
0x00001694,0x0000165d,0x00000001,0x0006000c,0x00000006,0x00001695,0x00000001,0x00000006,
0x00001694,0x0004007f,0x00000006,0x00001696,0x00001695,0x00050051,0x00000006,0x00001698,
0x00000b8d,0x00000002,0x00050085,0x00000006,0x00001699,0x00001696,0x00001698,0x00050050,
0x00000021,0x0000169a,0x00001692,0x00001699,0x000200f9,0x000016a5,0x000200f8,0x0000169b,
0x00050051,0x00000006,0x0000169d,0x0000165d,0x00000002,0x0006000c,0x00000006,0x0000169e,
0x00000001,0x00000006,0x0000169d,0x00050051,0x00000006,0x000016a0,0x00000b8d,0x00000000,
0x00050085,0x00000006,0x000016a1,0x0000169e,0x000016a0,0x00050051,0x00000006,0x000016a3,
0x00000b8d,0x00000001,0x00050050,0x00000021,0x000016a4,0x000016a1,0x000016a3,0x000200f9,
0x000016a5,0x000200f8,0x000016a5,0x000900f5,0x00000021,0x000022fd,0x00001689,0x0000167f,
0x0000169a,0x00001690,0x000016a4,0x0000169b,0x000200f9,0x00001666,0x000200f8,0x0000165f,
0x000500aa,0x00000051,0x00001661,0x00001658,0x00000107,0x0004003d,0x00000021,0x00001662,
0x000006b9,0x00050050,0x0000022c,0x00001664,0x00001661,0x00001661,0x000600a9,0x00000021,
0x00001665,0x00001664,0x00001662,0x00000ab4,0x000200f9,0x00001666,0x000200f8,0x00001666,
0x000700f5,0x00000021,0x000022fe,0x000022fd,0x000016a5,0x00001665,0x0000165f,0x000300f7,
0x000016c6,0x00000000,0x000300fb,0x00000111,0x000016ae,0x000200f8,0x000016ae,0x000400a8,
0x00000051,0x000016b0,0x00001617,0x000300f7,0x000016b3,0x00000000,0x000400fa,0x000016b0,
0x000016b1,0x000016b3,0x000200f8,0x000016b1,0x000200f9,0x000016c6,0x000200f8,0x000016b3,
0x00050051,0x00000006,0x000016b5,0x000022fe,0x00000000,0x00050051,0x00000006,0x000016b6,
0x000022fe,0x00000001,0x00060050,0x00000015,0x000016b7,0x000016b5,0x000016b6,0x000000e1,
0x00050080,0x00000057,0x000016d6,0x0000163d,0x000000f5,0x00060041,0x0000058e,0x000016d7,
0x00000585,0x00000164,0x000016d6,0x0004003d,0x0000006d,0x000016d8,0x000016d7,0x0008004f,
0x00000015,0x000016bb,0x000016d8,0x000016d8,0x00000000,0x00000001,0x00000002,0x00050094,
0x00000006,0x000016bd,0x000016bb,0x000016b7,0x00050080,0x00000057,0x000016e1,0x0000163d,
0x00000d4d,0x00060041,0x0000058e,0x000016e2,0x00000585,0x00000164,0x000016e1,0x0004003d,
0x0000006d,0x000016e3,0x000016e2,0x0008004f,0x00000015,0x000016c2,0x000016e3,0x000016e3,
0x00000000,0x00000001,0x00000002,0x00050094,0x00000006,0x000016c4,0x000016c2,0x000016b7,
0x00050050,0x00000021,0x000016c5,0x000016bd,0x000016c4,0x000200f9,0x000016c6,0x000200f8,
0x000016c6,0x000700f5,0x00000021,0x000022ff,0x000022fe,0x000016b1,0x000016c5,0x000016b3,
0x00050057,0x0000006d,0x00000c43,0x00000c40,0x000022ff,0x0005004d,0x00000006,0x00000c45,
0x00000c43,0x00000c24,0x0008000c,0x00000006,0x00000c47,0x00000001,0x0000002e,0x000000e1,
0x00000c45,0x000022f4,0x000200f9,0x00000c3a,0x000200f8,0x00000c3a,0x000700f5,0x00000006,
0x00002300,0x00002301,0x00000c30,0x00000c47,0x000016c6,0x000500aa,0x00000051,0x00000c49,
0x00000c1f,0x00000111,0x000300f7,0x00000c4c,0x00000000,0x000400fa,0x00000c49,0x00000c4b,
0x00000c4d,0x000200f8,0x00000c4b,0x000200f9,0x00000c4c,0x000200f8,0x00000c4d,0x00050051,
0x00000006,0x00000c50,0x00001641,0x00000000,0x0008000c,0x00000006,0x00000c51,0x00000001,
0x0000002b,0x00000c50,0x000000dc,0x000000e1,0x0008000c,0x00000006,0x00000c52,0x00000001,
0x0000002e,0x000000e1,0x00002300,0x00000c51,0x000200f9,0x00000c4c,0x000200f8,0x00000c4c,
0x000700f5,0x00000006,0x00002303,0x000000e1,0x00000c4b,0x00000c52,0x00000c4d,0x000200f9,
0x00000c17,0x000200f8,0x00000c17,0x000700f5,0x00000006,0x000023fc,0x000022fc,0x00000c10,
0x00002303,0x00000c4c,0x0004003d,0x00000015,0x00000c55,0x000006af,0x0006000c,0x00000015,
0x00000c56,0x00000001,0x00000045,0x00000c55,0x000300f7,0x00000c5b,0x00000000,0x000400fa,
0x00000ac7,0x00000c5a,0x00000c5c,0x000200f8,0x00000c5a,0x000200f9,0x00000c5b,0x000200f8,
0x00000c5c,0x00060041,0x00000108,0x00000c60,0x00000105,0x00000187,0x00000111,0x0004003d,
0x00000006,0x00000c61,0x00000c60,0x000300f7,0x00001703,0x00000000,0x000300fb,0x00000111,
0x000016ea,0x000200f8,0x000016ea,0x000500bc,0x00000051,0x000016ec,0x00000c61,0x000000dc,
0x000300f7,0x000016ee,0x00000000,0x000400fa,0x000016ec,0x000016ed,0x000016ee,0x000200f8,
0x000016ed,0x000200f9,0x00001703,0x000200f8,0x000016ee,0x00060041,0x00000108,0x000016ef,
0x00000105,0x000006d8,0x00000116,0x0004003d,0x00000006,0x000016f0,0x000016ef,0x0008000c,
0x00000006,0x000016f1,0x00000001,0x0000002b,0x000016f0,0x000000dc,0x00000183,0x000500bc,
0x00000051,0x000016f3,0x000016f1,0x000000dc,0x000300f7,0x000016f9,0x00000000,0x000400fa,
0x000016f3,0x000016f4,0x000016f9,0x000200f8,0x000016f4,0x000500bc,0x00000051,0x000016f7,
0x00000b8f,0x00000c61,0x000600a9,0x00000006,0x000016f8,0x000016f7,0x000000e1,0x000000dc,
0x000200f9,0x00001703,0x000200f8,0x000016f9,0x00050083,0x00000006,0x000016fc,0x000000e1,
0x000016f1,0x00050085,0x00000006,0x000016fd,0x00000c61,0x000016fc,0x0008000c,0x00000006,
0x00001700,0x00000001,0x00000031,0x000016fd,0x00000c61,0x00000b8f,0x00050083,0x00000006,
0x00001701,0x000000e1,0x00001700,0x000200f9,0x00001703,0x000200f8,0x00001703,0x000900f5,
0x00000006,0x00002304,0x000000e1,0x000016ed,0x000016f8,0x000016f4,0x00001701,0x000016f9,
0x000200f9,0x00000c5b,0x000200f8,0x00000c5b,0x000700f5,0x00000006,0x00002305,0x000000e1,
0x00000c5a,0x00002304,0x00001703,0x0004003d,0x0000006d,0x00000c66,0x00000c65,0x0008004f,
0x00000015,0x00000c67,0x00000c66,0x00000c66,0x00000000,0x00000001,0x00000002,0x00050094,
0x00000006,0x00000c6c,0x00000c56,0x00000c67,0x0005008e,0x00000015,0x00000c6d,0x00000c56,
0x00000c6c,0x00050083,0x00000015,0x00000c6e,0x00000c67,0x00000c6d,0x00060041,0x0000057b,
0x00000c70,0x0000057a,0x000001b0,0x00000107,0x0004003d,0x00000057,0x00000c71,0x00000c70,
0x000500c2,0x00000057,0x00000c72,0x00000c71,0x00000116,0x000500c7,0x00000057,0x00000c73,
0x00000c72,0x00000180,0x000500aa,0x00000051,0x00000c74,0x00000c73,0x00000116,0x000500c7,
0x00000057,0x0000170c,0x00001574,0x00000116,0x000500ab,0x00000051,0x0000170d,0x0000170c,
0x00000111,0x000500ab,0x00000051,0x00000c7a,0x00000a75,0x00000107,0x000500a7,0x00000051,
0x00000c7b,0x0000170d,0x00000c7a,0x000500ba,0x00000051,0x00000c7d,0x00002305,0x000000dc,
0x000500a7,0x00000051,0x00000c7e,0x00000c7b,0x00000c7d,0x000300f7,0x00000c80,0x00000000,
0x000400fa,0x00000c7e,0x00000c7f,0x00000c80,0x000200f8,0x00000c7f,0x000500a6,0x00000051,
0x00000c83,0x00000ac7,0x00000c74,0x000400a8,0x00000051,0x00000c84,0x00000c83,0x000300f7,
0x00000c86,0x00000000,0x000400fa,0x00000c84,0x00000c85,0x00000c86,0x000200f8,0x00000c85,
0x00050094,0x00000006,0x00000c89,0x00000c6e,0x00000c6e,0x000500ba,0x00000051,0x00000c8a,
0x00000c89,0x000005ca,0x000200f9,0x00000c86,0x000200f8,0x00000c86,0x000700f5,0x00000051,
0x00000c8b,0x00000c83,0x00000c7f,0x00000c8a,0x00000c85,0x000200f9,0x00000c80,0x000200f8,
0x00000c80,0x000700f5,0x00000051,0x00000c8c,0x00000c7e,0x00000c5b,0x00000c8b,0x00000c86,
0x000300f7,0x00000c8e,0x00000000,0x000400fa,0x00000c8c,0x00000c8d,0x00000c8e,0x000200f8,
0x00000c8d,0x000300f7,0x00000c93,0x00000000,0x000400fa,0x00000c74,0x00000c92,0x00000c94,
0x000200f8,0x00000c92,0x000200f9,0x00000c93,0x000200f8,0x00000c94,0x0006000c,0x00000015,
0x00000c96,0x00000001,0x00000045,0x00000c6e,0x000200f9,0x00000c93,0x000200f8,0x00000c93,
0x000700f5,0x00000015,0x00002308,0x00000672,0x00000c92,0x00000c96,0x00000c94,0x000300f7,
0x00000c9c,0x00000000,0x000400fa,0x00000c74,0x00000c9b,0x00000c9d,0x000200f8,0x00000c9b,
0x000200f9,0x00000c9c,0x000200f8,0x00000c9d,0x0007000c,0x00000015,0x00000ca0,0x00000001,
0x00000044,0x00000c56,0x00002308,0x000300f7,0x00000ca4,0x00000000,0x000400fa,0x00000ac7,
0x00000ca3,0x00000ca5,0x000200f8,0x00000ca3,0x000200f9,0x00000ca4,0x000200f8,0x00000ca5,
0x00050041,0x00000a65,0x00000ca6,0x00000c65,0x00000180,0x0004003d,0x00000006,0x00000ca7,
0x00000ca6,0x000200f9,0x00000ca4,0x000200f8,0x00000ca4,0x000700f5,0x00000006,0x0000230c,
0x000000e1,0x00000ca3,0x00000ca7,0x00000ca5,0x0005008e,0x00000015,0x00000ca9,0x00000ca0,
0x0000230c,0x000200f9,0x00000c9c,0x000200f8,0x00000c9c,0x000700f5,0x00000015,0x0000230d,
0x00000658,0x00000c9b,0x00000ca9,0x00000ca4,0x000300f7,0x00000caf,0x00000000,0x000400fa,
0x00000ac7,0x00000cae,0x00000cb8,0x000200f8,0x00000cae,0x00060041,0x0000057b,0x00000cb0,
0x0000057a,0x00000814,0x00000107,0x0004003d,0x00000057,0x00000cb1,0x00000cb0,0x00050041,
0x000001fa,0x00000cb2,0x00000add,0x00000cb1,0x0004003d,0x000001f9,0x00000cb3,0x00000cb2,
0x00080058,0x0000006d,0x00000cb7,0x00000cb3,0x000022ed,0x00000004,0x00000ab5,0x00000ab8,
0x000200f9,0x00000caf,0x000200f8,0x00000cb8,0x00060041,0x0000057b,0x00000cb9,0x0000057a,
0x00000814,0x00000107,0x0004003d,0x00000057,0x00000cba,0x00000cb9,0x00050041,0x000001fa,
0x00000cbb,0x00000add,0x00000cba,0x0004003d,0x000001f9,0x00000cbc,0x00000cbb,0x000300f7,
0x00001729,0x00000000,0x000400fa,0x00000c74,0x0000171e,0x00001722,0x000200f8,0x0000171e,
0x000300f7,0x00001768,0x00000000,0x000300fb,0x00000111,0x00001732,0x000200f8,0x00001732,
0x0006000c,0x00000015,0x00001734,0x00000001,0x00000004,0x00000c55,0x00050051,0x00000006,
0x00001736,0x00001734,0x00000000,0x00050051,0x00000006,0x00001738,0x00001734,0x00000001,
0x000500be,0x00000051,0x00001739,0x00001736,0x00001738,0x000300f7,0x00001740,0x00000000,
0x000400fa,0x00001739,0x0000173a,0x00001740,0x000200f8,0x0000173a,0x00050051,0x00000006,
0x0000173e,0x00001734,0x00000002,0x000500be,0x00000051,0x0000173f,0x00001736,0x0000173e,
0x000200f9,0x00001740,0x000200f8,0x00001740,0x000700f5,0x00000051,0x00001741,0x00001739,
0x00001732,0x0000173f,0x0000173a,0x000300f7,0x0000174d,0x00000000,0x000400fa,0x00001741,
0x00001742,0x0000174d,0x000200f8,0x00001742,0x00050051,0x00000006,0x00001744,0x00000c55,
0x00000000,0x0006000c,0x00000006,0x00001745,0x00000001,0x00000006,0x00001744,0x0004007f,
0x00000006,0x00001746,0x00001745,0x00050051,0x00000006,0x00001748,0x00000b8d,0x00000002,
0x00050085,0x00000006,0x00001749,0x00001746,0x00001748,0x00050051,0x00000006,0x0000174b,
0x00000b8d,0x00000001,0x00050050,0x00000021,0x0000174c,0x00001749,0x0000174b,0x000200f9,
0x00001768,0x000200f8,0x0000174d,0x00050051,0x00000006,0x00001751,0x00001734,0x00000002,
0x000500be,0x00000051,0x00001752,0x00001738,0x00001751,0x000300f7,0x0000175e,0x00000000,
0x000400fa,0x00001752,0x00001753,0x0000175e,0x000200f8,0x00001753,0x00050051,0x00000006,
0x00001755,0x00000b8d,0x00000000,0x00050051,0x00000006,0x00001757,0x00000c55,0x00000001,
0x0006000c,0x00000006,0x00001758,0x00000001,0x00000006,0x00001757,0x0004007f,0x00000006,
0x00001759,0x00001758,0x00050051,0x00000006,0x0000175b,0x00000b8d,0x00000002,0x00050085,
0x00000006,0x0000175c,0x00001759,0x0000175b,0x00050050,0x00000021,0x0000175d,0x00001755,
0x0000175c,0x000200f9,0x00001768,0x000200f8,0x0000175e,0x00050051,0x00000006,0x00001760,
0x00000c55,0x00000002,0x0006000c,0x00000006,0x00001761,0x00000001,0x00000006,0x00001760,
0x00050051,0x00000006,0x00001763,0x00000b8d,0x00000000,0x00050085,0x00000006,0x00001764,
0x00001761,0x00001763,0x00050051,0x00000006,0x00001766,0x00000b8d,0x00000001,0x00050050,
0x00000021,0x00001767,0x00001764,0x00001766,0x000200f9,0x00001768,0x000200f8,0x00001768,
0x000900f5,0x00000021,0x0000230e,0x0000174c,0x00001742,0x0000175d,0x00001753,0x00001767,
0x0000175e,0x000200f9,0x00001729,0x000200f8,0x00001722,0x000500aa,0x00000051,0x00001724,
0x00000c73,0x00000107,0x0004003d,0x00000021,0x00001725,0x000006b9,0x00050050,0x0000022c,
0x00001727,0x00001724,0x00001724,0x000600a9,0x00000021,0x00001728,0x00001727,0x00001725,
0x00000ab4,0x000200f9,0x00001729,0x000200f8,0x00001729,0x000700f5,0x00000021,0x0000230f,
0x0000230e,0x00001768,0x00001728,0x00001722,0x000300f7,0x00001789,0x00000000,0x000300fb,
0x00000111,0x00001771,0x000200f8,0x00001771,0x000400a8,0x00000051,0x00001773,0x00001617,
0x000300f7,0x00001776,0x00000000,0x000400fa,0x00001773,0x00001774,0x00001776,0x000200f8,
0x00001774,0x000200f9,0x00001789,0x000200f8,0x00001776,0x00050051,0x00000006,0x00001778,
0x0000230f,0x00000000,0x00050051,0x00000006,0x00001779,0x0000230f,0x00000001,0x00060050,
0x00000015,0x0000177a,0x00001778,0x00001779,0x000000e1,0x00050082,0x00000057,0x00001796,
0x00001616,0x00000107,0x00050084,0x00000057,0x00001797,0x00001796,0x0000058a,0x00050080,
0x00000057,0x00001799,0x00001797,0x00000116,0x00060041,0x0000058e,0x0000179a,0x00000585,
0x00000164,0x00001799,0x0004003d,0x0000006d,0x0000179b,0x0000179a,0x0008004f,0x00000015,
0x0000177e,0x0000179b,0x0000179b,0x00000000,0x00000001,0x00000002,0x00050094,0x00000006,
0x00001780,0x0000177e,0x0000177a,0x00050080,0x00000057,0x000017a4,0x00001797,0x00000180,
0x00060041,0x0000058e,0x000017a5,0x00000585,0x00000164,0x000017a4,0x0004003d,0x0000006d,
0x000017a6,0x000017a5,0x0008004f,0x00000015,0x00001785,0x000017a6,0x000017a6,0x00000000,
0x00000001,0x00000002,0x00050094,0x00000006,0x00001787,0x00001785,0x0000177a,0x00050050,
0x00000021,0x00001788,0x00001780,0x00001787,0x000200f9,0x00001789,0x000200f8,0x00001789,
0x000700f5,0x00000021,0x00002310,0x0000230f,0x00001774,0x00001788,0x00001776,0x00050057,
0x0000006d,0x00000cbf,0x00000cbc,0x00002310,0x000200f9,0x00000caf,0x000200f8,0x00000caf,
0x000700f5,0x0000006d,0x0000233a,0x00000cb7,0x00000cae,0x00000cbf,0x00001789,0x0008004f,
0x00000015,0x00000cc1,0x0000233a,0x0000233a,0x00000000,0x00000001,0x00000002,0x0005008e,
0x00000015,0x00000cc2,0x00000cc1,0x000001c6,0x00050083,0x00000015,0x00000cc4,0x00000cc2,
0x000002d3,0x000500a7,0x00000051,0x00000cc8,0x00000b11,0x00001617,0x000300f7,0x00000cca,
0x00000000,0x000400fa,0x00000cc8,0x00000cc9,0x00000cca,0x000200f8,0x00000cc9,0x00050082,
0x00000057,0x000017ac,0x00001616,0x00000107,0x00050084,0x00000057,0x000017ad,0x000017ac,
0x0000058a,0x00050080,0x00000057,0x000017af,0x000017ad,0x00000101,0x00060041,0x0000058e,
0x000017b0,0x00000585,0x00000164,0x000017af,0x0004003d,0x0000006d,0x000017b1,0x000017b0,
0x00050051,0x00000006,0x00000ccd,0x000017b1,0x00000003,0x000500ba,0x00000051,0x00000cce,
0x00000ccd,0x00000183,0x000200f9,0x00000cca,0x000200f8,0x00000cca,0x000700f5,0x00000051,
0x00000ccf,0x00000cc8,0x00000caf,0x00000cce,0x00000cc9,0x000300f7,0x00000cd1,0x00000000,
0x000400fa,0x00000ccf,0x00000cd0,0x00000cd1,0x000200f8,0x00000cd0,0x00050051,0x00000006,
0x00000cd3,0x00000cc4,0x00000001,0x0004007f,0x00000006,0x00000cd4,0x00000cd3,0x00060052,
0x00000015,0x00002258,0x00000cd4,0x00000cc4,0x00000001,0x000200f9,0x00000cd1,0x000200f8,
0x00000cd1,0x000700f5,0x00000015,0x0000233e,0x00000cc4,0x00000cca,0x00002258,0x00000cd0,
0x000300f7,0x00000cd9,0x00000000,0x000400fa,0x00000b11,0x00000cd8,0x00000cd9,0x000200f8,
0x00000cd8,0x000300f7,0x000017e9,0x00000000,0x000300fb,0x00000111,0x000017bc,0x000200f8,
0x000017bc,0x000400a8,0x00000051,0x000017be,0x00001617,0x000300f7,0x000017c0,0x00000000,
0x000400fa,0x000017be,0x000017bf,0x000017c0,0x000200f8,0x000017bf,0x000200f9,0x000017e9,
0x000200f8,0x000017c0,0x00050082,0x00000057,0x000017f6,0x00001616,0x00000107,0x00050084,
0x00000057,0x000017f7,0x000017f6,0x0000058a,0x00050080,0x00000057,0x000017f9,0x000017f7,
0x00000116,0x00060041,0x0000058e,0x000017fa,0x00000585,0x00000164,0x000017f9,0x0004003d,
0x0000006d,0x000017fb,0x000017fa,0x00050080,0x00000057,0x00001804,0x000017f7,0x00000180,
0x00060041,0x0000058e,0x00001805,0x00000585,0x00000164,0x00001804,0x0004003d,0x0000006d,
0x00001806,0x00001805,0x00050051,0x00000006,0x000017c9,0x000017fb,0x00000000,0x00050051,
0x00000006,0x000017cb,0x00001806,0x00000000,0x00050050,0x00000021,0x000017cc,0x000017c9,
0x000017cb,0x0006000c,0x00000006,0x000017cd,0x00000001,0x00000042,0x000017cc,0x0007000c,
0x00000006,0x000017ce,0x00000001,0x00000028,0x000017cd,0x000005ca,0x00050051,0x00000006,
0x000017d0,0x000017fb,0x00000001,0x00050051,0x00000006,0x000017d2,0x00001806,0x00000001,
0x00050050,0x00000021,0x000017d3,0x000017d0,0x000017d2,0x0006000c,0x00000006,0x000017d4,
0x00000001,0x00000042,0x000017d3,0x0007000c,0x00000006,0x000017d5,0x00000001,0x00000028,
0x000017d4,0x000005ca,0x00050088,0x00000006,0x000017d9,0x000017c9,0x000017ce,0x00050088,
0x00000006,0x000017dd,0x000017d0,0x000017d5,0x00050088,0x00000006,0x000017e1,0x000017cb,
0x000017ce,0x00050088,0x00000006,0x000017e5,0x000017d2,0x000017d5,0x00050050,0x00000021,
0x000017e6,0x000017d9,0x000017dd,0x00050050,0x00000021,0x000017e7,0x000017e1,0x000017e5,
0x00050050,0x00000077,0x000017e8,0x000017e6,0x000017e7,0x000200f9,0x000017e9,0x000200f8,
0x000017e9,0x000700f5,0x00000077,0x0000233c,0x000005b6,0x000017bf,0x000017e8,0x000017c0,
0x0007004f,0x00000021,0x00000cdd,0x0000233e,0x0000233e,0x00000000,0x00000001,0x00050091,
0x00000021,0x00000cde,0x0000233c,0x00000cdd,0x00050051,0x00000006,0x00000ce0,0x00000cde,
0x00000000,0x00060052,0x00000015,0x00002262,0x00000ce0,0x0000233e,0x00000000,0x00050051,
0x00000006,0x00000ce2,0x00000cde,0x00000001,0x00060052,0x00000015,0x00002264,0x00000ce2,
0x00002262,0x00000001,0x000200f9,0x00000cd9,0x000200f8,0x00000cd9,0x000700f5,0x00000015,
0x0000233f,0x0000233e,0x00000cd1,0x00002264,0x000017e9,0x0007004f,0x00000021,0x00000ce4,
0x0000233f,0x0000233f,0x00000000,0x00000001,0x00060041,0x00000bf4,0x00000ce5,0x0000057a,
0x00000bf3,0x00000116,0x0004003d,0x00000006,0x00000ce6,0x00000ce5,0x0005008e,0x00000021,
0x00000ce7,0x00000ce4,0x00000ce6,0x0005008e,0x00000021,0x00000ce9,0x00000ce7,0x00002305,
0x00050051,0x00000006,0x00000ceb,0x0000233f,0x00000002,0x0008000c,0x00000006,0x00000ced,
0x00000001,0x0000002e,0x000000e1,0x00000ceb,0x00002305,0x00050051,0x00000006,0x00000cee,
0x00000ce9,0x00000000,0x00050051,0x00000006,0x00000cef,0x00000ce9,0x00000001,0x00060050,
0x00000015,0x00000cf0,0x00000cee,0x00000cef,0x00000ced,0x000300f7,0x00000cf4,0x00000000,
0x000400fa,0x00000ac7,0x00000cf3,0x00000cf7,0x000200f8,0x00000cf3,0x0006000c,0x00000015,
0x00000cf6,0x00000001,0x00000045,0x00000cf0,0x000200f9,0x00000cf4,0x000200f8,0x00000cf7,
0x000300f7,0x00000cfb,0x00000000,0x000400fa,0x00000c74,0x00000cfa,0x00000d02,0x000200f8,
0x00000cfa,0x000300f7,0x00001866,0x00000000,0x000300fb,0x00000111,0x0000180c,0x000200f8,
0x0000180c,0x0006000c,0x00000015,0x0000180e,0x00000001,0x00000004,0x00000c56,0x00050051,
0x00000006,0x00001810,0x0000180e,0x00000000,0x00050051,0x00000006,0x00001812,0x0000180e,
0x00000001,0x000500be,0x00000051,0x00001813,0x00001810,0x00001812,0x000300f7,0x0000181a,
0x00000000,0x000400fa,0x00001813,0x00001814,0x0000181a,0x000200f8,0x00001814,0x00050051,
0x00000006,0x00001818,0x0000180e,0x00000002,0x000500be,0x00000051,0x00001819,0x00001810,
0x00001818,0x000200f9,0x0000181a,0x000200f8,0x0000181a,0x000700f5,0x00000051,0x0000181b,
0x00001813,0x0000180c,0x00001819,0x00001814,0x000300f7,0x00001833,0x00000000,0x000400fa,
0x0000181b,0x0000181c,0x00001833,0x000200f8,0x0000181c,0x00050051,0x00000006,0x0000181e,
0x00000c56,0x00000000,0x0006000c,0x00000006,0x0000181f,0x00000001,0x00000006,0x0000181e,
0x0004007f,0x00000006,0x00001820,0x0000181f,0x00060050,0x00000015,0x0000182f,0x000000dc,
0x000000dc,0x00001820,0x00060050,0x00000015,0x00001831,0x0000181f,0x000000dc,0x000000dc,
0x00060050,0x00000086,0x00001832,0x0000182f,0x00000658,0x00001831,0x000200f9,0x00001866,
0x000200f8,0x00001833,0x00050051,0x00000006,0x00001837,0x0000180e,0x00000002,0x000500be,
0x00000051,0x00001838,0x00001812,0x00001837,0x000300f7,0x00001850,0x00000000,0x000400fa,
0x00001838,0x00001839,0x00001850,0x000200f8,0x00001839,0x00050051,0x00000006,0x0000183b,
0x00000c56,0x00000001,0x0006000c,0x00000006,0x0000183c,0x00000001,0x00000006,0x0000183b,
0x0004007f,0x00000006,0x0000183d,0x0000183c,0x00060050,0x00000015,0x0000184d,0x000000dc,
0x000000dc,0x0000183d,0x00060050,0x00000015,0x0000184e,0x000000dc,0x0000183c,0x000000dc,
0x00060050,0x00000086,0x0000184f,0x00000672,0x0000184d,0x0000184e,0x000200f9,0x00001866,
0x000200f8,0x00001850,0x00050051,0x00000006,0x00001852,0x00000c56,0x00000002,0x0006000c,
0x00000006,0x00001853,0x00000001,0x00000006,0x00001852,0x00060050,0x00000015,0x00001862,
0x00001853,0x000000dc,0x000000dc,0x00060050,0x00000015,0x00001864,0x000000dc,0x000000dc,
0x00001853,0x00060050,0x00000086,0x00001865,0x00001862,0x00000658,0x00001864,0x000200f9,
0x00001866,0x000200f8,0x00001866,0x000900f5,0x00000086,0x0000234b,0x00001832,0x0000181c,
0x0000184f,0x00001839,0x00001865,0x00001850,0x00050091,0x00000015,0x00000d00,0x0000234b,
0x00000cf0,0x0006000c,0x00000015,0x00000d01,0x00000001,0x00000045,0x00000d00,0x000200f9,
0x00000cfb,0x000200f8,0x00000d02,0x00060050,0x00000086,0x00000d12,0x00002308,0x0000230d,
0x00000c56,0x00050091,0x00000015,0x00000d14,0x00000d12,0x00000cf0,0x0006000c,0x00000015,
0x00000d15,0x00000001,0x00000045,0x00000d14,0x000200f9,0x00000cfb,0x000200f8,0x00000cfb,
0x000700f5,0x00000015,0x0000234e,0x00000d01,0x00001866,0x00000d15,0x00000d02,0x000200f9,
0x00000cf4,0x000200f8,0x00000cf4,0x000700f5,0x00000015,0x0000234f,0x00000cf6,0x00000cf3,
0x0000234e,0x00000cfb,0x000200f9,0x00000c8e,0x000200f8,0x00000c8e,0x000700f5,0x00000015,
0x00002352,0x00000c56,0x00000c80,0x0000234f,0x00000cf4,0x00060041,0x00000108,0x00000d19,
0x00000105,0x00000990,0x00000180,0x0004003d,0x00000006,0x00000d1a,0x00000d19,0x000500ba,
0x00000051,0x00000d1b,0x00000d1a,0x000000dc,0x000300f7,0x00000d1e,0x00000000,0x000400fa,
0x00000d1b,0x00000d1d,0x00000d23,0x000200f8,0x00000d1d,0x00050041,0x0000016f,0x00000d1f,
0x00000105,0x000007d8,0x0004003d,0x0000006d,0x00000d20,0x00000d1f,0x0008004f,0x00000015,
0x00000d21,0x00000d20,0x00000d20,0x00000000,0x00000001,0x00000002,0x0004007f,0x00000015,
0x00000d22,0x00000d21,0x000200f9,0x00000d1e,0x000200f8,0x00000d23,0x0006000c,0x00000015,
0x00000d27,0x00000001,0x00000045,0x00000b8e,0x000200f9,0x00000d1e,0x000200f8,0x00000d1e,
0x000700f5,0x00000015,0x00002350,0x00000d22,0x00000d1d,0x00000d27,0x00000d23,0x00060041,
0x00000bf4,0x00000d2a,0x0000057a,0x00000bf3,0x00000180,0x0004003d,0x00000006,0x00000d2b,
0x00000d2a,0x0008000c,0x00000006,0x00000d2c,0x00000001,0x0000002b,0x00000d2b,0x000000dc,
0x000000e1,0x00050085,0x00000006,0x00000d30,0x00000d2e,0x00000d2c,0x00060050,0x00000015,
0x00000d31,0x00000d30,0x00000d30,0x00000d30,0x0008004f,0x00000015,0x00000d33,0x00000b2c,
0x00000b2c,0x00000000,0x00000001,0x00000002,0x00060050,0x00000015,0x00000d35,0x00000c01,
0x00000c01,0x00000c01,0x0008000c,0x00000015,0x00000d36,0x00000001,0x0000002e,0x00000d31,
0x00000d33,0x00000d35,0x0008000c,0x00000006,0x00000d3a,0x00000001,0x0000002e,0x00000d2c,
0x000000e1,0x00000c01,0x00050041,0x0000016f,0x00000d3c,0x00000105,0x0000017a,0x0004003d,
0x0000006d,0x00000d3d,0x00000d3c,0x0008004f,0x00000015,0x00000d3e,0x00000d3d,0x00000d3d,
0x00000000,0x00000001,0x00000002,0x00060041,0x00000108,0x00000d3f,0x00000105,0x00000164,
0x00000180,0x0004003d,0x00000006,0x00000d40,0x00000d3f,0x0005008e,0x00000015,0x00000d41,
0x00000d3e,0x00000d40,0x00050041,0x0000016f,0x00000d43,0x00000105,0x000007d8,0x0004003d,
0x0000006d,0x00000d44,0x00000d43,0x0008004f,0x00000015,0x00000d45,0x00000d44,0x00000d44,
0x00000000,0x00000001,0x00000002,0x00050083,0x00000015,0x00000d48,0x00000b8d,0x00000b8a,
0x00050094,0x00000006,0x00000d49,0x00000d45,0x00000d48,0x0007000c,0x00000006,0x00000d4a,
0x00000001,0x00000028,0x00000d49,0x000000dc,0x000500ab,0x00000051,0x00000d4e,0x00000a75,
0x00000d4d,0x000300f7,0x00000d50,0x00000000,0x000400fa,0x00000d4e,0x00000d4f,0x00000d50,
0x000200f8,0x00000d4f,0x00050041,0x0000016f,0x00000d52,0x00000105,0x00000164,0x0004003d,
0x0000006d,0x00000d53,0x00000d52,0x0008004f,0x00000015,0x00000d54,0x00000d53,0x00000d53,
0x00000000,0x00000001,0x00000002,0x00050094,0x00000006,0x00000d55,0x00002352,0x00000d54,
0x000500ba,0x00000051,0x00000d56,0x00000d55,0x000000dc,0x000200f9,0x00000d50,0x000200f8,
0x00000d50,0x000700f5,0x00000051,0x00000d57,0x00000d4e,0x00000d1e,0x00000d56,0x00000d4f,
0x000300f7,0x00000d5a,0x00000000,0x000400fa,0x00000d57,0x00000d59,0x00000d62,0x000200f8,
0x00000d59,0x000300f7,0x000018fe,0x00000000,0x000300fb,0x00000111,0x00001882,0x000200f8,
0x00001882,0x00060041,0x00000108,0x00001883,0x00000105,0x00000317,0x00000107,0x0004003d,
0x00000006,0x00001884,0x00001883,0x00050081,0x00000006,0x00001885,0x00001884,0x00000183,
0x0004006e,0x00000041,0x00001886,0x00001885,0x000500b3,0x00000051,0x00001888,0x00001886,
0x00000164,0x000300f7,0x0000188a,0x00000000,0x000400fa,0x00001888,0x00001889,0x0000188a,
0x000200f8,0x00001889,0x000200f9,0x000018fe,0x000200f8,0x0000188a,0x00050082,0x00000041,
0x0000188c,0x00001886,0x0000017a,0x00060041,0x00000108,0x0000188d,0x00000105,0x00000449,
0x0000188c,0x0004003d,0x00000006,0x0000188e,0x0000188d,0x000500ba,0x00000051,0x00001891,
0x00000d4a,0x0000188e,0x000300f7,0x00001893,0x00000000,0x000400fa,0x00001891,0x00001892,
0x00001893,0x000200f8,0x00001892,0x000200f9,0x000018fe,0x000200f8,0x00001893,0x000200f9,
0x00001894,0x000200f8,0x00001894,0x000700f5,0x00000041,0x00002354,0x00000164,0x00001893,
0x000018a4,0x000018a2,0x000400f6,0x000018a6,0x000018a2,0x00000000,0x000200f9,0x00001895,
0x000200f8,0x00001895,0x000500b1,0x00000051,0x00001899,0x00002354,0x0000188c,0x000300f7,
0x000018a0,0x00000000,0x000400fa,0x00001899,0x0000189a,0x000018a0,0x000200f8,0x0000189a,
0x00060041,0x00000108,0x0000189d,0x00000105,0x00000449,0x00002354,0x0004003d,0x00000006,
0x0000189e,0x0000189d,0x000500ba,0x00000051,0x0000189f,0x00000d4a,0x0000189e,0x000200f9,
0x000018a0,0x000200f8,0x000018a0,0x000700f5,0x00000051,0x000018a1,0x00001899,0x00001895,
0x0000189f,0x0000189a,0x000400fa,0x000018a1,0x000018a2,0x000018a6,0x000200f8,0x000018a2,
0x00050080,0x00000041,0x000018a4,0x00002354,0x0000017a,0x000200f9,0x00001894,0x000200f8,
0x000018a6,0x000300f7,0x00001a1f,0x00000000,0x000300fb,0x00000111,0x00001917,0x000200f8,
0x00001917,0x00060041,0x00000108,0x0000191a,0x00000105,0x00000317,0x00000180,0x0004003d,
0x00000006,0x0000191b,0x0000191a,0x00060041,0x00000108,0x0000191d,0x00000105,0x0000031a,
0x00002354,0x0004003d,0x00000006,0x0000191e,0x0000191d,0x00050085,0x00000006,0x0000191f,
0x0000191b,0x0000191e,0x0005008e,0x00000015,0x00001920,0x00002352,0x0000191f,0x00050081,
0x00000015,0x00001921,0x00000b8d,0x00001920,0x00060041,0x00000324,0x00001923,0x00000105,
0x00000322,0x00002354,0x0004003d,0x000000f4,0x00001924,0x00001923,0x00050051,0x00000006,
0x00001926,0x00001921,0x00000000,0x00050051,0x00000006,0x00001927,0x00001921,0x00000001,
0x00050051,0x00000006,0x00001928,0x00001921,0x00000002,0x00070050,0x0000006d,0x00001929,
0x00001926,0x00001927,0x00001928,0x000000e1,0x00050091,0x0000006d,0x0000192a,0x00001924,
0x00001929,0x0008004f,0x00000015,0x0000192c,0x0000192a,0x0000192a,0x00000000,0x00000001,
0x00000002,0x00050051,0x00000006,0x0000192e,0x0000192a,0x00000003,0x00060050,0x00000015,
0x0000192f,0x0000192e,0x0000192e,0x0000192e,0x00050088,0x00000015,0x00001930,0x0000192c,
0x0000192f,0x0007004f,0x00000021,0x00001932,0x00001930,0x00001930,0x00000000,0x00000001,
0x0005008e,0x00000021,0x00001933,0x00001932,0x00000183,0x00050081,0x00000021,0x00001935,
0x00001933,0x0000055e,0x00050051,0x00000006,0x00001937,0x00001930,0x00000002,0x000500bc,
0x00000051,0x00001938,0x00001937,0x000000dc,0x000400a8,0x00000051,0x00001939,0x00001938,
0x000300f7,0x0000193e,0x00000000,0x000400fa,0x00001939,0x0000193a,0x0000193e,0x000200f8,
0x0000193a,0x000500be,0x00000051,0x0000193d,0x00001937,0x000000e1,0x000200f9,0x0000193e,
0x000200f8,0x0000193e,0x000700f5,0x00000051,0x0000193f,0x00001938,0x00001917,0x0000193d,
0x0000193a,0x000400a8,0x00000051,0x00001940,0x0000193f,0x000300f7,0x00001945,0x00000000,
0x000400fa,0x00001940,0x00001941,0x00001945,0x000200f8,0x00001941,0x000500b8,0x0000022c,
0x00001943,0x00001935,0x0000022b,0x0004009a,0x00000051,0x00001944,0x00001943,0x000200f9,
0x00001945,0x000200f8,0x00001945,0x000700f5,0x00000051,0x00001946,0x0000193f,0x0000193e,
0x00001944,0x00001941,0x000400a8,0x00000051,0x00001947,0x00001946,0x000300f7,0x0000194c,
0x00000000,0x000400fa,0x00001947,0x00001948,0x0000194c,0x000200f8,0x00001948,0x000500ba,
0x0000022c,0x0000194a,0x00001935,0x00000229,0x0004009a,0x00000051,0x0000194b,0x0000194a,
0x000200f9,0x0000194c,0x000200f8,0x0000194c,0x000700f5,0x00000051,0x0000194d,0x00001946,
0x00001945,0x0000194b,0x00001948,0x000300f7,0x0000194f,0x00000000,0x000400fa,0x0000194d,
0x0000194e,0x0000194f,0x000200f8,0x0000194e,0x000200f9,0x00001a1f,0x000200f8,0x0000194f,
0x000500c7,0x00000041,0x00001951,0x00002354,0x0000017a,0x0004006f,0x00000006,0x00001952,
0x00001951,0x000500c3,0x00000041,0x00001954,0x00002354,0x0000017a,0x0004006f,0x00000006,
0x00001955,0x00001954,0x00050050,0x00000021,0x00001956,0x00001952,0x00001955,0x000500ad,
0x00000051,0x00001958,0x00001886,0x0000017a,0x000600a9,0x00000006,0x00001959,0x00001958,
0x000001c6,0x000000e1,0x00050081,0x00000021,0x0000195c,0x00001935,0x00001956,0x00050050,
0x00000021,0x0000195e,0x00001959,0x00001959,0x00050088,0x00000021,0x0000195f,0x0000195c,
0x0000195e,0x00060041,0x00000108,0x00001960,0x00000105,0x00000317,0x00000111,0x0004003d,
0x00000006,0x00001961,0x00001960,0x00050088,0x00000021,0x00001965,0x00001956,0x0000195e,
0x00050085,0x00000006,0x00001967,0x00001961,0x00000183,0x00050050,0x00000021,0x00001968,
0x00001967,0x00001967,0x00050081,0x00000021,0x00001969,0x00001965,0x00001968,0x00050081,
0x00000021,0x0000196c,0x00001956,0x00000229,0x00050088,0x00000021,0x0000196f,0x0000196c,
0x0000195e,0x00050083,0x00000021,0x00001973,0x0000196f,0x00001968,0x0008000c,0x00000021,
0x00001977,0x00000001,0x0000002b,0x0000195f,0x00001969,0x00001973,0x000300f7,0x00001982,
0x00000000,0x000400fa,0x00001958,0x0000197a,0x00001981,0x000200f8,0x0000197a,0x0004006f,
0x00000006,0x0000197c,0x00002354,0x0004006f,0x00000006,0x0000197f,0x0000188c,0x00050088,
0x00000006,0x00001980,0x0000197c,0x0000197f,0x000200f9,0x00001982,0x000200f8,0x00001981,
0x000200f9,0x00001982,0x000200f8,0x00001982,0x000700f5,0x00000006,0x00002356,0x00001980,
0x0000197a,0x000000dc,0x00001981,0x00060041,0x00000108,0x00001984,0x00000105,0x00000392,
0x00000111,0x0004003d,0x00000006,0x00001985,0x00001984,0x00060041,0x00000108,0x00001986,
0x00000105,0x00000392,0x00000107,0x0004003d,0x00000006,0x00001987,0x00001986,0x0008000c,
0x00000006,0x00001989,0x00000001,0x0000002e,0x00001985,0x00001987,0x00002356,0x00050081,
0x00000006,0x0000198a,0x00001989,0x00000183,0x0004006e,0x00000041,0x0000198b,0x0000198a,
0x000500b3,0x00000051,0x0000198d,0x0000198b,0x00000164,0x000300f7,0x00001999,0x00000000,
0x000400fa,0x0000198d,0x0000198e,0x00001999,0x000200f8,0x0000198e,0x0004003d,0x000003a0,
0x0000198f,0x000003a2,0x00050051,0x00000006,0x00001993,0x00001977,0x00000000,0x00050051,
0x00000006,0x00001994,0x00001977,0x00000001,0x00060050,0x00000015,0x00001995,0x00001993,
0x00001994,0x00001937,0x00060059,0x00000006,0x00001997,0x0000198f,0x00001995,0x00001937,
0x000200f9,0x00001a1f,0x000200f8,0x00001999,0x000500aa,0x00000051,0x0000199b,0x0000198b,
0x0000017a,0x000300f7,0x000019f4,0x00000000,0x000400fa,0x0000199b,0x0000199c,0x000019f4,
0x000200f8,0x0000199c,0x0004003d,0x000003a0,0x000019a0,0x000003a2,0x00050085,0x00000006,
0x000019a4,0x00001961,0x000007c1,0x00050050,0x00000021,0x000019a8,0x000019a4,0x000019a4,
0x00050081,0x00000021,0x000019a9,0x00001977,0x000019a8,0x0008000c,0x00000021,0x000019ac,
0x00000001,0x0000002b,0x000019a9,0x00001969,0x00001973,0x00050051,0x00000006,0x000019af,
0x000019ac,0x00000000,0x00050051,0x00000006,0x000019b0,0x000019ac,0x00000001,0x00060050,
0x00000015,0x000019b1,0x000019af,0x000019b0,0x00001937,0x00060059,0x00000006,0x000019b3,
0x000019a0,0x000019b1,0x00001937,0x00050050,0x00000021,0x000019bb,0x00001967,0x000019a4,
0x00050081,0x00000021,0x000019bc,0x00001977,0x000019bb,0x0008000c,0x00000021,0x000019bf,
0x00000001,0x0000002b,0x000019bc,0x00001969,0x00001973,0x00050051,0x00000006,0x000019c2,
0x000019bf,0x00000000,0x00050051,0x00000006,0x000019c3,0x000019bf,0x00000001,0x00060050,
0x00000015,0x000019c4,0x000019c2,0x000019c3,0x00001937,0x00060059,0x00000006,0x000019c6,
0x000019a0,0x000019c4,0x00001937,0x00050081,0x00000006,0x000019c8,0x000019b3,0x000019c6,
0x00050050,0x00000021,0x000019d0,0x000019a4,0x00001967,0x00050081,0x00000021,0x000019d1,
0x00001977,0x000019d0,0x0008000c,0x00000021,0x000019d4,0x00000001,0x0000002b,0x000019d1,
0x00001969,0x00001973,0x00050051,0x00000006,0x000019d7,0x000019d4,0x00000000,0x00050051,
0x00000006,0x000019d8,0x000019d4,0x00000001,0x00060050,0x00000015,0x000019d9,0x000019d7,
0x000019d8,0x00001937,0x00060059,0x00000006,0x000019db,0x000019a0,0x000019d9,0x00001937,
0x00050081,0x00000006,0x000019dd,0x000019c8,0x000019db,0x00050081,0x00000021,0x000019e5,
0x00001977,0x00001968,0x0008000c,0x00000021,0x000019e8,0x00000001,0x0000002b,0x000019e5,
0x00001969,0x00001973,0x00050051,0x00000006,0x000019eb,0x000019e8,0x00000000,0x00050051,
0x00000006,0x000019ec,0x000019e8,0x00000001,0x00060050,0x00000015,0x000019ed,0x000019eb,
0x000019ec,0x00001937,0x00060059,0x00000006,0x000019ef,0x000019a0,0x000019ed,0x00001937,
0x00050081,0x00000006,0x000019f1,0x000019dd,0x000019ef,0x00050085,0x00000006,0x000019f3,
0x000019f1,0x00000260,0x000200f9,0x00001a1f,0x000200f8,0x000019f4,0x000200f9,0x000019f5,
0x000200f8,0x000019f5,0x000700f5,0x00000006,0x00002358,0x000000dc,0x000019f4,0x0000235b,
0x00001a19,0x000700f5,0x00000041,0x00002357,0x0000040f,0x000019f4,0x00001a1b,0x00001a19,
0x000500b3,0x00000051,0x000019f8,0x00002357,0x0000017a,0x000400f6,0x00001a1c,0x00001a19,
0x00000000,0x000400fa,0x000019f8,0x000019f9,0x00001a1c,0x000200f8,0x000019f9,0x000200f9,
0x000019fa,0x000200f8,0x000019fa,0x000700f5,0x00000006,0x0000235b,0x00002358,0x000019f9,
0x00001a14,0x000019fe,0x000700f5,0x00000041,0x00002359,0x0000040f,0x000019f9,0x00001a17,
0x000019fe,0x000500b3,0x00000051,0x000019fd,0x00002359,0x0000017a,0x000400f6,0x00001a18,
0x000019fe,0x00000000,0x000400fa,0x000019fd,0x000019fe,0x00001a18,0x000200f8,0x000019fe,
0x0004003d,0x000003a0,0x000019ff,0x000003a2,0x0004006f,0x00000006,0x00001a02,0x00002359,
0x0004006f,0x00000006,0x00001a04,0x00002357,0x00050050,0x00000021,0x00001a05,0x00001a02,
0x00001a04,0x0005008e,0x00000021,0x00001a07,0x00001a05,0x00001961,0x00050081,0x00000021,
0x00001a08,0x00001977,0x00001a07,0x0008000c,0x00000021,0x00001a0b,0x00000001,0x0000002b,
0x00001a08,0x00001969,0x00001973,0x00050051,0x00000006,0x00001a0e,0x00001a0b,0x00000000,
0x00050051,0x00000006,0x00001a0f,0x00001a0b,0x00000001,0x00060050,0x00000015,0x00001a10,
0x00001a0e,0x00001a0f,0x00001937,0x00060059,0x00000006,0x00001a12,0x000019ff,0x00001a10,
0x00001937,0x00050081,0x00000006,0x00001a14,0x0000235b,0x00001a12,0x00050080,0x00000041,
0x00001a17,0x00002359,0x0000017a,0x000200f9,0x000019fa,0x000200f8,0x00001a18,0x000200f9,
0x00001a19,0x000200f8,0x00001a19,0x00050080,0x00000041,0x00001a1b,0x00002357,0x0000017a,
0x000200f9,0x000019f5,0x000200f8,0x00001a1c,0x00050085,0x00000006,0x00001a1e,0x00002358,
0x0000043a,0x000200f9,0x00001a1f,0x000200f8,0x00001a1f,0x000b00f5,0x00000006,0x0000235c,
0x000000e1,0x0000194e,0x00001997,0x0000198e,0x000019f3,0x0000199c,0x00001a1e,0x00001a1c,
0x000500ad,0x00000051,0x000018ad,0x00002354,0x00000164,0x000300f7,0x000018b4,0x00000000,
0x000400fa,0x000018ad,0x000018ae,0x000018b3,0x000200f8,0x000018ae,0x00050082,0x00000041,
0x000018b0,0x00002354,0x0000017a,0x00060041,0x00000108,0x000018b1,0x00000105,0x00000449,
0x000018b0,0x0004003d,0x00000006,0x000018b2,0x000018b1,0x000200f9,0x000018b4,0x000200f8,
0x000018b3,0x000200f9,0x000018b4,0x000200f8,0x000018b4,0x000700f5,0x00000006,0x00002364,
0x000018b2,0x000018ae,0x000000dc,0x000018b3,0x00060041,0x00000108,0x000018b7,0x00000105,
0x00000449,0x00002354,0x0004003d,0x00000006,0x000018b8,0x000018b7,0x00050083,0x00000006,
0x000018bb,0x000018b8,0x00002364,0x0007000c,0x00000006,0x000018bc,0x00000001,0x00000028,
0x000018bb,0x00000486,0x000300f7,0x000018c5,0x00000000,0x000400fa,0x00001899,0x000018c1,
0x000018c5,0x000200f8,0x000018c1,0x00060041,0x00000108,0x000018c2,0x00000105,0x0000048e,
0x00000111,0x0004003d,0x00000006,0x000018c3,0x000018c2,0x000500ba,0x00000051,0x000018c4,
0x000018c3,0x000000dc,0x000200f9,0x000018c5,0x000200f8,0x000018c5,0x000700f5,0x00000051,
0x000018c6,0x00001899,0x000018b4,0x000018c4,0x000018c1,0x000300f7,0x000018fc,0x00000000,
0x000400fa,0x000018c6,0x000018c7,0x000018e2,0x000200f8,0x000018c7,0x00060041,0x00000108,
0x000018c9,0x00000105,0x0000048e,0x00000111,0x0004003d,0x00000006,0x000018ca,0x000018c9,
0x0004007f,0x00000006,0x000024ed,0x000018bc,0x0008000c,0x00000006,0x000018ce,0x00000001,
0x00000032,0x000024ed,0x000018ca,0x000018b8,0x000500ba,0x00000051,0x000018d1,0x00000d4a,
0x000018ce,0x000300f7,0x000018e1,0x00000000,0x000400fa,0x000018d1,0x000018d2,0x000018e1,
0x000200f8,0x000018d2,0x00050080,0x00000041,0x000018d4,0x00002354,0x0000017a,0x000300f7,
0x00001b40,0x00000000,0x000300fb,0x00000111,0x00001a38,0x000200f8,0x00001a38,0x00060041,
0x00000108,0x00001a3e,0x00000105,0x0000031a,0x000018d4,0x0004003d,0x00000006,0x00001a3f,
0x00001a3e,0x00050085,0x00000006,0x00001a40,0x0000191b,0x00001a3f,0x0005008e,0x00000015,
0x00001a41,0x00002352,0x00001a40,0x00050081,0x00000015,0x00001a42,0x00000b8d,0x00001a41,
0x00060041,0x00000324,0x00001a44,0x00000105,0x00000322,0x000018d4,0x0004003d,0x000000f4,
0x00001a45,0x00001a44,0x00050051,0x00000006,0x00001a47,0x00001a42,0x00000000,0x00050051,
0x00000006,0x00001a48,0x00001a42,0x00000001,0x00050051,0x00000006,0x00001a49,0x00001a42,
0x00000002,0x00070050,0x0000006d,0x00001a4a,0x00001a47,0x00001a48,0x00001a49,0x000000e1,
0x00050091,0x0000006d,0x00001a4b,0x00001a45,0x00001a4a,0x0008004f,0x00000015,0x00001a4d,
0x00001a4b,0x00001a4b,0x00000000,0x00000001,0x00000002,0x00050051,0x00000006,0x00001a4f,
0x00001a4b,0x00000003,0x00060050,0x00000015,0x00001a50,0x00001a4f,0x00001a4f,0x00001a4f,
0x00050088,0x00000015,0x00001a51,0x00001a4d,0x00001a50,0x0007004f,0x00000021,0x00001a53,
0x00001a51,0x00001a51,0x00000000,0x00000001,0x0005008e,0x00000021,0x00001a54,0x00001a53,
0x00000183,0x00050081,0x00000021,0x00001a56,0x00001a54,0x0000055e,0x00050051,0x00000006,
0x00001a58,0x00001a51,0x00000002,0x000500bc,0x00000051,0x00001a59,0x00001a58,0x000000dc,
0x000400a8,0x00000051,0x00001a5a,0x00001a59,0x000300f7,0x00001a5f,0x00000000,0x000400fa,
0x00001a5a,0x00001a5b,0x00001a5f,0x000200f8,0x00001a5b,0x000500be,0x00000051,0x00001a5e,
0x00001a58,0x000000e1,0x000200f9,0x00001a5f,0x000200f8,0x00001a5f,0x000700f5,0x00000051,
0x00001a60,0x00001a59,0x00001a38,0x00001a5e,0x00001a5b,0x000400a8,0x00000051,0x00001a61,
0x00001a60,0x000300f7,0x00001a66,0x00000000,0x000400fa,0x00001a61,0x00001a62,0x00001a66,
0x000200f8,0x00001a62,0x000500b8,0x0000022c,0x00001a64,0x00001a56,0x0000022b,0x0004009a,
0x00000051,0x00001a65,0x00001a64,0x000200f9,0x00001a66,0x000200f8,0x00001a66,0x000700f5,
0x00000051,0x00001a67,0x00001a60,0x00001a5f,0x00001a65,0x00001a62,0x000400a8,0x00000051,
0x00001a68,0x00001a67,0x000300f7,0x00001a6d,0x00000000,0x000400fa,0x00001a68,0x00001a69,
0x00001a6d,0x000200f8,0x00001a69,0x000500ba,0x0000022c,0x00001a6b,0x00001a56,0x00000229,
0x0004009a,0x00000051,0x00001a6c,0x00001a6b,0x000200f9,0x00001a6d,0x000200f8,0x00001a6d,
0x000700f5,0x00000051,0x00001a6e,0x00001a67,0x00001a66,0x00001a6c,0x00001a69,0x000300f7,
0x00001a70,0x00000000,0x000400fa,0x00001a6e,0x00001a6f,0x00001a70,0x000200f8,0x00001a6f,
0x000200f9,0x00001b40,0x000200f8,0x00001a70,0x000500c7,0x00000041,0x00001a72,0x000018d4,
0x0000017a,0x0004006f,0x00000006,0x00001a73,0x00001a72,0x000500c3,0x00000041,0x00001a75,
0x000018d4,0x0000017a,0x0004006f,0x00000006,0x00001a76,0x00001a75,0x00050050,0x00000021,
0x00001a77,0x00001a73,0x00001a76,0x000500ad,0x00000051,0x00001a79,0x00001886,0x0000017a,
0x000600a9,0x00000006,0x00001a7a,0x00001a79,0x000001c6,0x000000e1,0x00050081,0x00000021,
0x00001a7d,0x00001a56,0x00001a77,0x00050050,0x00000021,0x00001a7f,0x00001a7a,0x00001a7a,
0x00050088,0x00000021,0x00001a80,0x00001a7d,0x00001a7f,0x00060041,0x00000108,0x00001a81,
0x00000105,0x00000317,0x00000111,0x0004003d,0x00000006,0x00001a82,0x00001a81,0x00050088,
0x00000021,0x00001a86,0x00001a77,0x00001a7f,0x00050085,0x00000006,0x00001a88,0x00001a82,
0x00000183,0x00050050,0x00000021,0x00001a89,0x00001a88,0x00001a88,0x00050081,0x00000021,
0x00001a8a,0x00001a86,0x00001a89,0x00050081,0x00000021,0x00001a8d,0x00001a77,0x00000229,
0x00050088,0x00000021,0x00001a90,0x00001a8d,0x00001a7f,0x00050083,0x00000021,0x00001a94,
0x00001a90,0x00001a89,0x0008000c,0x00000021,0x00001a98,0x00000001,0x0000002b,0x00001a80,
0x00001a8a,0x00001a94,0x000300f7,0x00001aa3,0x00000000,0x000400fa,0x00001a79,0x00001a9b,
0x00001aa2,0x000200f8,0x00001a9b,0x0004006f,0x00000006,0x00001a9d,0x000018d4,0x0004006f,
0x00000006,0x00001aa0,0x0000188c,0x00050088,0x00000006,0x00001aa1,0x00001a9d,0x00001aa0,
0x000200f9,0x00001aa3,0x000200f8,0x00001aa2,0x000200f9,0x00001aa3,0x000200f8,0x00001aa3,
0x000700f5,0x00000006,0x0000236a,0x00001aa1,0x00001a9b,0x000000dc,0x00001aa2,0x00060041,
0x00000108,0x00001aa5,0x00000105,0x00000392,0x00000111,0x0004003d,0x00000006,0x00001aa6,
0x00001aa5,0x00060041,0x00000108,0x00001aa7,0x00000105,0x00000392,0x00000107,0x0004003d,
0x00000006,0x00001aa8,0x00001aa7,0x0008000c,0x00000006,0x00001aaa,0x00000001,0x0000002e,
0x00001aa6,0x00001aa8,0x0000236a,0x00050081,0x00000006,0x00001aab,0x00001aaa,0x00000183,
0x0004006e,0x00000041,0x00001aac,0x00001aab,0x000500b3,0x00000051,0x00001aae,0x00001aac,
0x00000164,0x000300f7,0x00001aba,0x00000000,0x000400fa,0x00001aae,0x00001aaf,0x00001aba,
0x000200f8,0x00001aaf,0x0004003d,0x000003a0,0x00001ab0,0x000003a2,0x00050051,0x00000006,
0x00001ab4,0x00001a98,0x00000000,0x00050051,0x00000006,0x00001ab5,0x00001a98,0x00000001,
0x00060050,0x00000015,0x00001ab6,0x00001ab4,0x00001ab5,0x00001a58,0x00060059,0x00000006,
0x00001ab8,0x00001ab0,0x00001ab6,0x00001a58,0x000200f9,0x00001b40,0x000200f8,0x00001aba,
0x000500aa,0x00000051,0x00001abc,0x00001aac,0x0000017a,0x000300f7,0x00001b15,0x00000000,
0x000400fa,0x00001abc,0x00001abd,0x00001b15,0x000200f8,0x00001abd,0x0004003d,0x000003a0,
0x00001ac1,0x000003a2,0x00050085,0x00000006,0x00001ac5,0x00001a82,0x000007c1,0x00050050,
0x00000021,0x00001ac9,0x00001ac5,0x00001ac5,0x00050081,0x00000021,0x00001aca,0x00001a98,
0x00001ac9,0x0008000c,0x00000021,0x00001acd,0x00000001,0x0000002b,0x00001aca,0x00001a8a,
0x00001a94,0x00050051,0x00000006,0x00001ad0,0x00001acd,0x00000000,0x00050051,0x00000006,
0x00001ad1,0x00001acd,0x00000001,0x00060050,0x00000015,0x00001ad2,0x00001ad0,0x00001ad1,
0x00001a58,0x00060059,0x00000006,0x00001ad4,0x00001ac1,0x00001ad2,0x00001a58,0x00050050,
0x00000021,0x00001adc,0x00001a88,0x00001ac5,0x00050081,0x00000021,0x00001add,0x00001a98,
0x00001adc,0x0008000c,0x00000021,0x00001ae0,0x00000001,0x0000002b,0x00001add,0x00001a8a,
0x00001a94,0x00050051,0x00000006,0x00001ae3,0x00001ae0,0x00000000,0x00050051,0x00000006,
0x00001ae4,0x00001ae0,0x00000001,0x00060050,0x00000015,0x00001ae5,0x00001ae3,0x00001ae4,
0x00001a58,0x00060059,0x00000006,0x00001ae7,0x00001ac1,0x00001ae5,0x00001a58,0x00050081,
0x00000006,0x00001ae9,0x00001ad4,0x00001ae7,0x00050050,0x00000021,0x00001af1,0x00001ac5,
0x00001a88,0x00050081,0x00000021,0x00001af2,0x00001a98,0x00001af1,0x0008000c,0x00000021,
0x00001af5,0x00000001,0x0000002b,0x00001af2,0x00001a8a,0x00001a94,0x00050051,0x00000006,
0x00001af8,0x00001af5,0x00000000,0x00050051,0x00000006,0x00001af9,0x00001af5,0x00000001,
0x00060050,0x00000015,0x00001afa,0x00001af8,0x00001af9,0x00001a58,0x00060059,0x00000006,
0x00001afc,0x00001ac1,0x00001afa,0x00001a58,0x00050081,0x00000006,0x00001afe,0x00001ae9,
0x00001afc,0x00050081,0x00000021,0x00001b06,0x00001a98,0x00001a89,0x0008000c,0x00000021,
0x00001b09,0x00000001,0x0000002b,0x00001b06,0x00001a8a,0x00001a94,0x00050051,0x00000006,
0x00001b0c,0x00001b09,0x00000000,0x00050051,0x00000006,0x00001b0d,0x00001b09,0x00000001,
0x00060050,0x00000015,0x00001b0e,0x00001b0c,0x00001b0d,0x00001a58,0x00060059,0x00000006,
0x00001b10,0x00001ac1,0x00001b0e,0x00001a58,0x00050081,0x00000006,0x00001b12,0x00001afe,
0x00001b10,0x00050085,0x00000006,0x00001b14,0x00001b12,0x00000260,0x000200f9,0x00001b40,
0x000200f8,0x00001b15,0x000200f9,0x00001b16,0x000200f8,0x00001b16,0x000700f5,0x00000006,
0x0000236c,0x000000dc,0x00001b15,0x0000236f,0x00001b3a,0x000700f5,0x00000041,0x0000236b,
0x0000040f,0x00001b15,0x00001b3c,0x00001b3a,0x000500b3,0x00000051,0x00001b19,0x0000236b,
0x0000017a,0x000400f6,0x00001b3d,0x00001b3a,0x00000000,0x000400fa,0x00001b19,0x00001b1a,
0x00001b3d,0x000200f8,0x00001b1a,0x000200f9,0x00001b1b,0x000200f8,0x00001b1b,0x000700f5,
0x00000006,0x0000236f,0x0000236c,0x00001b1a,0x00001b35,0x00001b1f,0x000700f5,0x00000041,
0x0000236d,0x0000040f,0x00001b1a,0x00001b38,0x00001b1f,0x000500b3,0x00000051,0x00001b1e,
0x0000236d,0x0000017a,0x000400f6,0x00001b39,0x00001b1f,0x00000000,0x000400fa,0x00001b1e,
0x00001b1f,0x00001b39,0x000200f8,0x00001b1f,0x0004003d,0x000003a0,0x00001b20,0x000003a2,
0x0004006f,0x00000006,0x00001b23,0x0000236d,0x0004006f,0x00000006,0x00001b25,0x0000236b,
0x00050050,0x00000021,0x00001b26,0x00001b23,0x00001b25,0x0005008e,0x00000021,0x00001b28,
0x00001b26,0x00001a82,0x00050081,0x00000021,0x00001b29,0x00001a98,0x00001b28,0x0008000c,
0x00000021,0x00001b2c,0x00000001,0x0000002b,0x00001b29,0x00001a8a,0x00001a94,0x00050051,
0x00000006,0x00001b2f,0x00001b2c,0x00000000,0x00050051,0x00000006,0x00001b30,0x00001b2c,
0x00000001,0x00060050,0x00000015,0x00001b31,0x00001b2f,0x00001b30,0x00001a58,0x00060059,
0x00000006,0x00001b33,0x00001b20,0x00001b31,0x00001a58,0x00050081,0x00000006,0x00001b35,
0x0000236f,0x00001b33,0x00050080,0x00000041,0x00001b38,0x0000236d,0x0000017a,0x000200f9,
0x00001b1b,0x000200f8,0x00001b39,0x000200f9,0x00001b3a,0x000200f8,0x00001b3a,0x00050080,
0x00000041,0x00001b3c,0x0000236b,0x0000017a,0x000200f9,0x00001b16,0x000200f8,0x00001b3d,
0x00050085,0x00000006,0x00001b3f,0x0000236c,0x0000043a,0x000200f9,0x00001b40,0x000200f8,
0x00001b40,0x000b00f5,0x00000006,0x00002370,0x000000e1,0x00001a6f,0x00001ab8,0x00001aaf,
0x00001b14,0x00001abd,0x00001b3f,0x00001b3d,0x0008000c,0x00000006,0x000018dc,0x00000001,
0x00000031,0x000018ce,0x000018b8,0x00000d4a,0x0008000c,0x00000006,0x000018e0,0x00000001,
0x0000002e,0x0000235c,0x00002370,0x000018dc,0x000200f9,0x000018e1,0x000200f8,0x000018e1,
0x000700f5,0x00000006,0x00002379,0x0000235c,0x000018c7,0x000018e0,0x00001b40,0x000200f9,
0x000018fc,0x000200f8,0x000018e2,0x000500aa,0x00000051,0x000018e6,0x00002354,0x0000188c,
0x000300f7,0x000018eb,0x00000000,0x000400fa,0x000018e6,0x000018e7,0x000018eb,0x000200f8,
0x000018e7,0x00060041,0x00000108,0x000018e8,0x00000105,0x0000048e,0x00000107,0x0004003d,
0x00000006,0x000018e9,0x000018e8,0x000500ba,0x00000051,0x000018ea,0x000018e9,0x000000dc,
0x000200f9,0x000018eb,0x000200f8,0x000018eb,0x000700f5,0x00000051,0x000018ec,0x000018e6,
0x000018e2,0x000018ea,0x000018e7,0x000300f7,0x000018fb,0x00000000,0x000400fa,0x000018ec,
0x000018ed,0x000018fb,0x000200f8,0x000018ed,0x00060041,0x00000108,0x000018ef,0x00000105,
0x0000048e,0x00000107,0x0004003d,0x00000006,0x000018f0,0x000018ef,0x0004007f,0x00000006,
0x000024ec,0x000018bc,0x0008000c,0x00000006,0x000018f4,0x00000001,0x00000032,0x000024ec,
0x000018f0,0x000018b8,0x0008000c,0x00000006,0x000018f9,0x00000001,0x00000031,0x000018f4,
0x000018b8,0x00000d4a,0x0008000c,0x00000006,0x000018fa,0x00000001,0x0000002e,0x0000235c,
0x000000e1,0x000018f9,0x000200f9,0x000018fb,0x000200f8,0x000018fb,0x000700f5,0x00000006,
0x0000237a,0x0000235c,0x000018eb,0x000018fa,0x000018ed,0x000200f9,0x000018fc,0x000200f8,
0x000018fc,0x000700f5,0x00000006,0x00002378,0x00002379,0x000018e1,0x0000237a,0x000018fb,
0x000200f9,0x000018fe,0x000200f8,0x000018fe,0x000900f5,0x00000006,0x0000237b,0x000000e1,
0x00001889,0x000000e1,0x00001892,0x00002378,0x000018fc,0x000200f9,0x00000d5a,0x000200f8,
0x00000d62,0x000200f9,0x00000d5a,0x000200f8,0x00000d5a,0x000700f5,0x00000006,0x0000237c,
0x0000237b,0x000018fe,0x000000e1,0x00000d62,0x00050041,0x0000016f,0x00000d6a,0x00000105,
0x00000164,0x0004003d,0x0000006d,0x00000d6b,0x00000d6a,0x0008004f,0x00000015,0x00000d6c,
0x00000d6b,0x00000d6b,0x00000000,0x00000001,0x00000002,0x000300f7,0x00001bb1,0x00000000,
0x000300fb,0x00000111,0x00001b5b,0x000200f8,0x00001b5b,0x00050094,0x00000006,0x00001b5e,
0x00002352,0x00000d6c,0x000500bc,0x00000051,0x00001b60,0x00001b5e,0x000000dc,0x000300f7,
0x00001b62,0x00000000,0x000400fa,0x00001b60,0x00001b61,0x00001b62,0x000200f8,0x00001b61,
0x000200f9,0x00001bb1,0x000200f8,0x00001b62,0x00050094,0x00000006,0x00001b65,0x00002352,
0x00002350,0x0007000c,0x00000006,0x00001b66,0x00000001,0x00000028,0x00001b65,0x00000486,
0x00050081,0x00000015,0x00001b69,0x00002350,0x00000d6c,0x0006000c,0x00000015,0x00001b6a,
0x00000001,0x00000045,0x00001b69,0x00050094,0x00000006,0x00001b6d,0x00002352,0x00001b6a,
0x0007000c,0x00000006,0x00001b6e,0x00000001,0x00000028,0x00001b6d,0x000000dc,0x00050094,
0x00000006,0x00001b71,0x00000d6c,0x00001b6a,0x0007000c,0x00000006,0x00001b72,0x00000001,
0x00000028,0x00001b71,0x000000dc,0x00060050,0x00000015,0x00001bb8,0x00000d3a,0x00000d3a,
0x00000d3a,0x00050083,0x00000015,0x00001bba,0x00001bb8,0x00000d36,0x0008000c,0x00000006,
0x00001bbc,0x00000001,0x0000002b,0x00001b72,0x000000dc,0x000000e1,0x00050083,0x00000006,
0x00001bbd,0x000000e1,0x00001bbc,0x00050085,0x00000006,0x00001bc6,0x00001bbd,0x00001bbd,
0x00050085,0x00000006,0x00001bc9,0x00001bc6,0x00001bc6,0x00050085,0x00000006,0x00001bcb,
0x00001bc9,0x00001bbd,0x0005008e,0x00000015,0x00001bbf,0x00001bba,0x00001bcb,0x00050081,
0x00000015,0x00001bc0,0x00000d36,0x00001bbf,0x00050085,0x00000006,0x00001b79,0x00000bf9,
0x00000bf9,0x00050085,0x00000006,0x00001b7b,0x000001c6,0x00000bf9,0x00050085,0x00000006,
0x00001b7d,0x00001b7b,0x00001b72,0x0008000c,0x00000006,0x00001b80,0x00000001,0x00000032,
0x00001b7d,0x00001b72,0x00000183,0x00050083,0x00000006,0x00001b82,0x00001b80,0x000000e1,
0x00050083,0x00000006,0x00001b84,0x000000e1,0x00001b5e,0x00050085,0x00000006,0x00001bd1,
0x00001b84,0x00001b84,0x00050085,0x00000006,0x00001bd4,0x00001bd1,0x00001bd1,0x00050085,
0x00000006,0x00001bd6,0x00001bd4,0x00001b84,0x0008000c,0x00000006,0x00001b87,0x00000001,
0x00000032,0x00001b82,0x00001bd6,0x000000e1,0x00050083,0x00000006,0x00001b8b,0x000000e1,
0x00001b66,0x00050085,0x00000006,0x00001bdc,0x00001b8b,0x00001b8b,0x00050085,0x00000006,
0x00001bdf,0x00001bdc,0x00001bdc,0x00050085,0x00000006,0x00001be1,0x00001bdf,0x00001b8b,
0x0008000c,0x00000006,0x00001b8e,0x00000001,0x00000032,0x00001b82,0x00001be1,0x000000e1,
0x00050085,0x00000006,0x00001b8f,0x00001b87,0x00001b8e,0x00050085,0x00000006,0x00001b90,
0x00001b8f,0x00000dc4,0x000500ba,0x00000051,0x00001b92,0x00000d3a,0x000000dc,0x000300f7,
0x00001b9d,0x00000000,0x000400fa,0x00001b92,0x00001b93,0x00001b9c,0x000200f8,0x00001b93,
0x00050085,0x00000006,0x00001bef,0x00001b79,0x00001b79,0x00050085,0x00000006,0x00001bf2,
0x00001b6e,0x00001b6e,0x0008000c,0x00000006,0x00001bf4,0x00000001,0x00000032,0x00001b79,
0x00001b79,0x000001e2,0x0008000c,0x00000006,0x00001bf6,0x00000001,0x00000032,0x00001bf2,
0x00001bf4,0x000000e1,0x00050085,0x00000006,0x00001bf9,0x0000019b,0x00001bf6,0x00050085,
0x00000006,0x00001bfb,0x00001bf9,0x00001bf6,0x00050088,0x00000006,0x00001bfc,0x00001bef,
0x00001bfb,0x00050085,0x00000006,0x00001c0f,0x00001b66,0x00001b66,0x0004007f,0x00000006,
0x000024ef,0x00001b79,0x0008000c,0x00000006,0x00001c11,0x00000001,0x00000032,0x000024ef,
0x00001b79,0x000000e1,0x0008000c,0x00000006,0x00001c14,0x00000001,0x00000032,0x00001c0f,
0x00001c11,0x00001bef,0x0006000c,0x00000006,0x00001c15,0x00000001,0x0000001f,0x00001c14,
0x00050085,0x00000006,0x00001c1a,0x00001b5e,0x00001b5e,0x0008000c,0x00000006,0x00001c1f,
0x00000001,0x00000032,0x00001c1a,0x00001c11,0x00001bef,0x0006000c,0x00000006,0x00001c20,
0x00000001,0x0000001f,0x00001c1f,0x00050085,0x00000006,0x00001c21,0x00001b66,0x00001c20,
0x0008000c,0x00000006,0x00001c22,0x00000001,0x00000032,0x00001b5e,0x00001c15,0x00001c21,
0x0007000c,0x00000006,0x00001c23,0x00000001,0x00000028,0x00001c22,0x000005ca,0x00050088,
0x00000006,0x00001c24,0x00000183,0x00001c23,0x00050085,0x00000006,0x00001b9b,0x00001bfc,
0x00001c24,0x000200f9,0x00001b9d,0x000200f8,0x00001b9c,0x000200f9,0x00001b9d,0x000200f8,
0x00001b9d,0x000700f5,0x00000006,0x00002395,0x00001b9b,0x00001b93,0x000000dc,0x00001b9c,
0x00050083,0x00000015,0x00001ba1,0x000002d3,0x00001bc0,0x00050083,0x00000006,0x00001ba3,
0x000000e1,0x00000c01,0x0005008e,0x00000015,0x00001ba4,0x00001ba1,0x00001ba3,0x00050085,
0x00000015,0x00001ba6,0x00001ba4,0x00000d33,0x0005008e,0x00000015,0x00001ba8,0x00001ba6,
0x00001b90,0x0005008e,0x00000015,0x00001bab,0x00001bc0,0x00002395,0x00050081,0x00000015,
0x00001bac,0x00001ba8,0x00001bab,0x00050085,0x00000015,0x00001bae,0x00001bac,0x00000d41,
0x0005008e,0x00000015,0x00001bb0,0x00001bae,0x00001b5e,0x000200f9,0x00001bb1,0x000200f8,
0x00001bb1,0x000700f5,0x00000015,0x00002396,0x00000162,0x00001b61,0x00001bb0,0x00001b9d,
0x0005008e,0x00000015,0x00000d7c,0x00002396,0x0000237c,0x000500ab,0x00000051,0x00000d7e,
0x00000a75,0x000000f5,0x000300f7,0x00000d80,0x00000000,0x000400fa,0x00000d7e,0x00000d7f,
0x00000d80,0x000200f8,0x00000d7f,0x00060041,0x00000108,0x00001c46,0x00000105,0x000008e4,
0x00000111,0x0004003d,0x00000006,0x00001c47,0x00001c46,0x00050081,0x00000006,0x00001c48,
0x00001c47,0x00000183,0x0004006e,0x00000041,0x00001c49,0x00001c48,0x000200f9,0x00001c4a,
0x000200f8,0x00001c4a,0x000700f5,0x00000015,0x000023a8,0x00000162,0x00000d7f,0x000024dd,
0x00001cbf,0x000700f5,0x00000041,0x00002399,0x00000164,0x00000d7f,0x00001cc1,0x00001cbf,
0x000500b1,0x00000051,0x00001c4d,0x00002399,0x0000018e,0x000400f6,0x00001cc2,0x00001cbf,
0x00000000,0x000400fa,0x00001c4d,0x00001c4e,0x00001cc2,0x000200f8,0x00001c4e,0x000500af,
0x00000051,0x00001c51,0x00002399,0x00001c49,0x000300f7,0x00001c53,0x00000000,0x000400fa,
0x00001c51,0x00001c52,0x00001c53,0x000200f8,0x00001c52,0x000200f9,0x00001cc2,0x000200f8,
0x00001c53,0x00050084,0x00000041,0x00001c55,0x00002399,0x000004f4,0x00060041,0x0000016f,
0x00001c56,0x00000105,0x000008f9,0x00001c55,0x0004003d,0x0000006d,0x00001c57,0x00001c56,
0x00050080,0x00000041,0x00001c5a,0x00001c55,0x0000017a,0x00060041,0x0000016f,0x00001c5b,
0x00000105,0x000008f9,0x00001c5a,0x0004003d,0x0000006d,0x00001c5c,0x00001c5b,0x00050080,
0x00000041,0x00001c5f,0x00001c55,0x00000198,0x00060041,0x0000016f,0x00001c60,0x00000105,
0x000008f9,0x00001c5f,0x0004003d,0x0000006d,0x00001c61,0x00001c60,0x00050080,0x00000041,
0x00001c64,0x00001c55,0x00000106,0x00060041,0x0000016f,0x00001c65,0x00000105,0x000008f9,
0x00001c64,0x0004003d,0x0000006d,0x00001c66,0x00001c65,0x0008004f,0x00000015,0x00001c68,
0x00001c57,0x00001c57,0x00000000,0x00000001,0x00000002,0x00050083,0x00000015,0x00001c6a,
0x00001c68,0x00000b8d,0x00050094,0x00000006,0x00001c6d,0x00001c6a,0x00001c6a,0x0007000c,
0x00000006,0x00001c6f,0x00000001,0x00000028,0x00001c6d,0x00000486,0x0006000c,0x00000006,
0x00001c72,0x00000001,0x00000020,0x00001c6f,0x0005008e,0x00000015,0x00001c73,0x00001c6a,
0x00001c72,0x00050051,0x00000006,0x00001c76,0x00001c57,0x00000003,0x00050085,0x00000006,
0x00001c79,0x00001c76,0x00001c76,0x0007000c,0x00000006,0x00001c7a,0x00000001,0x00000028,
0x00001c79,0x00000486,0x00050088,0x00000006,0x00001c7b,0x00001c6d,0x00001c7a,0x0004007f,
0x00000006,0x000024f0,0x00001c7b,0x0008000c,0x00000006,0x00001c7f,0x00000001,0x00000032,
0x000024f0,0x00001c7b,0x000000e1,0x0008000c,0x00000006,0x00001c80,0x00000001,0x0000002b,
0x00001c7f,0x000000dc,0x000000e1,0x00050085,0x00000006,0x00001c83,0x00001c80,0x00001c80,
0x000500bc,0x00000051,0x00001c85,0x00001c83,0x000000dc,0x000300f7,0x00001c87,0x00000000,
0x000400fa,0x00001c85,0x00001c86,0x00001c87,0x000200f8,0x00001c86,0x000200f9,0x00001cbf,
0x000200f8,0x00001c87,0x000300f7,0x00001c96,0x00000000,0x000400fa,0x0000093a,0x00001c88,
0x00001c89,0x000200f8,0x00001c88,0x000200f9,0x00001c96,0x000200f8,0x00001c89,0x0008004f,
0x00000015,0x00001c8b,0x00001c61,0x00001c61,0x00000000,0x00000001,0x00000002,0x0004007f,
0x00000015,0x00001c8d,0x00001c73,0x00050094,0x00000006,0x00001c8e,0x00001c8b,0x00001c8d,
0x00050051,0x00000006,0x00001c90,0x00001c5c,0x00000003,0x00050051,0x00000006,0x00001c93,
0x00001c61,0x00000003,0x0008000c,0x00000006,0x00001c94,0x00000001,0x00000032,0x00001c8e,
0x00001c90,0x00001c93,0x0008000c,0x00000006,0x00001c95,0x00000001,0x0000002b,0x00001c94,
0x000000dc,0x000000e1,0x000200f9,0x00001c96,0x000200f8,0x00001c96,0x000700f5,0x00000006,
0x0000239a,0x000000e1,0x00001c88,0x00001c95,0x00001c89,0x00050085,0x00000006,0x00001c9a,
0x0000239a,0x0000239a,0x000500bc,0x00000051,0x00001c9c,0x00001c9a,0x000000dc,0x000300f7,
0x00001c9e,0x00000000,0x000400fa,0x00001c9c,0x00001c9d,0x00001c9e,0x000200f8,0x00001c9d,
0x000200f9,0x00001cbf,0x000200f8,0x00001c9e,0x000300f7,0x00001ca7,0x00000000,0x000400fa,
0x00000955,0x00001c9f,0x00001ca0,0x000200f8,0x00001c9f,0x000200f9,0x00001ca7,0x000200f8,
0x00001ca0,0x0004007f,0x00000015,0x00001ca2,0x00001c6a,0x000300f7,0x00001de5,0x00000000,
0x000300fb,0x00000111,0x00001cd9,0x000200f8,0x00001cd9,0x00050051,0x00000006,0x00001cdb,
0x00001c66,0x00000000,0x00050081,0x00000006,0x00001cdc,0x00001cdb,0x00000183,0x0004006e,
0x00000041,0x00001cdd,0x00001cdc,0x000500b8,0x00000051,0x00001ce0,0x00001cdb,0x000007c1,
0x000400a8,0x00000051,0x00001ce1,0x00001ce0,0x000300f7,0x00001ce9,0x00000000,0x000400fa,
0x00001ce1,0x00001ce2,0x00001ce9,0x000200f8,0x00001ce2,0x00060041,0x00000108,0x00001ce4,
0x00000105,0x000007c7,0x00000111,0x0004003d,0x00000006,0x00001ce5,0x00001ce4,0x00050081,
0x00000006,0x00001ce6,0x00001ce5,0x00000183,0x0004006e,0x00000041,0x00001ce7,0x00001ce6,
0x000500af,0x00000051,0x00001ce8,0x00001cdd,0x00001ce7,0x000200f9,0x00001ce9,0x000200f8,
0x00001ce9,0x000700f5,0x00000051,0x00001cea,0x00001ce0,0x00001cd9,0x00001ce8,0x00001ce2,
0x000300f7,0x00001cec,0x00000000,0x000400fa,0x00001cea,0x00001ceb,0x00001cec,0x000200f8,
0x00001ceb,0x000200f9,0x00001de5,0x000200f8,0x00001cec,0x00050051,0x00000006,0x00001cee,
0x00001c66,0x00000001,0x00050081,0x00000006,0x00001cef,0x00001cee,0x00000183,0x0004006e,
0x00000041,0x00001cf0,0x00001cef,0x000500af,0x00000051,0x00001cf2,0x00001cf0,0x000007d8,
0x000300f7,0x00001cf9,0x00000000,0x000400fa,0x00001cf2,0x00001cf4,0x00001cf7,0x000200f8,
0x00001cf4,0x00050082,0x00000041,0x00001cf6,0x00001cf0,0x000007d8,0x000200f9,0x00001cf9,
0x000200f8,0x00001cf7,0x000200f9,0x00001cf9,0x000200f8,0x00001cf9,0x000700f5,0x00000041,
0x0000239b,0x00001cf6,0x00001cf4,0x00001cf0,0x00001cf7,0x000500aa,0x00000051,0x00001cfd,
0x0000239b,0x000001b0,0x000300f7,0x00001d2b,0x00000000,0x000400fa,0x00001cfd,0x00001cfe,
0x00001d2b,0x000200f8,0x00001cfe,0x0006000c,0x00000015,0x00001d00,0x00000001,0x00000004,
0x00001ca2,0x00050051,0x00000006,0x00001d02,0x00001d00,0x00000000,0x00050051,0x00000006,
0x00001d04,0x00001d00,0x00000001,0x000500be,0x00000051,0x00001d05,0x00001d02,0x00001d04,
0x000300f7,0x00001d0c,0x00000000,0x000400fa,0x00001d05,0x00001d06,0x00001d0c,0x000200f8,
0x00001d06,0x00050051,0x00000006,0x00001d0a,0x00001d00,0x00000002,0x000500be,0x00000051,
0x00001d0b,0x00001d02,0x00001d0a,0x000200f9,0x00001d0c,0x000200f8,0x00001d0c,0x000700f5,
0x00000051,0x00001d0d,0x00001d05,0x00001cfe,0x00001d0b,0x00001d06,0x000300f7,0x00001d2a,
0x00000000,0x000400fa,0x00001d0d,0x00001d0e,0x00001d15,0x000200f8,0x00001d0e,0x00050051,
0x00000006,0x00001d10,0x00001ca2,0x00000000,0x000500be,0x00000051,0x00001d11,0x00001d10,
0x000000dc,0x000600a9,0x00000041,0x00001d12,0x00001d11,0x00000164,0x0000017a,0x00050080,
0x00000041,0x00001d14,0x00001cdd,0x00001d12,0x000200f9,0x00001d2a,0x000200f8,0x00001d15,
0x00050051,0x00000006,0x00001d19,0x00001d00,0x00000002,0x000500be,0x00000051,0x00001d1a,
0x00001d04,0x00001d19,0x000300f7,0x00001d29,0x00000000,0x000400fa,0x00001d1a,0x00001d1b,
0x00001d22,0x000200f8,0x00001d1b,0x00050051,0x00000006,0x00001d1d,0x00001ca2,0x00000001,
0x000500be,0x00000051,0x00001d1e,0x00001d1d,0x000000dc,0x000600a9,0x00000041,0x00001d1f,
0x00001d1e,0x00000198,0x00000106,0x00050080,0x00000041,0x00001d21,0x00001cdd,0x00001d1f,
0x000200f9,0x00001d29,0x000200f8,0x00001d22,0x00050051,0x00000006,0x00001d24,0x00001ca2,
0x00000002,0x000500be,0x00000051,0x00001d25,0x00001d24,0x000000dc,0x000600a9,0x00000041,
0x00001d26,0x00001d25,0x000004f4,0x00000814,0x00050080,0x00000041,0x00001d28,0x00001cdd,
0x00001d26,0x000200f9,0x00001d29,0x000200f8,0x00001d29,0x000700f5,0x00000041,0x0000239f,
0x00001d21,0x00001d1b,0x00001d28,0x00001d22,0x000200f9,0x00001d2a,0x000200f8,0x00001d2a,
0x000700f5,0x00000041,0x0000239e,0x00001d14,0x00001d0e,0x0000239f,0x00001d29,0x000200f9,
0x00001d2b,0x000200f8,0x00001d2b,0x000700f5,0x00000041,0x0000239d,0x00001cdd,0x00001cf9,
0x0000239e,0x00001d2a,0x00060041,0x0000016f,0x00001d2d,0x00000105,0x00000819,0x0000239d,
0x0004003d,0x0000006d,0x00001d2e,0x00001d2d,0x00050051,0x00000006,0x00001d32,0x00001d2e,
0x00000003,0x00050051,0x00000006,0x00001d34,0x00001c66,0x00000003,0x00050085,0x00000006,
0x00001d35,0x00001d32,0x00001d34,0x0005008e,0x00000015,0x00001d36,0x00002352,0x00001d35,
0x00050081,0x00000015,0x00001d37,0x00000b8d,0x00001d36,0x00060041,0x00000324,0x00001d39,
0x00000105,0x00000828,0x0000239d,0x0004003d,0x000000f4,0x00001d3a,0x00001d39,0x00050051,
0x00000006,0x00001d3c,0x00001d37,0x00000000,0x00050051,0x00000006,0x00001d3d,0x00001d37,
0x00000001,0x00050051,0x00000006,0x00001d3e,0x00001d37,0x00000002,0x00070050,0x0000006d,
0x00001d3f,0x00001d3c,0x00001d3d,0x00001d3e,0x000000e1,0x00050091,0x0000006d,0x00001d40,
0x00001d3a,0x00001d3f,0x00050051,0x00000006,0x00001d42,0x00001d40,0x00000003,0x000500bc,
0x00000051,0x00001d43,0x00001d42,0x00000834,0x000300f7,0x00001d45,0x00000000,0x000400fa,
0x00001d43,0x00001d44,0x00001d45,0x000200f8,0x00001d44,0x000200f9,0x00001de5,0x000200f8,
0x00001d45,0x0008004f,0x00000015,0x00001d47,0x00001d40,0x00001d40,0x00000000,0x00000001,
0x00000002,0x00060050,0x00000015,0x00001d4a,0x00001d42,0x00001d42,0x00001d42,0x00050088,
0x00000015,0x00001d4b,0x00001d47,0x00001d4a,0x00050051,0x00000006,0x00001d4d,0x00001d4b,
0x00000000,0x0006000c,0x00000006,0x00001d4e,0x00000001,0x00000004,0x00001d4d,0x000500ba,
0x00000051,0x00001d4f,0x00001d4e,0x000000e1,0x000400a8,0x00000051,0x00001d50,0x00001d4f,
0x000300f7,0x00001d56,0x00000000,0x000400fa,0x00001d50,0x00001d51,0x00001d56,0x000200f8,
0x00001d51,0x00050051,0x00000006,0x00001d53,0x00001d4b,0x00000001,0x0006000c,0x00000006,
0x00001d54,0x00000001,0x00000004,0x00001d53,0x000500ba,0x00000051,0x00001d55,0x00001d54,
0x000000e1,0x000200f9,0x00001d56,0x000200f8,0x00001d56,0x000700f5,0x00000051,0x00001d57,
0x00001d4f,0x00001d45,0x00001d55,0x00001d51,0x000400a8,0x00000051,0x00001d58,0x00001d57,
0x000300f7,0x00001d5d,0x00000000,0x000400fa,0x00001d58,0x00001d59,0x00001d5d,0x000200f8,
0x00001d59,0x00050051,0x00000006,0x00001d5b,0x00001d4b,0x00000002,0x000500b8,0x00000051,
0x00001d5c,0x00001d5b,0x000000dc,0x000200f9,0x00001d5d,0x000200f8,0x00001d5d,0x000700f5,
0x00000051,0x00001d5e,0x00001d57,0x00001d56,0x00001d5c,0x00001d59,0x000400a8,0x00000051,
0x00001d5f,0x00001d5e,0x000300f7,0x00001d64,0x00000000,0x000400fa,0x00001d5f,0x00001d60,
0x00001d64,0x000200f8,0x00001d60,0x00050051,0x00000006,0x00001d62,0x00001d4b,0x00000002,
0x000500ba,0x00000051,0x00001d63,0x00001d62,0x000000e1,0x000200f9,0x00001d64,0x000200f8,
0x00001d64,0x000700f5,0x00000051,0x00001d65,0x00001d5e,0x00001d5d,0x00001d63,0x00001d60,
0x000300f7,0x00001d67,0x00000000,0x000400fa,0x00001d65,0x00001d66,0x00001d67,0x000200f8,
0x00001d66,0x000200f9,0x00001de5,0x000200f8,0x00001d67,0x0007004f,0x00000021,0x00001d69,
0x00001d2e,0x00001d2e,0x00000000,0x00000001,0x0007004f,0x00000021,0x00001d6b,0x00001d4b,
0x00001d4b,0x00000000,0x00000001,0x0005008e,0x00000021,0x00001d6c,0x00001d6b,0x00000183,
0x00050081,0x00000021,0x00001d6e,0x00001d6c,0x0000055e,0x00050051,0x00000006,0x00001d70,
0x00001d2e,0x00000002,0x0005008e,0x00000021,0x00001d71,0x00001d6e,0x00001d70,0x00050081,
0x00000021,0x00001d72,0x00001d69,0x00001d71,0x000300f7,0x00001dde,0x00000000,0x000400fa,
0x00001cf2,0x00001d74,0x00001dd4,0x000200f8,0x00001d74,0x00060041,0x00000108,0x00001d75,
0x00000105,0x000007c7,0x00000107,0x0004003d,0x00000006,0x00001d76,0x00001d75,0x00050085,
0x00000006,0x00001d77,0x00001d76,0x00000261,0x00050050,0x00000021,0x00001d78,0x00001d77,
0x00001d77,0x00050081,0x00000021,0x00001d7c,0x00001d69,0x00001d78,0x0007004f,0x00000021,
0x00001d80,0x00001d2e,0x00001d2e,0x00000002,0x00000002,0x00050081,0x00000021,0x00001d81,
0x00001d69,0x00001d80,0x00050083,0x00000021,0x00001d83,0x00001d81,0x00001d78,0x0004003d,
0x000003a0,0x00001d84,0x0000087f,0x00050085,0x00000006,0x00001d88,0x00001d76,0x000024f1,
0x00050050,0x00000021,0x00001d8c,0x00001d88,0x00001d88,0x00050081,0x00000021,0x00001d8d,
0x00001d72,0x00001d8c,0x0008000c,0x00000021,0x00001d90,0x00000001,0x0000002b,0x00001d8d,
0x00001d7c,0x00001d83,0x00050051,0x00000006,0x00001d92,0x00001d4b,0x00000002,0x00050051,
0x00000006,0x00001d93,0x00001d90,0x00000000,0x00050051,0x00000006,0x00001d94,0x00001d90,
0x00000001,0x00060050,0x00000015,0x00001d95,0x00001d93,0x00001d94,0x00001d92,0x00060059,
0x00000006,0x00001d97,0x00001d84,0x00001d95,0x00001d92,0x00050050,0x00000021,0x00001d9f,
0x00001d77,0x00001d88,0x00050081,0x00000021,0x00001da0,0x00001d72,0x00001d9f,0x0008000c,
0x00000021,0x00001da3,0x00000001,0x0000002b,0x00001da0,0x00001d7c,0x00001d83,0x00050051,
0x00000006,0x00001da6,0x00001da3,0x00000000,0x00050051,0x00000006,0x00001da7,0x00001da3,
0x00000001,0x00060050,0x00000015,0x00001da8,0x00001da6,0x00001da7,0x00001d92,0x00060059,
0x00000006,0x00001daa,0x00001d84,0x00001da8,0x00001d92,0x00050081,0x00000006,0x00001dab,
0x00001d97,0x00001daa,0x00050050,0x00000021,0x00001db3,0x00001d88,0x00001d77,0x00050081,
0x00000021,0x00001db4,0x00001d72,0x00001db3,0x0008000c,0x00000021,0x00001db7,0x00000001,
0x0000002b,0x00001db4,0x00001d7c,0x00001d83,0x00050051,0x00000006,0x00001dba,0x00001db7,
0x00000000,0x00050051,0x00000006,0x00001dbb,0x00001db7,0x00000001,0x00060050,0x00000015,
0x00001dbc,0x00001dba,0x00001dbb,0x00001d92,0x00060059,0x00000006,0x00001dbe,0x00001d84,
0x00001dbc,0x00001d92,0x00050081,0x00000006,0x00001dbf,0x00001dab,0x00001dbe,0x00050081,
0x00000021,0x00001dc7,0x00001d72,0x00001d78,0x0008000c,0x00000021,0x00001dca,0x00000001,
0x0000002b,0x00001dc7,0x00001d7c,0x00001d83,0x00050051,0x00000006,0x00001dcd,0x00001dca,
0x00000000,0x00050051,0x00000006,0x00001dce,0x00001dca,0x00000001,0x00060050,0x00000015,
0x00001dcf,0x00001dcd,0x00001dce,0x00001d92,0x00060059,0x00000006,0x00001dd1,0x00001d84,
0x00001dcf,0x00001d92,0x00050081,0x00000006,0x00001dd2,0x00001dbf,0x00001dd1,0x00050085,
0x00000006,0x00001dd3,0x00000260,0x00001dd2,0x000200f9,0x00001dde,0x000200f8,0x00001dd4,
0x0004003d,0x000003a0,0x00001dd5,0x0000087f,0x00050051,0x00000006,0x00001dd8,0x00001d4b,
0x00000002,0x00050051,0x00000006,0x00001dd9,0x00001d72,0x00000000,0x00050051,0x00000006,
0x00001dda,0x00001d72,0x00000001,0x00060050,0x00000015,0x00001ddb,0x00001dd9,0x00001dda,
0x00001dd8,0x00060059,0x00000006,0x00001ddd,0x00001dd5,0x00001ddb,0x00001dd8,0x000200f9,
0x00001dde,0x000200f8,0x00001dde,0x000700f5,0x00000006,0x000023a0,0x00001dd3,0x00001d74,
0x00001ddd,0x00001dd4,0x00050051,0x00000006,0x00001de1,0x00001c66,0x00000002,0x0008000c,
0x00000006,0x00001de2,0x00000001,0x0000002b,0x00001de1,0x000000dc,0x000000e1,0x0008000c,
0x00000006,0x00001de3,0x00000001,0x0000002e,0x000000e1,0x000023a0,0x00001de2,0x000200f9,
0x00001de5,0x000200f8,0x00001de5,0x000b00f5,0x00000006,0x000023a1,0x000000e1,0x00001ceb,
0x000000e1,0x00001d44,0x000000e1,0x00001d66,0x00001de3,0x00001dde,0x000200f9,0x00001ca7,
0x000200f8,0x00001ca7,0x000700f5,0x00000006,0x000023a2,0x000000e1,0x00001c9f,0x000023a1,
0x00001de5,0x0008004f,0x00000015,0x00001caa,0x00001c5c,0x00001c5c,0x00000000,0x00000001,
0x00000002,0x00050085,0x00000006,0x00001cad,0x00001c83,0x00001c9a,0x00050085,0x00000006,
0x00001caf,0x00001cad,0x000023a2,0x00050088,0x00000006,0x00001cb1,0x00001caf,0x00001c6f,
0x0005008e,0x00000015,0x00001cb2,0x00001caa,0x00001cb1,0x000300f7,0x00001e56,0x00000000,
0x000300fb,0x00000111,0x00001e00,0x000200f8,0x00001e00,0x00050094,0x00000006,0x00001e03,
0x00002352,0x00001c73,0x000500bc,0x00000051,0x00001e05,0x00001e03,0x000000dc,0x000300f7,
0x00001e07,0x00000000,0x000400fa,0x00001e05,0x00001e06,0x00001e07,0x000200f8,0x00001e06,
0x000200f9,0x00001e56,0x000200f8,0x00001e07,0x00050094,0x00000006,0x00001e0a,0x00002352,
0x00002350,0x0007000c,0x00000006,0x00001e0b,0x00000001,0x00000028,0x00001e0a,0x00000486,
0x00050081,0x00000015,0x00001e0e,0x00002350,0x00001c73,0x0006000c,0x00000015,0x00001e0f,
0x00000001,0x00000045,0x00001e0e,0x00050094,0x00000006,0x00001e12,0x00002352,0x00001e0f,
0x0007000c,0x00000006,0x00001e13,0x00000001,0x00000028,0x00001e12,0x000000dc,0x00050094,
0x00000006,0x00001e16,0x00001c73,0x00001e0f,0x0007000c,0x00000006,0x00001e17,0x00000001,
0x00000028,0x00001e16,0x000000dc,0x00060050,0x00000015,0x00001e5d,0x00000d3a,0x00000d3a,
0x00000d3a,0x00050083,0x00000015,0x00001e5f,0x00001e5d,0x00000d36,0x0008000c,0x00000006,
0x00001e61,0x00000001,0x0000002b,0x00001e17,0x000000dc,0x000000e1,0x00050083,0x00000006,
0x00001e62,0x000000e1,0x00001e61,0x00050085,0x00000006,0x00001e6b,0x00001e62,0x00001e62,
0x00050085,0x00000006,0x00001e6e,0x00001e6b,0x00001e6b,0x00050085,0x00000006,0x00001e70,
0x00001e6e,0x00001e62,0x0005008e,0x00000015,0x00001e64,0x00001e5f,0x00001e70,0x00050081,
0x00000015,0x00001e65,0x00000d36,0x00001e64,0x00050085,0x00000006,0x00001e1e,0x00000bf9,
0x00000bf9,0x00050085,0x00000006,0x00001e20,0x000001c6,0x00000bf9,0x00050085,0x00000006,
0x00001e22,0x00001e20,0x00001e17,0x0008000c,0x00000006,0x00001e25,0x00000001,0x00000032,
0x00001e22,0x00001e17,0x00000183,0x00050083,0x00000006,0x00001e27,0x00001e25,0x000000e1,
0x00050083,0x00000006,0x00001e29,0x000000e1,0x00001e03,0x00050085,0x00000006,0x00001e76,
0x00001e29,0x00001e29,0x00050085,0x00000006,0x00001e79,0x00001e76,0x00001e76,0x00050085,
0x00000006,0x00001e7b,0x00001e79,0x00001e29,0x0008000c,0x00000006,0x00001e2c,0x00000001,
0x00000032,0x00001e27,0x00001e7b,0x000000e1,0x00050083,0x00000006,0x00001e30,0x000000e1,
0x00001e0b,0x00050085,0x00000006,0x00001e81,0x00001e30,0x00001e30,0x00050085,0x00000006,
0x00001e84,0x00001e81,0x00001e81,0x00050085,0x00000006,0x00001e86,0x00001e84,0x00001e30,
0x0008000c,0x00000006,0x00001e33,0x00000001,0x00000032,0x00001e27,0x00001e86,0x000000e1,
0x00050085,0x00000006,0x00001e34,0x00001e2c,0x00001e33,0x00050085,0x00000006,0x00001e35,
0x00001e34,0x00000dc4,0x000500ba,0x00000051,0x00001e37,0x00000d3a,0x000000dc,0x000300f7,
0x00001e42,0x00000000,0x000400fa,0x00001e37,0x00001e38,0x00001e41,0x000200f8,0x00001e38,
0x00050085,0x00000006,0x00001e94,0x00001e1e,0x00001e1e,0x00050085,0x00000006,0x00001e97,
0x00001e13,0x00001e13,0x0008000c,0x00000006,0x00001e99,0x00000001,0x00000032,0x00001e1e,
0x00001e1e,0x000001e2,0x0008000c,0x00000006,0x00001e9b,0x00000001,0x00000032,0x00001e97,
0x00001e99,0x000000e1,0x00050085,0x00000006,0x00001e9e,0x0000019b,0x00001e9b,0x00050085,
0x00000006,0x00001ea0,0x00001e9e,0x00001e9b,0x00050088,0x00000006,0x00001ea1,0x00001e94,
0x00001ea0,0x00050085,0x00000006,0x00001eb4,0x00001e0b,0x00001e0b,0x0004007f,0x00000006,
0x000024f3,0x00001e1e,0x0008000c,0x00000006,0x00001eb6,0x00000001,0x00000032,0x000024f3,
0x00001e1e,0x000000e1,0x0008000c,0x00000006,0x00001eb9,0x00000001,0x00000032,0x00001eb4,
0x00001eb6,0x00001e94,0x0006000c,0x00000006,0x00001eba,0x00000001,0x0000001f,0x00001eb9,
0x00050085,0x00000006,0x00001ebf,0x00001e03,0x00001e03,0x0008000c,0x00000006,0x00001ec4,
0x00000001,0x00000032,0x00001ebf,0x00001eb6,0x00001e94,0x0006000c,0x00000006,0x00001ec5,
0x00000001,0x0000001f,0x00001ec4,0x00050085,0x00000006,0x00001ec6,0x00001e0b,0x00001ec5,
0x0008000c,0x00000006,0x00001ec7,0x00000001,0x00000032,0x00001e03,0x00001eba,0x00001ec6,
0x0007000c,0x00000006,0x00001ec8,0x00000001,0x00000028,0x00001ec7,0x000005ca,0x00050088,
0x00000006,0x00001ec9,0x00000183,0x00001ec8,0x00050085,0x00000006,0x00001e40,0x00001ea1,
0x00001ec9,0x000200f9,0x00001e42,0x000200f8,0x00001e41,0x000200f9,0x00001e42,0x000200f8,
0x00001e42,0x000700f5,0x00000006,0x000023a3,0x00001e40,0x00001e38,0x000000dc,0x00001e41,
0x00050083,0x00000015,0x00001e46,0x000002d3,0x00001e65,0x00050083,0x00000006,0x00001e48,
0x000000e1,0x00000c01,0x0005008e,0x00000015,0x00001e49,0x00001e46,0x00001e48,0x00050085,
0x00000015,0x00001e4b,0x00001e49,0x00000d33,0x0005008e,0x00000015,0x00001e4d,0x00001e4b,
0x00001e35,0x0005008e,0x00000015,0x00001e50,0x00001e65,0x000023a3,0x00050081,0x00000015,
0x00001e51,0x00001e4d,0x00001e50,0x00050085,0x00000015,0x00001e53,0x00001e51,0x00001cb2,
0x0005008e,0x00000015,0x00001e55,0x00001e53,0x00001e03,0x000200f9,0x00001e56,0x000200f8,
0x00001e56,0x000700f5,0x00000015,0x000023a4,0x00000162,0x00001e06,0x00001e55,0x00001e42,
0x00050081,0x00000015,0x00001cbe,0x000023a8,0x000023a4,0x000200f9,0x00001cbf,0x000200f8,
0x00001cbf,0x000900f5,0x00000015,0x000024dd,0x000023a8,0x00001c86,0x000023a8,0x00001c9d,
0x00001cbe,0x00001e56,0x00050080,0x00000041,0x00001cc1,0x00002399,0x0000017a,0x000200f9,
0x00001c4a,0x000200f8,0x00001cc2,0x00050081,0x00000015,0x00000d94,0x00000d7c,0x000023a8,
0x000200f9,0x00000d80,0x000200f8,0x00000d80,0x000700f5,0x00000015,0x00002441,0x00000d7c,
0x00001bb1,0x00000d94,0x00001cc2,0x00050094,0x00000006,0x00000d98,0x00002352,0x00002350,
0x0007000c,0x00000006,0x00000d99,0x00000001,0x00000028,0x00000d98,0x000000dc,0x000300f7,
0x00001f12,0x00000000,0x000300fb,0x00000111,0x00001ed5,0x000200f8,0x00001ed5,0x00070041,
0x00000108,0x00001ed6,0x00000105,0x0000016d,0x00000164,0x00000180,0x0004003d,0x00000006,
0x00001ed7,0x00001ed6,0x000500ba,0x00000051,0x00001ed8,0x00001ed7,0x00000183,0x000300f7,
0x00001edd,0x00000000,0x000400fa,0x00001ed8,0x00001ed9,0x00001edd,0x000200f8,0x00001ed9,
0x00060041,0x00000108,0x00001eda,0x00000105,0x00000187,0x00000116,0x0004003d,0x00000006,
0x00001edb,0x00001eda,0x000500ba,0x00000051,0x00001edc,0x00001edb,0x00000183,0x000200f9,
0x00001edd,0x000200f8,0x00001edd,0x000700f5,0x00000051,0x00001ede,0x00001ed8,0x00001ed5,
0x00001edc,0x00001ed9,0x000300f7,0x00001ee3,0x00000000,0x000400fa,0x00001ede,0x00001edf,
0x00001ee3,0x000200f8,0x00001edf,0x00060041,0x00000108,0x00001ee0,0x00000105,0x0000018e,
0x00000180,0x0004003d,0x00000006,0x00001ee1,0x00001ee0,0x000500b8,0x00000051,0x00001ee2,
0x00001ee1,0x00000183,0x000200f9,0x00001ee3,0x000200f8,0x00001ee3,0x000700f5,0x00000051,
0x00001ee4,0x00001ede,0x00001edd,0x00001ee2,0x00001edf,0x000300f7,0x00001eed,0x00000000,
0x000400fa,0x00001ee4,0x00001ee5,0x00001eed,0x000200f8,0x00001ee5,0x00060041,0x00000108,
0x00001f61,0x00000105,0x00000106,0x00000107,0x0004003d,0x00000006,0x00001f62,0x00001f61,
0x0006000c,0x00000006,0x00001f63,0x00000001,0x0000000e,0x00001f62,0x0006000c,0x00000006,
0x00001f66,0x00000001,0x0000000d,0x00001f62,0x00050051,0x00000006,0x00001f69,0x00002352,
0x00000000,0x00050051,0x00000006,0x00001f6d,0x00002352,0x00000002,0x00050085,0x00000006,
0x00001f6e,0x00001f66,0x00001f6d,0x0004007f,0x00000006,0x000024f4,0x00001f6e,0x0008000c,
0x00000006,0x00001f6f,0x00000001,0x00000032,0x00001f63,0x00001f69,0x000024f4,0x00050051,
0x00000006,0x00001f71,0x00002352,0x00000001,0x00050085,0x00000006,0x00001f79,0x00001f63,
0x00001f6d,0x0008000c,0x00000006,0x00001f7a,0x00000001,0x00000032,0x00001f66,0x00001f69,
0x00001f79,0x00060050,0x00000015,0x00001f7b,0x00001f6f,0x00001f71,0x00001f7a,0x0006000c,
0x00000015,0x00001f20,0x00000001,0x00000045,0x00001f7b,0x00050051,0x00000006,0x00001f22,
0x00001f20,0x00000000,0x00050051,0x00000006,0x00001f24,0x00001f20,0x00000001,0x00050051,
0x00000006,0x00001f26,0x00001f20,0x00000002,0x00050085,0x00000006,0x00001f28,0x0000013b,
0x00001f24,0x00050085,0x00000006,0x00001f2a,0x0000013b,0x00001f26,0x00050085,0x00000006,
0x00001f2c,0x0000013b,0x00001f22,0x00050085,0x00000006,0x00001f2e,0x00000142,0x00001f22,
0x00050085,0x00000006,0x00001f30,0x00001f2e,0x00001f24,0x00050085,0x00000006,0x00001f32,
0x00000142,0x00001f24,0x00050085,0x00000006,0x00001f34,0x00001f32,0x00001f26,0x00050085,
0x00000006,0x00001f36,0x0000014c,0x00001f24,0x0008000c,0x00000006,0x00001f39,0x00000001,
0x00000032,0x00001f36,0x00001f24,0x000001e2,0x00050085,0x00000006,0x00001f3a,0x0000014b,
0x00001f39,0x00050085,0x00000006,0x00001f3e,0x00001f2e,0x00001f26,0x00050085,0x00000006,
0x00001f44,0x00001f26,0x00001f26,0x0004007f,0x00000006,0x000024f6,0x00001f44,0x0008000c,
0x00000006,0x00001f45,0x00000001,0x00000032,0x00001f22,0x00001f22,0x000024f6,0x00050085,
0x00000006,0x00001f46,0x00000157,0x00001f45,0x000c0050,0x00000137,0x00001f47,0x0000013a,
0x00001f28,0x00001f2a,0x00001f2c,0x00001f30,0x00001f34,0x00001f3a,0x00001f3e,0x00001f46,
0x0003003e,0x00001f18,0x00001f47,0x000200f9,0x00001f48,0x000200f8,0x00001f48,0x000700f5,
0x00000015,0x000023ed,0x00000162,0x00001ee5,0x00001f56,0x00001f4c,0x000700f5,0x00000041,
0x000023ec,0x00000164,0x00001ee5,0x00001f59,0x00001f4c,0x000500b1,0x00000051,0x00001f4b,
0x000023ec,0x0000016b,0x000400f6,0x00001f5a,0x00001f4c,0x00000000,0x000400fa,0x00001f4b,
0x00001f4c,0x00001f5a,0x000200f8,0x00001f4c,0x00060041,0x0000016f,0x00001f4e,0x00000105,
0x0000016d,0x000023ec,0x0004003d,0x0000006d,0x00001f4f,0x00001f4e,0x0008004f,0x00000015,
0x00001f50,0x00001f4f,0x00001f4f,0x00000000,0x00000001,0x00000002,0x00050041,0x00000007,
0x00001f52,0x00001f18,0x000023ec,0x0004003d,0x00000006,0x00001f53,0x00001f52,0x0005008e,
0x00000015,0x00001f54,0x00001f50,0x00001f53,0x00050081,0x00000015,0x00001f56,0x000023ed,
0x00001f54,0x00050080,0x00000041,0x00001f59,0x000023ec,0x0000017a,0x000200f9,0x00001f48,
0x000200f8,0x00001f5a,0x0007000c,0x00000015,0x00001f5c,0x00000001,0x00000028,0x000023ed,
0x00000162,0x00060041,0x00000108,0x00001ee8,0x00000105,0x00000198,0x00000180,0x0004003d,
0x00000006,0x00001ee9,0x00001ee8,0x00050085,0x00000006,0x00001eea,0x00001ee9,0x00000dc4,
0x0005008e,0x00000015,0x00001eeb,0x00001f5c,0x00001eea,0x000200f9,0x00001f12,0x000200f8,
0x00001eed,0x00060041,0x00000108,0x00001eee,0x00000105,0x00000187,0x00000116,0x0004003d,
0x00000006,0x00001eef,0x00001eee,0x000500ba,0x00000051,0x00001ef0,0x00001eef,0x00000183,
0x000300f7,0x00001ef8,0x00000000,0x000400fa,0x00001ef0,0x00001ef1,0x00001ef7,0x000200f8,
0x00001ef1,0x00050051,0x00000006,0x00001ef3,0x00002352,0x00000001,0x0008000c,0x00000006,
0x00001ef5,0x00000001,0x00000032,0x00001ef3,0x00000183,0x00000183,0x0008000c,0x00000006,
0x00001ef6,0x00000001,0x0000002b,0x00001ef5,0x000000dc,0x000000e1,0x000200f9,0x00001ef8,
0x000200f8,0x00001ef7,0x000200f9,0x00001ef8,0x000200f8,0x00001ef8,0x000700f5,0x00000006,
0x000023eb,0x00001ef6,0x00001ef1,0x000000e1,0x00001ef7,0x00050041,0x0000016f,0x00001efa,
0x00000105,0x000001b0,0x0004003d,0x0000006d,0x00001efb,0x00001efa,0x0008004f,0x00000015,
0x00001efc,0x00001efb,0x00001efb,0x00000000,0x00000001,0x00000002,0x00050041,0x0000016f,
0x00001efd,0x00000105,0x00000198,0x0004003d,0x0000006d,0x00001efe,0x00001efd,0x0008004f,
0x00000015,0x00001eff,0x00001efe,0x00001efe,0x00000000,0x00000001,0x00000002,0x00060050,
0x00000015,0x00001f01,0x000023eb,0x000023eb,0x000023eb,0x0008000c,0x00000015,0x00001f02,
0x00000001,0x0000002e,0x00001efc,0x00001eff,0x00001f01,0x00050094,0x00000006,0x00001f04,
0x00001f02,0x000001bf,0x00060050,0x00000015,0x00001f06,0x00001f04,0x00001f04,0x00001f04,
0x00060041,0x00000108,0x00001f08,0x00000105,0x000001b0,0x00000180,0x0004003d,0x00000006,
0x00001f09,0x00001f08,0x0008000c,0x00000006,0x00001f0a,0x00000001,0x0000002b,0x00001f09,
0x000000dc,0x000001c6,0x00060050,0x00000015,0x00001f0b,0x00001f0a,0x00001f0a,0x00001f0a,
0x0008000c,0x00000015,0x00001f0c,0x00000001,0x0000002e,0x00001f06,0x00001f02,0x00001f0b,
0x00060041,0x00000108,0x00001f0e,0x00000105,0x00000198,0x00000180,0x0004003d,0x00000006,
0x00001f0f,0x00001f0e,0x0005008e,0x00000015,0x00001f10,0x00001f0c,0x00001f0f,0x000200f9,
0x00001f12,0x000200f8,0x00001f12,0x000700f5,0x00000015,0x000023ee,0x00001eeb,0x00001f5a,
0x00001f10,0x00001ef8,0x0005008e,0x00000015,0x00000d9f,0x000023ee,0x000023fc,0x000300f7,
0x00000da2,0x00000000,0x000400fa,0x00001617,0x00000da1,0x00000da2,0x000200f8,0x00000da1,
0x00050082,0x00000057,0x00001f81,0x00001616,0x00000107,0x00050084,0x00000057,0x00001f82,
0x00001f81,0x0000058a,0x00050080,0x00000057,0x00001f84,0x00001f82,0x00000da3,0x00060041,
0x0000058e,0x00001f85,0x00000585,0x00000164,0x00001f84,0x0004003d,0x0000006d,0x00001f86,
0x00001f85,0x00050051,0x00000006,0x00000da6,0x00001f86,0x00000000,0x000500ba,0x00000051,
0x00000da7,0x00000da6,0x00000183,0x000200f9,0x00000da2,0x000200f8,0x00000da2,0x000700f5,
0x00000051,0x00000da8,0x00001617,0x00001f12,0x00000da7,0x00000da1,0x000300f7,0x00000daa,
0x00000000,0x000400fa,0x00000da8,0x00000da9,0x00000daa,0x000200f8,0x00000da9,0x00050082,
0x00000057,0x00001f8c,0x00001616,0x00000107,0x00050084,0x00000057,0x00001f8d,0x00001f8c,
0x0000058a,0x00050080,0x00000057,0x00001f8f,0x00001f8d,0x00000da3,0x00060041,0x0000058e,
0x00001f90,0x00000585,0x00000164,0x00001f8f,0x0004003d,0x0000006d,0x00001f91,0x00001f90,
0x00050080,0x00000057,0x00001f9a,0x00001f8d,0x00000535,0x00060041,0x0000058e,0x00001f9b,
0x00000585,0x00000164,0x00001f9a,0x0004003d,0x0000006d,0x00001f9c,0x00001f9b,0x00050051,
0x00000006,0x00000db2,0x00001f91,0x00000001,0x00050081,0x00000006,0x00000db3,0x00000db2,
0x00000183,0x0004006d,0x00000057,0x00000db4,0x00000db3,0x00050041,0x000001fa,0x00000db5,
0x00000add,0x00000db4,0x0004003d,0x000001f9,0x00000db6,0x00000db5,0x0004003d,0x00000021,
0x00000db7,0x000006b9,0x0007004f,0x00000021,0x00000db9,0x00001f9c,0x00001f9c,0x00000000,
0x00000001,0x0007004f,0x00000021,0x00000dbc,0x00001f9c,0x00001f9c,0x00000002,0x00000003,
0x0008000c,0x00000021,0x00000dbd,0x00000001,0x00000032,0x00000db7,0x00000db9,0x00000dbc,
0x00050057,0x0000006d,0x00000dbe,0x00000db6,0x00000dbd,0x0008004f,0x00000015,0x00000dbf,
0x00000dbe,0x00000dbe,0x00000000,0x00000001,0x00000002,0x0007000c,0x00000015,0x00000dc0,
0x00000001,0x00000028,0x00000dbf,0x00000162,0x00050051,0x00000006,0x00000dc2,0x00001f91,
0x00000002,0x0005008e,0x00000015,0x00000dc3,0x00000dc0,0x00000dc2,0x0005008e,0x00000015,
0x00000dc5,0x00000dc3,0x00000dc4,0x000200f9,0x00000daa,0x000200f8,0x00000daa,0x000700f5,
0x00000015,0x00002439,0x00000d9f,0x00000da2,0x00000dc5,0x00000da9,0x00050083,0x00000006,
0x00000dc7,0x000000e1,0x00000c01,0x0005008e,0x00000015,0x00000dca,0x00000d33,0x00000dc7,
0x0008000c,0x00000015,0x00000dce,0x00000001,0x00000032,0x00000dca,0x00002439,0x00002441,
0x00060041,0x00000108,0x00000dd0,0x00000105,0x00000187,0x00000180,0x0004003d,0x00000006,
0x00000dd1,0x00000dd0,0x000500ba,0x00000051,0x00000dd2,0x00000dd1,0x00000183,0x000300f7,
0x00000dd5,0x00000000,0x000400fa,0x00000dd2,0x00000dd4,0x00000ddc,0x000200f8,0x00000dd4,
0x00060041,0x00000108,0x00000dd9,0x00000105,0x00000187,0x00000107,0x0004003d,0x00000006,
0x00000dda,0x00000dd9,0x000300f7,0x00001fbc,0x00000000,0x000300fb,0x00000111,0x00001fa3,
0x000200f8,0x00001fa3,0x000500bc,0x00000051,0x00001fa5,0x00000dda,0x000000dc,0x000300f7,
0x00001fa7,0x00000000,0x000400fa,0x00001fa5,0x00001fa6,0x00001fa7,0x000200f8,0x00001fa6,
0x000200f9,0x00001fbc,0x000200f8,0x00001fa7,0x00060041,0x00000108,0x00001fa8,0x00000105,
0x000006d8,0x00000116,0x0004003d,0x00000006,0x00001fa9,0x00001fa8,0x0008000c,0x00000006,
0x00001faa,0x00000001,0x0000002b,0x00001fa9,0x000000dc,0x00000183,0x000500bc,0x00000051,
0x00001fac,0x00001faa,0x000000dc,0x000300f7,0x00001fb2,0x00000000,0x000400fa,0x00001fac,
0x00001fad,0x00001fb2,0x000200f8,0x00001fad,0x000500bc,0x00000051,0x00001fb0,0x00000b8f,
0x00000dda,0x000600a9,0x00000006,0x00001fb1,0x00001fb0,0x000000e1,0x000000dc,0x000200f9,
0x00001fbc,0x000200f8,0x00001fb2,0x00050083,0x00000006,0x00001fb5,0x000000e1,0x00001faa,
0x00050085,0x00000006,0x00001fb6,0x00000dda,0x00001fb5,0x0008000c,0x00000006,0x00001fb9,
0x00000001,0x00000031,0x00001fb6,0x00000dda,0x00000b8f,0x00050083,0x00000006,0x00001fba,
0x000000e1,0x00001fb9,0x000200f9,0x00001fbc,0x000200f8,0x00001fbc,0x000900f5,0x00000006,
0x00002443,0x000000e1,0x00001fa6,0x00001fb1,0x00001fad,0x00001fba,0x00001fb2,0x000200f9,
0x00000dd5,0x000200f8,0x00000ddc,0x000200f9,0x00000dd5,0x000200f8,0x00000dd5,0x000700f5,
0x00000006,0x00002444,0x00002443,0x00001fbc,0x000000dc,0x00000ddc,0x000500ab,0x00000051,
0x00000ddf,0x00000a75,0x00000116,0x000500ba,0x00000051,0x00000de1,0x00000d3a,0x000000dc,
0x000500a7,0x00000051,0x00000de2,0x00000ddf,0x00000de1,0x000600a9,0x00000051,0x00002505,
0x00000de2,0x00000dd2,0x00000de2,0x000300f7,0x00000dea,0x00000000,0x000400fa,0x00002505,
0x00000de9,0x00000dea,0x000200f8,0x00000de9,0x0004007f,0x00000015,0x00000ded,0x00002350,
0x0007000c,0x00000015,0x00000def,0x00000001,0x00000047,0x00000ded,0x00002352,0x00060041,
0x00000108,0x00000df1,0x00000105,0x00000106,0x00000116,0x0004003d,0x00000006,0x00000df2,
0x00000df1,0x00050085,0x00000006,0x00000df6,0x00000bf9,0x00000df2,0x0008000c,0x00000006,
0x00000df8,0x00000001,0x0000002e,0x00000df2,0x00000df6,0x00002444,0x000300f7,0x00002018,
0x00000000,0x000300fb,0x00000111,0x00001fd4,0x000200f8,0x00001fd4,0x000400a8,0x00000051,
0x00001fd5,0x000001ea,0x000300f7,0x00001fdd,0x00000000,0x000400fa,0x00001fd5,0x00001fd6,
0x00001fdd,0x000200f8,0x00001fd6,0x000300f7,0x00001fdb,0x00000000,0x000400fa,0x000001ee,
0x00001fd7,0x00001fdb,0x000200f8,0x00001fd7,0x00060041,0x00000108,0x00001fd8,0x00000105,
0x00000106,0x00000180,0x0004003d,0x00000006,0x00001fd9,0x00001fd8,0x000500b8,0x00000051,
0x00001fda,0x00001fd9,0x00000183,0x000200f9,0x00001fdb,0x000200f8,0x00001fdb,0x000700f5,
0x00000051,0x00001fdc,0x000001ee,0x00001fd6,0x00001fda,0x00001fd7,0x000200f9,0x00001fdd,
0x000200f8,0x00001fdd,0x000700f5,0x00000051,0x00001fde,0x000001ea,0x00001fd4,0x00001fdc,
0x00001fdb,0x000300f7,0x00001fea,0x00000000,0x000400fa,0x00001fde,0x00001fdf,0x00001fea,
0x000200f8,0x00001fdf,0x0004003d,0x000001f9,0x00001fe0,0x000001fb,0x00050051,0x00000006,
0x0000201e,0x00000def,0x00000002,0x00050051,0x00000006,0x00002020,0x00000def,0x00000000,
0x0007000c,0x00000006,0x00002021,0x00000001,0x00000019,0x0000201e,0x00002020,0x00060041,
0x00000108,0x00002022,0x00000105,0x00000106,0x00000107,0x0004003d,0x00000006,0x00002023,
0x00002022,0x00050081,0x00000006,0x00002024,0x00002021,0x00002023,0x0008000c,0x00000006,
0x00002027,0x00000001,0x00000032,0x00002024,0x000024f8,0x00000183,0x0006000c,0x00000006,
0x00002028,0x00000001,0x0000000a,0x00002027,0x00050051,0x00000006,0x0000202a,0x00000def,
0x00000001,0x0008000c,0x00000006,0x0000202b,0x00000001,0x0000002b,0x0000202a,0x000001e2,
0x000000e1,0x0006000c,0x00000006,0x0000202c,0x00000001,0x00000011,0x0000202b,0x00050085,
0x00000006,0x0000202d,0x0000202c,0x00000dc4,0x00050050,0x00000021,0x0000202e,0x00002028,
0x0000202d,0x0008000c,0x00000006,0x00001fe6,0x00000001,0x0000002b,0x00000df8,0x000000dc,
0x00000df2,0x00070058,0x0000006d,0x00001fe7,0x00001fe0,0x0000202e,0x00000002,0x00001fe6,
0x0008004f,0x00000015,0x00001fe8,0x00001fe7,0x00001fe7,0x00000000,0x00000001,0x00000002,
0x000200f9,0x00002018,0x000200f8,0x00001fea,0x00060041,0x00000108,0x00002033,0x00000105,
0x00000106,0x00000107,0x0004003d,0x00000006,0x00002034,0x00002033,0x0006000c,0x00000006,
0x00002035,0x00000001,0x0000000e,0x00002034,0x0006000c,0x00000006,0x00002038,0x00000001,
0x0000000d,0x00002034,0x00050051,0x00000006,0x0000203b,0x00000def,0x00000000,0x00050051,
0x00000006,0x0000203f,0x00000def,0x00000002,0x00050085,0x00000006,0x00002040,0x00002038,
0x0000203f,0x0004007f,0x00000006,0x000024f7,0x00002040,0x0008000c,0x00000006,0x00002041,
0x00000001,0x00000032,0x00002035,0x0000203b,0x000024f7,0x00050051,0x00000006,0x00002043,
0x00000def,0x00000001,0x00050085,0x00000006,0x0000204b,0x00002035,0x0000203f,0x0008000c,
0x00000006,0x0000204c,0x00000001,0x00000032,0x00002038,0x0000203b,0x0000204b,0x00060050,
0x00000015,0x0000204d,0x00002041,0x00002043,0x0000204c,0x0007004f,0x00000021,0x00001fee,
0x0000204d,0x0000204d,0x00000000,0x00000002,0x0006000c,0x00000006,0x00001ff1,0x00000001,
0x00000004,0x00002041,0x0006000c,0x00000006,0x00001ff4,0x00000001,0x00000004,0x00002043,
0x00050081,0x00000006,0x00001ff5,0x00001ff1,0x00001ff4,0x0006000c,0x00000006,0x00001ff8,
0x00000001,0x00000004,0x0000204c,0x00050081,0x00000006,0x00001ff9,0x00001ff5,0x00001ff8,
0x0007000c,0x00000006,0x00001ffa,0x00000001,0x00000028,0x00001ff9,0x0000021a,0x00050050,
0x00000021,0x00001ffb,0x00001ffa,0x00001ffa,0x00050088,0x00000021,0x00001ffc,0x00001fee,
0x00001ffb,0x000500b8,0x00000051,0x00001fff,0x00002043,0x000000dc,0x000300f7,0x0000200a,
0x00000000,0x000400fa,0x00001fff,0x00002000,0x0000200a,0x000200f8,0x00002000,0x0007004f,
0x00000021,0x00002002,0x00001ffc,0x00001ffc,0x00000001,0x00000000,0x0006000c,0x00000021,
0x00002003,0x00000001,0x00000004,0x00002002,0x00050083,0x00000021,0x00002005,0x00000229,
0x00002003,0x000500be,0x0000022c,0x00002007,0x00001ffc,0x0000022b,0x000600a9,0x00000021,
0x00002008,0x00002007,0x00000229,0x00000228,0x00050085,0x00000021,0x00002009,0x00002005,
0x00002008,0x000200f9,0x0000200a,0x000200f8,0x0000200a,0x000700f5,0x00000021,0x00002451,
0x00001ffc,0x00001fea,0x00002009,0x00002000,0x0005008e,0x00000021,0x0000200c,0x00002451,
0x00000183,0x00050081,0x00000021,0x0000200e,0x0000200c,0x0000055e,0x0004003d,0x000001f9,
0x0000200f,0x00000235,0x0008000c,0x00000006,0x00002014,0x00000001,0x0000002b,0x00000df8,
0x000000dc,0x00000df2,0x00070058,0x0000006d,0x00002015,0x0000200f,0x0000200e,0x00000002,
0x00002014,0x0008004f,0x00000015,0x00002016,0x00002015,0x00002015,0x00000000,0x00000001,
0x00000002,0x000200f9,0x00002018,0x000200f8,0x00002018,0x000700f5,0x00000015,0x00002452,
0x00001fe8,0x00001fdf,0x00002016,0x0000200a,0x00060041,0x00000108,0x00001fc6,0x00000105,
0x00000247,0x00000180,0x0004003d,0x00000006,0x00001fc7,0x00001fc6,0x0005008e,0x00000015,
0x00001fc8,0x00002452,0x00001fc7,0x00060041,0x00000108,0x00002052,0x00000105,0x00000106,
0x00000180,0x0004003d,0x00000006,0x00002053,0x00002052,0x000500ba,0x00000051,0x00002054,
0x00002053,0x00000251,0x000300f7,0x00002064,0x00000000,0x000400fa,0x00002054,0x00002055,
0x0000205e,0x000200f8,0x00002055,0x0004003d,0x000001f9,0x00002056,0x00000256,0x0008000c,
0x00000006,0x00002058,0x00000001,0x0000002b,0x00000d99,0x000000dc,0x000000e1,0x0008000c,
0x00000006,0x0000205a,0x00000001,0x0000002b,0x00000bf9,0x000000dc,0x000000e1,0x00050050,
0x00000021,0x0000205b,0x00002058,0x0000205a,0x00050057,0x0000006d,0x0000205c,0x00002056,
0x0000205b,0x0007004f,0x00000021,0x0000205d,0x0000205c,0x0000205c,0x00000000,0x00000001,
0x000200f9,0x00002064,0x000200f8,0x0000205e,0x00050083,0x00000006,0x00002060,0x000000e1,
0x00000bf9,0x0008000c,0x00000006,0x00002062,0x00000001,0x00000032,0x00000261,0x00002060,
0x00000260,0x00050050,0x00000021,0x00002063,0x00002062,0x000000dc,0x000200f9,0x00002064,
0x000200f8,0x00002064,0x000700f5,0x00000021,0x00002453,0x0000205d,0x00002055,0x00002063,
0x0000205e,0x000300f7,0x00000e0b,0x00000000,0x000400fa,0x00002054,0x00000e0a,0x00000e16,
0x000200f8,0x00000e0a,0x00050051,0x00000006,0x00000e0e,0x00002453,0x00000000,0x0005008e,
0x00000015,0x00000e0f,0x00000d36,0x00000e0e,0x00050051,0x00000006,0x00000e12,0x00002453,
0x00000001,0x00050085,0x00000006,0x00000e13,0x00000d3a,0x00000e12,0x00060050,0x00000015,
0x00000e14,0x00000e13,0x00000e13,0x00000e13,0x00050081,0x00000015,0x00000e15,0x00000e0f,
0x00000e14,0x000200f9,0x00000e0b,0x000200f8,0x00000e16,0x00060050,0x00000015,0x0000206c,
0x00000d3a,0x00000d3a,0x00000d3a,0x00050083,0x00000015,0x0000206e,0x0000206c,0x00000d36,
0x0008000c,0x00000006,0x00002070,0x00000001,0x0000002b,0x00000d99,0x000000dc,0x000000e1,
0x00050083,0x00000006,0x00002071,0x000000e1,0x00002070,0x00050085,0x00000006,0x0000207a,
0x00002071,0x00002071,0x00050085,0x00000006,0x0000207d,0x0000207a,0x0000207a,0x00050085,
0x00000006,0x0000207f,0x0000207d,0x00002071,0x0005008e,0x00000015,0x00002073,0x0000206e,
0x0000207f,0x00050081,0x00000015,0x00002074,0x00000d36,0x00002073,0x00050051,0x00000006,
0x00000e1f,0x00002453,0x00000000,0x0005008e,0x00000015,0x00000e20,0x00002074,0x00000e1f,
0x000200f9,0x00000e0b,0x000200f8,0x00000e0b,0x000700f5,0x00000015,0x00002454,0x00000e15,
0x00000e0a,0x00000e20,0x00000e16,0x00050085,0x00000015,0x00000e24,0x00001fc8,0x00002454,
0x0005008e,0x00000015,0x00000e26,0x00000e24,0x000023fc,0x00050081,0x00000015,0x00000e28,
0x00000dce,0x00000e26,0x000200f9,0x00000dea,0x000200f8,0x00000dea,0x000700f5,0x00000015,
0x00002472,0x00000dce,0x00000dd5,0x00000e28,0x00000e0b,0x00060041,0x00000108,0x00000e2d,
0x00000105,0x000006d8,0x00000107,0x0004003d,0x00000006,0x00000e2e,0x00000e2d,0x000300f7,
0x0000209f,0x00000000,0x000300fb,0x00000111,0x00002086,0x000200f8,0x00002086,0x000500bc,
0x00000051,0x00002088,0x00000e2e,0x000000dc,0x000300f7,0x0000208a,0x00000000,0x000400fa,
0x00002088,0x00002089,0x0000208a,0x000200f8,0x00002089,0x000200f9,0x0000209f,0x000200f8,
0x0000208a,0x00060041,0x00000108,0x0000208b,0x00000105,0x000006d8,0x00000116,0x0004003d,
0x00000006,0x0000208c,0x0000208b,0x0008000c,0x00000006,0x0000208d,0x00000001,0x0000002b,
0x0000208c,0x000000dc,0x00000183,0x000500bc,0x00000051,0x0000208f,0x0000208d,0x000000dc,
0x000300f7,0x00002095,0x00000000,0x000400fa,0x0000208f,0x00002090,0x00002095,0x000200f8,
0x00002090,0x000500bc,0x00000051,0x00002093,0x00000b8f,0x00000e2e,0x000600a9,0x00000006,
0x00002094,0x00002093,0x000000e1,0x000000dc,0x000200f9,0x0000209f,0x000200f8,0x00002095,
0x00050083,0x00000006,0x00002098,0x000000e1,0x0000208d,0x00050085,0x00000006,0x00002099,
0x00000e2e,0x00002098,0x0008000c,0x00000006,0x0000209c,0x00000001,0x00000031,0x00002099,
0x00000e2e,0x00000b8f,0x00050083,0x00000006,0x0000209d,0x000000e1,0x0000209c,0x000200f9,
0x0000209f,0x000200f8,0x0000209f,0x000900f5,0x00000006,0x00002469,0x000000e1,0x00002089,
0x00002094,0x00002090,0x0000209d,0x00002095,0x000500c7,0x00000057,0x000020a8,0x00001574,
0x000000f7,0x000500ab,0x00000051,0x000020a9,0x000020a8,0x00000111,0x000500ba,0x00000051,
0x00000e35,0x00002469,0x000000dc,0x000500a7,0x00000051,0x00000e36,0x000020a9,0x00000e35,
0x000300f7,0x00000e38,0x00000000,0x000400fa,0x00000e36,0x00000e37,0x00000e38,0x000200f8,
0x00000e37,0x00060041,0x0000057b,0x00000e39,0x0000057a,0x00000814,0x00000180,0x0004003d,
0x00000057,0x00000e3a,0x00000e39,0x00050041,0x000001fa,0x00000e3b,0x00000add,0x00000e3a,
0x0004003d,0x000001f9,0x00000e3c,0x00000e3b,0x000500c2,0x00000057,0x000020b6,0x00000c71,
0x000024e8,0x000500c7,0x00000057,0x000020b7,0x000020b6,0x00000180,0x000500aa,0x00000051,
0x000020b9,0x000020b7,0x00000116,0x000300f7,0x000020c5,0x00000000,0x000400fa,0x000020b9,
0x000020ba,0x000020be,0x000200f8,0x000020ba,0x000300f7,0x00002104,0x00000000,0x000300fb,
0x00000111,0x000020ce,0x000200f8,0x000020ce,0x0006000c,0x00000015,0x000020d0,0x00000001,
0x00000004,0x00000c55,0x00050051,0x00000006,0x000020d2,0x000020d0,0x00000000,0x00050051,
0x00000006,0x000020d4,0x000020d0,0x00000001,0x000500be,0x00000051,0x000020d5,0x000020d2,
0x000020d4,0x000300f7,0x000020dc,0x00000000,0x000400fa,0x000020d5,0x000020d6,0x000020dc,
0x000200f8,0x000020d6,0x00050051,0x00000006,0x000020da,0x000020d0,0x00000002,0x000500be,
0x00000051,0x000020db,0x000020d2,0x000020da,0x000200f9,0x000020dc,0x000200f8,0x000020dc,
0x000700f5,0x00000051,0x000020dd,0x000020d5,0x000020ce,0x000020db,0x000020d6,0x000300f7,
0x000020e9,0x00000000,0x000400fa,0x000020dd,0x000020de,0x000020e9,0x000200f8,0x000020de,
0x00050051,0x00000006,0x000020e0,0x00000c55,0x00000000,0x0006000c,0x00000006,0x000020e1,
0x00000001,0x00000006,0x000020e0,0x0004007f,0x00000006,0x000020e2,0x000020e1,0x00050051,
0x00000006,0x000020e4,0x00000b8d,0x00000002,0x00050085,0x00000006,0x000020e5,0x000020e2,
0x000020e4,0x00050051,0x00000006,0x000020e7,0x00000b8d,0x00000001,0x00050050,0x00000021,
0x000020e8,0x000020e5,0x000020e7,0x000200f9,0x00002104,0x000200f8,0x000020e9,0x00050051,
0x00000006,0x000020ed,0x000020d0,0x00000002,0x000500be,0x00000051,0x000020ee,0x000020d4,
0x000020ed,0x000300f7,0x000020fa,0x00000000,0x000400fa,0x000020ee,0x000020ef,0x000020fa,
0x000200f8,0x000020ef,0x00050051,0x00000006,0x000020f1,0x00000b8d,0x00000000,0x00050051,
0x00000006,0x000020f3,0x00000c55,0x00000001,0x0006000c,0x00000006,0x000020f4,0x00000001,
0x00000006,0x000020f3,0x0004007f,0x00000006,0x000020f5,0x000020f4,0x00050051,0x00000006,
0x000020f7,0x00000b8d,0x00000002,0x00050085,0x00000006,0x000020f8,0x000020f5,0x000020f7,
0x00050050,0x00000021,0x000020f9,0x000020f1,0x000020f8,0x000200f9,0x00002104,0x000200f8,
0x000020fa,0x00050051,0x00000006,0x000020fc,0x00000c55,0x00000002,0x0006000c,0x00000006,
0x000020fd,0x00000001,0x00000006,0x000020fc,0x00050051,0x00000006,0x000020ff,0x00000b8d,
0x00000000,0x00050085,0x00000006,0x00002100,0x000020fd,0x000020ff,0x00050051,0x00000006,
0x00002102,0x00000b8d,0x00000001,0x00050050,0x00000021,0x00002103,0x00002100,0x00002102,
0x000200f9,0x00002104,0x000200f8,0x00002104,0x000900f5,0x00000021,0x0000246a,0x000020e8,
0x000020de,0x000020f9,0x000020ef,0x00002103,0x000020fa,0x000200f9,0x000020c5,0x000200f8,
0x000020be,0x000500aa,0x00000051,0x000020c0,0x000020b7,0x00000107,0x0004003d,0x00000021,
0x000020c1,0x000006b9,0x00050050,0x0000022c,0x000020c3,0x000020c0,0x000020c0,0x000600a9,
0x00000021,0x000020c4,0x000020c3,0x000020c1,0x00000ab4,0x000200f9,0x000020c5,0x000200f8,
0x000020c5,0x000700f5,0x00000021,0x0000246b,0x0000246a,0x00002104,0x000020c4,0x000020be,
0x000300f7,0x00002125,0x00000000,0x000300fb,0x00000111,0x0000210d,0x000200f8,0x0000210d,
0x000400a8,0x00000051,0x0000210f,0x00001617,0x000300f7,0x00002112,0x00000000,0x000400fa,
0x0000210f,0x00002110,0x00002112,0x000200f8,0x00002110,0x000200f9,0x00002125,0x000200f8,
0x00002112,0x00050051,0x00000006,0x00002114,0x0000246b,0x00000000,0x00050051,0x00000006,
0x00002115,0x0000246b,0x00000001,0x00060050,0x00000015,0x00002116,0x00002114,0x00002115,
0x000000e1,0x00050082,0x00000057,0x00002132,0x00001616,0x00000107,0x00050084,0x00000057,
0x00002133,0x00002132,0x0000058a,0x00050080,0x00000057,0x00002135,0x00002133,0x000024e8,
0x00060041,0x0000058e,0x00002136,0x00000585,0x00000164,0x00002135,0x0004003d,0x0000006d,
0x00002137,0x00002136,0x0008004f,0x00000015,0x0000211a,0x00002137,0x00002137,0x00000000,
0x00000001,0x00000002,0x00050094,0x00000006,0x0000211c,0x0000211a,0x00002116,0x00050080,
0x00000057,0x00002140,0x00002133,0x000024e9,0x00060041,0x0000058e,0x00002141,0x00000585,
0x00000164,0x00002140,0x0004003d,0x0000006d,0x00002142,0x00002141,0x0008004f,0x00000015,
0x00002121,0x00002142,0x00002142,0x00000000,0x00000001,0x00000002,0x00050094,0x00000006,
0x00002123,0x00002121,0x00002116,0x00050050,0x00000021,0x00002124,0x0000211c,0x00002123,
0x000200f9,0x00002125,0x000200f8,0x00002125,0x000700f5,0x00000021,0x0000246c,0x0000246b,
0x00002110,0x00002124,0x00002112,0x00050057,0x0000006d,0x00000e3f,0x00000e3c,0x0000246c,
0x0008004f,0x00000015,0x00000e40,0x00000e3f,0x00000e3f,0x00000000,0x00000001,0x00000002,
0x00050041,0x0000098b,0x00000e41,0x0000057a,0x000004f4,0x0004003d,0x0000006d,0x00000e42,
0x00000e41,0x0008004f,0x00000015,0x00000e43,0x00000e42,0x00000e42,0x00000000,0x00000001,
0x00000002,0x00050085,0x00000015,0x00000e44,0x00000e40,0x00000e43,0x00060041,0x00000bf4,
0x00000e45,0x0000057a,0x000004f4,0x00000180,0x0004003d,0x00000006,0x00000e46,0x00000e45,
0x0005008e,0x00000015,0x00000e47,0x00000e44,0x00000e46,0x0005008e,0x00000015,0x00000e49,
0x00000e47,0x00002469,0x00050081,0x00000015,0x00000e4b,0x00002472,0x00000e49,0x000200f9,
0x00000e38,0x000200f8,0x00000e38,0x000700f5,0x00000015,0x00002474,0x00002472,0x0000209f,
0x00000e4b,0x00002125,0x000300f7,0x00000e4e,0x00000000,0x000400fa,0x00001617,0x00000e4d,
0x00000e4e,0x000200f8,0x00000e4d,0x00050082,0x00000057,0x00002148,0x00001616,0x00000107,
0x00050084,0x00000057,0x00002149,0x00002148,0x0000058a,0x00050080,0x00000057,0x0000214b,
0x00002149,0x00000e50,0x00060041,0x0000058e,0x0000214c,0x00000585,0x00000164,0x0000214b,
0x0004003d,0x0000006d,0x0000214d,0x0000214c,0x00050051,0x00000006,0x00000e53,0x0000214d,
0x00000000,0x00050081,0x00000006,0x00000e54,0x00000e53,0x00000183,0x0004006d,0x00000057,
0x00000e55,0x00000e54,0x000500ab,0x00000051,0x00000e57,0x00000e55,0x00000111,0x000300f7,
0x00000e59,0x00000000,0x000400fa,0x00000e57,0x00000e58,0x00000e59,0x000200f8,0x00000e58,
0x000500aa,0x00000051,0x00000e5c,0x00000e55,0x00000107,0x000300f7,0x00000e5f,0x00000000,
0x000400fa,0x00000e5c,0x00000e5e,0x00000e62,0x000200f8,0x00000e5e,0x00060050,0x00000015,
0x00000e61,0x000023fc,0x000023fc,0x000023fc,0x000200f9,0x00000e5f,0x000200f8,0x00000e62,
0x000500aa,0x00000051,0x00000e64,0x00000e55,0x00000116,0x000300f7,0x00000e67,0x00000000,
0x000400fa,0x00000e64,0x00000e66,0x00000e6a,0x000200f8,0x00000e66,0x00060050,0x00000015,
0x00000e69,0x00000bf9,0x00000bf9,0x00000bf9,0x000200f9,0x00000e67,0x000200f8,0x00000e6a,
0x000500aa,0x00000051,0x00000e6c,0x00000e55,0x00000180,0x000300f7,0x00000e6f,0x00000000,
0x000400fa,0x00000e6c,0x00000e6e,0x00000e72,0x000200f8,0x00000e6e,0x00060050,0x00000015,
0x00000e71,0x00000c01,0x00000c01,0x00000c01,0x000200f9,0x00000e6f,0x000200f8,0x00000e72,
0x000500aa,0x00000051,0x00000e74,0x00000e55,0x000000f5,0x000300f7,0x00000e77,0x00000000,
0x000400fa,0x00000e74,0x00000e76,0x00000e7b,0x000200f8,0x00000e76,0x00050051,0x00000006,
0x00000e79,0x00000b2c,0x00000003,0x00060050,0x00000015,0x00000e7a,0x00000e79,0x00000e79,
0x00000e79,0x000200f9,0x00000e77,0x000200f8,0x00000e7b,0x0005008e,0x00000015,0x00000e7d,
0x00002352,0x00000183,0x00050081,0x00000015,0x00000e7f,0x00000e7d,0x000024ea,0x000200f9,
0x00000e77,0x000200f8,0x00000e77,0x000700f5,0x00000015,0x00002486,0x00000e7a,0x00000e76,
0x00000e7f,0x00000e7b,0x000200f9,0x00000e6f,0x000200f8,0x00000e6f,0x000700f5,0x00000015,
0x00002487,0x00000e71,0x00000e6e,0x00002486,0x00000e77,0x000200f9,0x00000e67,0x000200f8,
0x00000e67,0x000700f5,0x00000015,0x00002488,0x00000e69,0x00000e66,0x00002487,0x00000e6f,
0x000200f9,0x00000e5f,0x000200f8,0x00000e5f,0x000700f5,0x00000015,0x00002490,0x00000e61,
0x00000e5e,0x00002488,0x00000e67,0x000500c7,0x00000057,0x00000e86,0x00001615,0x00000107,
0x000500ab,0x00000051,0x00000e87,0x00000e86,0x00000111,0x000300f7,0x00000e89,0x00000000,
0x000400fa,0x00000e87,0x00000e88,0x00000e89,0x000200f8,0x00000e88,0x0005008e,0x00000015,
0x00000e8b,0x00002490,0x00000a99,0x0007000c,0x00000015,0x00000e8d,0x00000001,0x0000001a,
0x00002490,0x00000a9f,0x0005008e,0x00000015,0x00000e8e,0x00000e8d,0x00000a9c,0x00050083,
0x00000015,0x00000e90,0x00000e8e,0x000024df,0x000500ba,0x00000aa8,0x00000e92,0x00002490,
0x00000aa7,0x000600a9,0x00000015,0x00000e93,0x00000e92,0x00000e90,0x00000e8b,0x000200f9,
0x00000e89,0x000200f8,0x00000e89,0x000700f5,0x00000015,0x00002491,0x00002490,0x00000e5f,
0x00000e93,0x00000e88,0x00050051,0x00000006,0x00000e95,0x00002491,0x00000000,0x00050051,
0x00000006,0x00000e96,0x00002491,0x00000001,0x00050051,0x00000006,0x00000e97,0x00002491,
0x00000002,0x00070050,0x0000006d,0x00000e98,0x00000e95,0x00000e96,0x00000e97,0x000000e1,
0x0003003e,0x00000aac,0x00000e98,0x000200f9,0x00000ec5,0x000200f8,0x00000e59,0x000200f9,
0x00000e4e,0x000200f8,0x00000e4e,0x000300f7,0x00002169,0x00000000,0x000300fb,0x00000111,
0x00002154,0x000200f8,0x00002154,0x00060041,0x00000108,0x00002155,0x00000105,0x000002fa,
0x00000116,0x0004003d,0x00000006,0x00002156,0x00002155,0x000500ba,0x00000051,0x00002157,
0x00002156,0x00000183,0x000300f7,0x0000215b,0x00000000,0x000400fa,0x00002157,0x00002158,
0x0000215b,0x000200f8,0x00002158,0x0007000c,0x00000015,0x0000215a,0x00000001,0x00000028,
0x00002474,0x00000162,0x000200f9,0x00002169,0x000200f8,0x0000215b,0x00060041,0x00000108,
0x0000215d,0x00000105,0x00000106,0x00000111,0x0004003d,0x00000006,0x0000215e,0x0000215d,
0x0005008e,0x00000015,0x0000215f,0x00002474,0x0000215e,0x00060041,0x00000108,0x00002160,
0x00000105,0x000002fa,0x00000111,0x0004003d,0x00000006,0x00002161,0x00002160,0x0006000c,
0x00000006,0x00002162,0x00000001,0x0000001d,0x00002161,0x0005008e,0x00000015,0x00002163,
0x0000215f,0x00002162,0x0007000c,0x00000015,0x00002164,0x00000001,0x00000028,0x00002163,
0x00000162,0x00060041,0x00000108,0x00002166,0x00000105,0x000002fa,0x00000107,0x0004003d,
0x00000006,0x00002167,0x00002166,0x000300f7,0x00002194,0x00000000,0x000300fb,0x00000111,
0x00002170,0x000200f8,0x00002170,0x0007000c,0x00000015,0x00002172,0x00000001,0x00000028,
0x00002164,0x00000162,0x000500b8,0x00000051,0x00002174,0x00002167,0x00000183,0x000300f7,
0x0000217a,0x00000000,0x000400fa,0x00002174,0x00002175,0x0000217a,0x000200f8,0x00002175,
0x00050081,0x00000015,0x00002178,0x000002d3,0x00002172,0x00050088,0x00000015,0x00002179,
0x00002172,0x00002178,0x000200f9,0x00002194,0x000200f8,0x0000217a,0x000500b8,0x00000051,
0x0000217c,0x00002167,0x00000251,0x000300f7,0x00002190,0x00000000,0x000400fa,0x0000217c,
0x0000217d,0x00002190,0x000200f8,0x0000217d,0x0005008e,0x00000015,0x00002180,0x00002172,
0x000002dd,0x00050081,0x00000015,0x00002182,0x00002180,0x000024e0,0x00050085,0x00000015,
0x00002183,0x00002172,0x00002182,0x0005008e,0x00000015,0x00002186,0x00002172,0x000002e5,
0x00050081,0x00000015,0x00002188,0x00002186,0x000024e1,0x0008000c,0x00000015,0x0000218b,
0x00000001,0x00000032,0x00002172,0x00002188,0x000024e2,0x00050088,0x00000015,0x0000218c,
0x00002183,0x0000218b,0x0008000c,0x00000015,0x0000218f,0x00000001,0x0000002b,0x0000218c,
0x00000162,0x000002d3,0x000200f9,0x00002194,0x000200f8,0x00002190,0x0007000c,0x00000015,
0x0000219b,0x00000001,0x00000028,0x00002172,0x000024e3,0x00050091,0x00000015,0x0000219d,
0x000002a3,0x0000219b,0x0006000c,0x00000015,0x0000219f,0x00000001,0x0000001e,0x0000219d,
0x0008000c,0x00000015,0x000021a2,0x00000001,0x0000002b,0x0000219f,0x000024e4,0x000024e5,
0x00050083,0x00000015,0x000021a5,0x000021a2,0x000024e4,0x00050085,0x00000015,0x000021a7,
0x000021a5,0x000024fa,0x00050085,0x00000015,0x000021b5,0x000021a7,0x000021a7,0x00050085,
0x00000015,0x000021b8,0x000021b5,0x000021b5,0x0005008e,0x00000015,0x000021ba,0x000021a7,
0x00000274,0x0005008e,0x00000015,0x000021bc,0x000021b5,0x00000277,0x00050081,0x00000015,
0x000021bd,0x000021ba,0x000021bc,0x0005008e,0x00000015,0x000021bf,0x000021b5,0x0000027b,
0x0004007f,0x00000015,0x000024fb,0x000021bf,0x0008000c,0x00000015,0x000021c2,0x00000001,
0x00000032,0x000024fb,0x000021a7,0x000021bd,0x0005008e,0x00000015,0x000021c4,0x000021b8,
0x00000281,0x00050081,0x00000015,0x000021c5,0x000021c2,0x000021c4,0x0005008e,0x00000015,
0x000021c7,0x000021b8,0x00000285,0x0004007f,0x00000015,0x000024fc,0x000021c7,0x0008000c,
0x00000015,0x000021ca,0x00000001,0x00000032,0x000024fc,0x000021a7,0x000021c5,0x0005008e,
0x00000015,0x000021cc,0x000021b8,0x0000028b,0x0008000c,0x00000015,0x000021cf,0x00000001,
0x00000032,0x000021cc,0x000021b5,0x000021ca,0x0007000c,0x00000015,0x000021ab,0x00000001,
0x0000001a,0x000021cf,0x000002b8,0x00050091,0x00000015,0x000021ad,0x000002c6,0x000021ab,
0x0007000c,0x00000015,0x00002193,0x00000001,0x00000028,0x000021ad,0x00000162,0x000200f9,
0x00002194,0x000200f8,0x00002194,0x000900f5,0x00000015,0x00002475,0x00002179,0x00002175,
0x0000218f,0x0000217d,0x00002193,0x00002190,0x000200f9,0x00002169,0x000200f8,0x00002169,
0x000700f5,0x00000015,0x00002476,0x0000215a,0x00002158,0x00002475,0x00002194,0x000500c7,
0x00000057,0x00000e9f,0x00001615,0x00000107,0x000500ab,0x00000051,0x00000ea0,0x00000e9f,
0x00000111,0x000300f7,0x00000ea2,0x00000000,0x000400fa,0x00000ea0,0x00000ea1,0x00000ea2,
0x000200f8,0x00000ea1,0x0005008e,0x00000015,0x00000ea4,0x00002476,0x00000a99,0x0007000c,
0x00000015,0x00000ea6,0x00000001,0x0000001a,0x00002476,0x00000a9f,0x0005008e,0x00000015,
0x00000ea7,0x00000ea6,0x00000a9c,0x00050083,0x00000015,0x00000ea9,0x00000ea7,0x000024df,
0x000500ba,0x00000aa8,0x00000eab,0x00002476,0x00000aa7,0x000600a9,0x00000015,0x00000eac,
0x00000eab,0x00000ea9,0x00000ea4,0x000200f9,0x00000ea2,0x000200f8,0x00000ea2,0x000700f5,
0x00000015,0x00002477,0x00002476,0x00002169,0x00000eac,0x00000ea1,0x000500c7,0x00000057,
0x00000eaf,0x00000a73,0x00000107,0x000500ab,0x00000051,0x00000eb0,0x00000eaf,0x00000111,
0x000300f7,0x00000eb3,0x00000000,0x000400fa,0x00000eb0,0x00000eb2,0x00000eb6,0x000200f8,
0x00000eb2,0x00050051,0x00000006,0x00000eb5,0x00000b2c,0x00000003,0x000200f9,0x00000eb3,
0x000200f8,0x00000eb6,0x000200f9,0x00000eb3,0x000200f8,0x00000eb3,0x000700f5,0x00000006,
0x00002478,0x00000eb5,0x00000eb2,0x000000e1,0x00000eb6,0x00050051,0x00000006,0x00000eb8,
0x00002477,0x00000000,0x00050051,0x00000006,0x00000eb9,0x00002477,0x00000001,0x00050051,
0x00000006,0x00000eba,0x00002477,0x00000002,0x00070050,0x0000006d,0x00000ebb,0x00000eb8,
0x00000eb9,0x00000eba,0x00002478,0x0003003e,0x00000aac,0x00000ebb,0x000300f7,0x00000ec0,
0x00000000,0x000400fa,0x00000eb0,0x00000ebf,0x00000ec0,0x000200f8,0x00000ebf,0x00050051,
0x00000006,0x00000ec3,0x00000b2c,0x00000003,0x0008000c,0x00000006,0x000021d8,0x00000001,
0x0000002b,0x00000ec3,0x000000dc,0x000000dd,0x0003003e,0x000000da,0x000021d8,0x0008000c,
0x00000006,0x000021da,0x00000001,0x0000002b,0x00000ec3,0x000000dc,0x000000e1,0x0003003e,
0x000000df,0x000021da,0x000200f9,0x00000ec0,0x000200f8,0x00000ec0,0x000200f9,0x00000ec5,
0x000200f8,0x00000ec5,0x000100fd,0x00010038,
};
inline constexpr uint32_t kDirt_Road_Coverage_ShadeFragSpirvSize = sizeof(kDirt_Road_Coverage_ShadeFragSpirv);

} // namespace ae::rhi::shaders
