// GERADO por tools/generate-embedded-shaders.ps1 com glslc -O (NDK pinado).
// Não editar este arquivo manualmente; altere os GLSL e regenere.
#pragma once

#include <cstdint>

namespace ae::rhi::shaders {

inline constexpr uint32_t kWater_SurfaceVertSpirv[] = {
0x07230203,0x00010300,0x000d000a,0x00000b00,0x00000000,0x00020011,0x00000001,0x0006000b,
0x00000001,0x4c534c47,0x6474732e,0x3035342e,0x00000000,0x0003000e,0x00000000,0x00000001,
0x0018000f,0x00000000,0x00000004,0x6e69616d,0x00000000,0x000000fe,0x00000101,0x00000105,
0x0000010a,0x0000010d,0x00000122,0x000001f7,0x000001fa,0x000001fd,0x000003e2,0x000003ec,
0x00000407,0x0000040a,0x0000040c,0x0000040e,0x0000040f,0x00000411,0x00000421,0x00000469,
0x00040047,0x0000002e,0x00000006,0x00000004,0x00040048,0x0000002f,0x00000000,0x00000018,
0x00050048,0x0000002f,0x00000000,0x00000023,0x00000000,0x00030047,0x0000002f,0x00000002,
0x00040047,0x00000031,0x00000022,0x00000001,0x00040047,0x00000031,0x00000021,0x0000000f,
0x00040047,0x00000041,0x00000006,0x00000040,0x00040047,0x00000043,0x00000006,0x00000010,
0x00040047,0x00000044,0x00000006,0x00000010,0x00040047,0x00000045,0x00000006,0x00000010,
0x00040047,0x00000046,0x00000006,0x00000010,0x00050048,0x00000047,0x00000000,0x00000023,
0x00000000,0x00050048,0x00000047,0x00000001,0x00000023,0x00000010,0x00050048,0x00000047,
0x00000002,0x00000023,0x00000020,0x00050048,0x00000047,0x00000003,0x00000023,0x00000030,
0x00050048,0x00000047,0x00000004,0x00000023,0x00000040,0x00050048,0x00000047,0x00000005,
0x00000023,0x00000050,0x00050048,0x00000047,0x00000006,0x00000023,0x00000060,0x00050048,
0x00000047,0x00000007,0x00000023,0x00000070,0x00050048,0x00000047,0x00000008,0x00000023,
0x00000080,0x00050048,0x00000047,0x00000009,0x00000023,0x00000090,0x00050048,0x00000047,
0x0000000a,0x00000023,0x000000a0,0x00050048,0x00000047,0x0000000b,0x00000023,0x000000b0,
0x00040048,0x00000047,0x0000000c,0x00000005,0x00050048,0x00000047,0x0000000c,0x00000023,
0x000000c0,0x00050048,0x00000047,0x0000000c,0x00000007,0x00000010,0x00050048,0x00000047,
0x0000000d,0x00000023,0x000001c0,0x00050048,0x00000047,0x0000000e,0x00000023,0x000001d0,
0x00050048,0x00000047,0x0000000f,0x00000023,0x000001e0,0x00050048,0x00000047,0x00000010,
0x00000023,0x000001f0,0x00050048,0x00000047,0x00000011,0x00000023,0x00000200,0x00050048,
0x00000047,0x00000012,0x00000023,0x00000210,0x00050048,0x00000047,0x00000013,0x00000023,
0x00000220,0x00050048,0x00000047,0x00000014,0x00000023,0x00000230,0x00050048,0x00000047,
0x00000015,0x00000023,0x00000240,0x00050048,0x00000047,0x00000016,0x00000023,0x00000250,
0x00050048,0x00000047,0x00000017,0x00000023,0x00000260,0x00050048,0x00000047,0x00000018,
0x00000023,0x00000270,0x00050048,0x00000047,0x00000019,0x00000023,0x000002f0,0x00050048,
0x00000047,0x0000001a,0x00000023,0x00000370,0x00050048,0x00000047,0x0000001b,0x00000023,
0x00000380,0x00050048,0x00000047,0x0000001c,0x00000023,0x00000400,0x00050048,0x00000047,
0x0000001d,0x00000023,0x00000480,0x00050048,0x00000047,0x0000001e,0x00000023,0x00000490,
0x00030047,0x00000047,0x00000002,0x00040047,0x00000049,0x00000022,0x00000001,0x00040047,
0x00000049,0x00000021,0x00000000,0x00040047,0x000000fe,0x0000001e,0x00000000,0x00040047,
0x00000101,0x0000001e,0x00000001,0x00040047,0x00000105,0x0000001e,0x00000002,0x00040047,
0x0000010a,0x0000001e,0x00000003,0x00040047,0x0000010d,0x0000001e,0x00000004,0x00050048,
0x00000113,0x00000000,0x00000023,0x00000000,0x00050048,0x00000113,0x00000001,0x00000023,
0x00000010,0x00050048,0x00000113,0x00000002,0x00000023,0x00000020,0x00050048,0x00000113,
0x00000003,0x00000023,0x00000030,0x00050048,0x00000113,0x00000004,0x00000023,0x00000040,
0x00050048,0x00000113,0x00000005,0x00000023,0x00000050,0x00050048,0x00000113,0x00000006,
0x00000023,0x00000060,0x00050048,0x00000113,0x00000007,0x00000023,0x00000070,0x00030047,
0x00000113,0x00000002,0x00040047,0x00000122,0x0000001e,0x00000006,0x00040047,0x000001f7,
0x0000001e,0x0000000b,0x00040047,0x000001fa,0x0000001e,0x0000000c,0x00040047,0x000001fd,
0x0000001e,0x0000000d,0x00030047,0x000003e2,0x00000000,0x00040047,0x000003e2,0x0000001e,
0x00000001,0x00030047,0x000003ec,0x00000000,0x00040047,0x000003ec,0x0000001e,0x00000002,
0x00040047,0x00000407,0x0000001e,0x00000000,0x00040047,0x0000040a,0x0000001e,0x00000003,
0x00040047,0x0000040c,0x0000001e,0x00000004,0x00030047,0x0000040e,0x00000000,0x00040047,
0x0000040e,0x0000001e,0x00000005,0x00040047,0x0000040f,0x0000001e,0x00000005,0x00040047,
0x00000411,0x0000001e,0x0000000a,0x00030047,0x00000421,0x00000000,0x00040047,0x00000421,
0x0000001e,0x00000006,0x00050048,0x00000467,0x00000000,0x0000000b,0x00000000,0x00050048,
0x00000467,0x00000001,0x0000000b,0x00000001,0x00050048,0x00000467,0x00000002,0x0000000b,
0x00000003,0x00050048,0x00000467,0x00000003,0x0000000b,0x00000004,0x00030047,0x00000467,
0x00000002,0x00030047,0x00000ab6,0x00000000,0x00030047,0x00000ab5,0x00000000,0x00020013,
0x00000002,0x00030021,0x00000003,0x00000002,0x00040015,0x00000006,0x00000020,0x00000001,
0x00030016,0x00000008,0x00000020,0x00040017,0x0000000f,0x00000008,0x00000002,0x00040020,
0x00000010,0x00000007,0x0000000f,0x00040020,0x00000015,0x00000007,0x00000008,0x0004002b,
0x00000006,0x0000001c,0x00000000,0x00020014,0x0000001d,0x0004002b,0x00000008,0x0000002c,
0x00000000,0x0003001d,0x0000002e,0x00000008,0x0003001e,0x0000002f,0x0000002e,0x00040020,
0x00000030,0x0000000c,0x0000002f,0x0004003b,0x00000030,0x00000031,0x0000000c,0x00040020,
0x00000037,0x0000000c,0x00000008,0x00040017,0x0000003d,0x00000008,0x00000004,0x00040018,
0x0000003e,0x0000003d,0x00000004,0x00040015,0x0000003f,0x00000020,0x00000000,0x0004002b,
0x0000003f,0x00000040,0x00000004,0x0004001c,0x00000041,0x0000003e,0x00000040,0x0004002b,
0x0000003f,0x00000042,0x00000008,0x0004001c,0x00000043,0x0000003d,0x00000042,0x0004001c,
0x00000044,0x0000003d,0x00000042,0x0004001c,0x00000045,0x0000003d,0x00000042,0x0004001c,
0x00000046,0x0000003d,0x00000042,0x0021001e,0x00000047,0x0000003d,0x0000003d,0x0000003d,
0x0000003d,0x0000003d,0x0000003d,0x0000003d,0x0000003d,0x0000003d,0x0000003d,0x0000003d,
0x0000003d,0x00000041,0x0000003d,0x0000003d,0x0000003d,0x0000003d,0x0000003d,0x0000003d,
0x0000003d,0x0000003d,0x0000003d,0x0000003d,0x0000003d,0x00000043,0x00000044,0x0000003d,
0x00000045,0x00000046,0x0000003d,0x0000003d,0x00040020,0x00000048,0x00000002,0x00000047,
0x0004003b,0x00000048,0x00000049,0x00000002,0x0004002b,0x00000006,0x0000004a,0x0000001d,
0x0004002b,0x0000003f,0x0000004b,0x00000003,0x00040020,0x0000004c,0x00000002,0x00000008,
0x0004002b,0x00000008,0x0000004f,0x3f000000,0x0004002b,0x00000006,0x00000053,0x00000002,
0x0004002b,0x0000003f,0x00000059,0x00000002,0x00040020,0x00000068,0x00000002,0x0000003d,
0x0004002b,0x0000003f,0x00000070,0x00000000,0x0004002b,0x0000003f,0x00000077,0x00000001,
0x0005002c,0x0000000f,0x0000008b,0x0000004f,0x0000004f,0x00040017,0x0000008d,0x00000006,
0x00000002,0x0004002b,0x00000006,0x000000a2,0x00000001,0x0004002b,0x00000008,0x000000c8,
0x40000000,0x0004002b,0x00000008,0x000000d8,0x38d1b717,0x00040017,0x000000fa,0x00000008,
0x00000003,0x00040020,0x000000fd,0x00000001,0x000000fa,0x0004003b,0x000000fd,0x000000fe,
0x00000001,0x0004003b,0x000000fd,0x00000101,0x00000001,0x00040020,0x00000104,0x00000001,
0x0000003d,0x0004003b,0x00000104,0x00000105,0x00000001,0x00040020,0x00000109,0x00000001,
0x0000000f,0x0004003b,0x00000109,0x0000010a,0x00000001,0x0004003b,0x00000109,0x0000010d,
0x00000001,0x00040017,0x00000112,0x0000003f,0x00000004,0x000a001e,0x00000113,0x0000003d,
0x0000003d,0x0000003d,0x0000003d,0x0000003d,0x00000112,0x00000112,0x0000003d,0x00040020,
0x00000114,0x00000009,0x00000113,0x0004003b,0x00000114,0x00000115,0x00000009,0x0004002b,
0x00000006,0x00000116,0x00000006,0x00040020,0x00000117,0x00000009,0x0000003f,0x0004002b,
0x0000003f,0x0000011a,0x00000100,0x00040020,0x00000121,0x00000001,0x0000003e,0x0004003b,
0x00000121,0x00000122,0x00000001,0x0004002b,0x00000006,0x00000123,0x00000003,0x00040020,
0x0000012a,0x00000009,0x0000003d,0x0004002b,0x00000008,0x00000134,0x3727c5ac,0x00040020,
0x0000013e,0x00000009,0x00000008,0x00040018,0x00000154,0x000000fa,0x00000003,0x0004002b,
0x00000008,0x00000158,0x3f800000,0x0006002c,0x000000fa,0x00000159,0x0000002c,0x00000158,
0x0000002c,0x0004002b,0x0000003f,0x00000176,0x00000010,0x0004002b,0x0000003f,0x0000017b,
0x0000000f,0x0004002b,0x0000003f,0x0000017f,0x0000000c,0x0004002b,0x00000008,0x000001a0,
0x40c90fdb,0x0005002c,0x0000000f,0x000001d0,0x00000134,0x00000134,0x0004002b,0x00000008,
0x000001d1,0x3f7fff58,0x0005002c,0x0000000f,0x000001d2,0x000001d1,0x000001d1,0x0004003b,
0x00000104,0x000001f7,0x00000001,0x0004003b,0x00000104,0x000001fa,0x00000001,0x0004003b,
0x00000104,0x000001fd,0x00000001,0x0004002b,0x0000003f,0x0000020f,0x00000200,0x0004002b,
0x0000003f,0x00000217,0x00000400,0x0004002b,0x00000006,0x0000021d,0x00000016,0x00040020,
0x00000220,0x00000001,0x00000008,0x0004002b,0x00000006,0x00000236,0x00000013,0x0005002c,
0x0000000f,0x0000023a,0x0000002c,0x0000002c,0x0004002b,0x00000006,0x00000240,0x00000008,
0x0004002b,0x00000006,0x00000252,0x00000018,0x0004002b,0x00000006,0x00000257,0x00000019,
0x0004002b,0x00000008,0x0000025e,0x358637bd,0x0004002b,0x00000008,0x00000261,0x40a00000,
0x0004002b,0x00000008,0x00000264,0x3a83126f,0x0004002b,0x00000008,0x00000285,0x3e800000,
0x0004002b,0x00000006,0x000002b4,0x0000001e,0x0004002b,0x00000008,0x000002bd,0x3e4ccccd,
0x0004001c,0x000002c9,0x00000008,0x0000004b,0x0004002b,0x00000008,0x000002ca,0x3f2147ae,
0x0004002b,0x00000008,0x000002cb,0x3ec7ae14,0x0006002c,0x000002c9,0x000002cc,0x00000158,
0x000002ca,0x000002cb,0x00040020,0x000002ce,0x00000007,0x000002c9,0x0004001c,0x000002de,
0x0000000f,0x0000004b,0x0004002b,0x00000008,0x000002df,0x3f696765,0x0004002b,0x00000008,
0x000002e0,0x3ed251eb,0x0005002c,0x0000000f,0x000002e1,0x000002df,0x000002e0,0x0004002b,
0x00000008,0x000002e2,0xbea370a8,0x0004002b,0x00000008,0x000002e3,0x3f729b39,0x0005002c,
0x0000000f,0x000002e4,0x000002e2,0x000002e3,0x0004002b,0x00000008,0x000002e5,0x3f2e7d94,
0x0004002b,0x00000008,0x000002e6,0xbf3b521b,0x0005002c,0x0000000f,0x000002e7,0x000002e5,
0x000002e6,0x0006002c,0x000002de,0x000002e8,0x000002e1,0x000002e4,0x000002e7,0x00040020,
0x000002ea,0x00000007,0x000002de,0x0004002b,0x00000008,0x000002f4,0x3fd9999a,0x0004002b,
0x00000008,0x000002f7,0x3edc28f6,0x0004002b,0x00000008,0x000002fe,0x3ef5c28f,0x0004002b,
0x00000008,0x000002ff,0x3ea3d70a,0x0006002c,0x000002c9,0x00000300,0x000002fe,0x000002ff,
0x000002bd,0x0004002b,0x00000006,0x0000031e,0x0000001a,0x0004002b,0x00000006,0x0000032e,
0x0000001b,0x0004002b,0x00000006,0x00000333,0x0000001c,0x0004002b,0x00000008,0x0000035a,
0x3dcccccd,0x0004002b,0x00000008,0x00000365,0x3eb33333,0x0004002b,0x00000008,0x00000368,
0x3f0ccccd,0x0004002b,0x00000006,0x000003c8,0x00000014,0x0004002b,0x00000008,0x000003cd,
0x3e6147ae,0x00040020,0x000003e1,0x00000003,0x000000fa,0x0004003b,0x000003e1,0x000003e2,
0x00000003,0x00040020,0x000003eb,0x00000003,0x0000003d,0x0004003b,0x000003eb,0x000003ec,
0x00000003,0x0004003b,0x000003e1,0x00000407,0x00000003,0x00040020,0x00000409,0x00000003,
0x0000000f,0x0004003b,0x00000409,0x0000040a,0x00000003,0x0004003b,0x00000409,0x0000040c,
0x00000003,0x0004003b,0x000003eb,0x0000040e,0x00000003,0x0004003b,0x00000104,0x0000040f,
0x00000001,0x0004003b,0x00000104,0x00000411,0x00000001,0x00040020,0x0000041f,0x00000003,
0x00000008,0x0004003b,0x0000041f,0x00000421,0x00000003,0x0004002b,0x00000006,0x00000430,
0x00000009,0x0004002b,0x00000006,0x00000436,0x0000000a,0x0004002b,0x00000008,0x00000447,
0x3fddb3d7,0x0004002b,0x00000006,0x0000045d,0x00000010,0x0004001c,0x00000466,0x00000008,
0x00000077,0x0006001e,0x00000467,0x0000003d,0x00000008,0x00000466,0x00000466,0x00040020,
0x00000468,0x00000003,0x00000467,0x0004003b,0x00000468,0x00000469,0x00000003,0x0003002e,
0x000000fa,0x00000aec,0x0004002b,0x00000008,0x00000aed,0x3e22f983,0x0004002b,0x00000008,
0x00000afa,0xbfddb3d7,0x0004002b,0x00000008,0x00000aff,0xbf800000,0x00050036,0x00000002,
0x00000004,0x00000000,0x00000003,0x000200f8,0x00000005,0x0004003b,0x000002ce,0x000002cf,
0x00000007,0x0004003b,0x000002ea,0x000002eb,0x00000007,0x0004003b,0x000002ce,0x00000302,
0x00000007,0x0004003b,0x000002ea,0x0000030f,0x00000007,0x0004003d,0x000000fa,0x000000ff,
0x000000fe,0x0004003d,0x000000fa,0x00000102,0x00000101,0x0004003d,0x0000003d,0x00000106,
0x00000105,0x0008004f,0x000000fa,0x00000107,0x00000106,0x00000106,0x00000000,0x00000001,
0x00000002,0x0004003d,0x0000000f,0x0000010b,0x0000010a,0x0004003d,0x0000000f,0x0000010e,
0x0000010d,0x00060041,0x00000117,0x00000118,0x00000115,0x00000116,0x00000070,0x0004003d,
0x0000003f,0x00000119,0x00000118,0x000500c7,0x0000003f,0x0000011b,0x00000119,0x0000011a,
0x000500ab,0x0000001d,0x0000011c,0x0000011b,0x00000070,0x000300f7,0x0000011f,0x00000000,
0x000400fa,0x0000011c,0x0000011e,0x0000011f,0x000200f8,0x0000011e,0x00050041,0x00000104,
0x00000124,0x00000122,0x00000123,0x0004003d,0x0000003d,0x00000125,0x00000124,0x0007004f,
0x0000000f,0x00000129,0x00000125,0x00000aec,0x00000000,0x00000002,0x00050041,0x0000012a,
0x0000012b,0x00000115,0x00000053,0x0004003d,0x0000003d,0x0000012c,0x0000012b,0x0007004f,
0x0000000f,0x0000012d,0x0000012c,0x0000012c,0x00000000,0x00000002,0x00050083,0x0000000f,
0x0000012e,0x00000129,0x0000012d,0x0006000c,0x00000008,0x00000131,0x00000001,0x00000042,
0x0000012e,0x000500ba,0x0000001d,0x00000135,0x00000131,0x00000134,0x000300f7,0x00000138,
0x00000000,0x000400fa,0x00000135,0x00000137,0x0000013d,0x000200f8,0x00000137,0x00050050,
0x0000000f,0x0000013b,0x00000131,0x00000131,0x00050088,0x0000000f,0x0000013c,0x0000012e,
0x0000013b,0x000200f9,0x00000138,0x000200f8,0x0000013d,0x00060041,0x0000013e,0x0000013f,
0x00000115,0x0000001c,0x00000077,0x0004003d,0x00000008,0x00000140,0x0000013f,0x0006000c,
0x00000008,0x00000141,0x00000001,0x0000000d,0x00000140,0x0006000c,0x00000008,0x00000144,
0x00000001,0x0000000e,0x00000140,0x00050050,0x0000000f,0x00000145,0x00000141,0x00000144,
0x000200f9,0x00000138,0x000200f8,0x00000138,0x000700f5,0x0000000f,0x000009dd,0x0000013c,
0x00000137,0x00000145,0x0000013d,0x00050051,0x00000008,0x00000149,0x000009dd,0x00000000,
0x00050051,0x00000008,0x0000014b,0x000009dd,0x00000001,0x0004007f,0x00000008,0x00000152,
0x00000149,0x00060050,0x000000fa,0x00000164,0x0000014b,0x0000002c,0x00000152,0x00060050,
0x000000fa,0x00000166,0x00000149,0x0000002c,0x0000014b,0x00060050,0x00000154,0x00000167,
0x00000164,0x00000159,0x00000166,0x00050091,0x000000fa,0x0000016a,0x00000167,0x000000ff,
0x00050091,0x000000fa,0x0000016d,0x00000167,0x00000102,0x00050091,0x000000fa,0x00000171,
0x00000167,0x00000107,0x00060041,0x00000117,0x00000174,0x00000115,0x00000116,0x00000077,
0x0004003d,0x0000003f,0x00000175,0x00000174,0x000500c2,0x0000003f,0x00000177,0x00000175,
0x00000176,0x000500c2,0x0000003f,0x0000017a,0x00000177,0x00000042,0x000500c7,0x0000003f,
0x0000017c,0x0000017a,0x0000017b,0x000500c2,0x0000003f,0x00000180,0x00000177,0x0000017f,
0x000500c7,0x0000003f,0x00000181,0x00000180,0x0000017b,0x000500ac,0x0000001d,0x00000183,
0x0000017c,0x00000070,0x000500ac,0x0000001d,0x00000185,0x00000181,0x00000070,0x000500a7,
0x0000001d,0x00000186,0x00000183,0x00000185,0x000300f7,0x00000188,0x00000000,0x000400fa,
0x00000186,0x00000187,0x00000188,0x000200f8,0x00000187,0x000500c7,0x0000003f,0x0000018b,
0x00000177,0x0000017b,0x00040070,0x00000008,0x0000018c,0x0000018b,0x000500c2,0x0000003f,
0x0000018e,0x00000177,0x00000040,0x000500c7,0x0000003f,0x0000018f,0x0000018e,0x0000017b,
0x00040070,0x00000008,0x00000190,0x0000018f,0x00050050,0x0000000f,0x00000191,0x0000018c,
0x00000190,0x0004007f,0x0000000f,0x00000192,0x00000191,0x0006000c,0x0000000f,0x00000193,
0x00000001,0x0000001d,0x00000192,0x00050084,0x0000003f,0x00000197,0x0000017c,0x00000181,
0x0007000c,0x00000008,0x0000019d,0x00000001,0x00000019,0x00000149,0x0000014b,0x0008000c,
0x00000008,0x000001a2,0x00000001,0x00000032,0x0000019d,0x00000aed,0x00000158,0x0006000c,
0x00000008,0x000001a3,0x00000001,0x0000000a,0x000001a2,0x00040070,0x00000008,0x000001a5,
0x00000197,0x00050085,0x00000008,0x000001a6,0x000001a3,0x000001a5,0x0006000c,0x00000008,
0x000001a9,0x00000001,0x00000008,0x000001a6,0x0004006d,0x0000003f,0x000001aa,0x000001a9,
0x00050089,0x0000003f,0x000001ac,0x000001aa,0x00000197,0x00050080,0x0000003f,0x000001af,
0x000001ac,0x00000077,0x00050089,0x0000003f,0x000001b1,0x000001af,0x00000197,0x00040070,
0x00000008,0x000001b5,0x0000017c,0x00040070,0x00000008,0x000001b7,0x00000181,0x00050050,
0x0000000f,0x000001b8,0x000001b5,0x000001b7,0x00050088,0x0000000f,0x000001b9,0x00000193,
0x000001b8,0x00050089,0x0000003f,0x000001bd,0x000001ac,0x0000017c,0x00040070,0x00000008,
0x000001be,0x000001bd,0x00050086,0x0000003f,0x000001c1,0x000001ac,0x0000017c,0x00040070,
0x00000008,0x000001c2,0x000001c1,0x00050050,0x0000000f,0x000001c3,0x000001be,0x000001c2,
0x00050089,0x0000003f,0x000001c7,0x000001b1,0x0000017c,0x00040070,0x00000008,0x000001c8,
0x000001c7,0x00050086,0x0000003f,0x000001cb,0x000001b1,0x0000017c,0x00040070,0x00000008,
0x000001cc,0x000001cb,0x00050050,0x0000000f,0x000001cd,0x000001c8,0x000001cc,0x0008000c,
0x0000000f,0x000001d3,0x00000001,0x0000002b,0x0000010b,0x000001d0,0x000001d2,0x00050081,
0x0000000f,0x000001d7,0x000001c3,0x000001d3,0x0008000c,0x0000000f,0x000001da,0x00000001,
0x00000032,0x000001d7,0x000001b9,0x0000010e,0x00050081,0x0000000f,0x000001de,0x000001cd,
0x000001d3,0x0008000c,0x0000000f,0x000001e1,0x00000001,0x00000032,0x000001de,0x000001b9,
0x0000010e,0x0006000c,0x00000008,0x000001e3,0x00000001,0x0000000a,0x000001a6,0x000200f9,
0x00000188,0x000200f8,0x00000188,0x000700f5,0x00000008,0x00000ab6,0x0000002c,0x00000138,
0x000001e3,0x00000187,0x000700f5,0x0000000f,0x00000a92,0x0000010e,0x00000138,0x000001e1,
0x00000187,0x000700f5,0x0000000f,0x00000a6f,0x0000010b,0x00000138,0x000001da,0x00000187,
0x000200f9,0x0000011f,0x000200f8,0x0000011f,0x000700f5,0x00000008,0x00000ab5,0x0000002c,
0x00000005,0x00000ab6,0x00000188,0x000700f5,0x0000000f,0x00000a91,0x0000010e,0x00000005,
0x00000a92,0x00000188,0x000700f5,0x0000000f,0x00000a6e,0x0000010b,0x00000005,0x00000a6f,
0x00000188,0x000700f5,0x000000fa,0x000009e2,0x00000107,0x00000005,0x00000171,0x00000188,
0x000700f5,0x000000fa,0x000009e0,0x00000102,0x00000005,0x0000016d,0x00000188,0x000700f5,
0x000000fa,0x000009de,0x000000ff,0x00000005,0x0000016a,0x00000188,0x0004003d,0x0000003e,
0x000001e5,0x00000122,0x00050051,0x00000008,0x000001e7,0x000009de,0x00000000,0x00050051,
0x00000008,0x000001e8,0x000009de,0x00000001,0x00050051,0x00000008,0x000001e9,0x000009de,
0x00000002,0x00070050,0x0000003d,0x000001ea,0x000001e7,0x000001e8,0x000001e9,0x00000158,
0x00050091,0x0000003d,0x000001eb,0x000001e5,0x000001ea,0x0008004f,0x000000fa,0x000001ec,
0x000001eb,0x000001eb,0x00000000,0x00000001,0x00000002,0x00050051,0x0000003d,0x000001ef,
0x000001e5,0x00000000,0x0008004f,0x000000fa,0x000001f0,0x000001ef,0x000001ef,0x00000000,
0x00000001,0x00000002,0x00050051,0x0000003d,0x000001f1,0x000001e5,0x00000001,0x0008004f,
0x000000fa,0x000001f2,0x000001f1,0x000001f1,0x00000000,0x00000001,0x00000002,0x00050051,
0x0000003d,0x000001f3,0x000001e5,0x00000002,0x0008004f,0x000000fa,0x000001f4,0x000001f3,
0x000001f3,0x00000000,0x00000001,0x00000002,0x00060050,0x00000154,0x000001f5,0x000001f0,
0x000001f2,0x000001f4,0x0004003d,0x0000003d,0x000001f8,0x000001f7,0x0004003d,0x0000003d,
0x000001fb,0x000001fa,0x0004003d,0x0000003d,0x000001fe,0x000001fd,0x00050051,0x00000008,
0x00000200,0x000001f8,0x00000000,0x00050051,0x00000008,0x00000201,0x000001f8,0x00000001,
0x00050051,0x00000008,0x00000202,0x000001f8,0x00000002,0x00050051,0x00000008,0x00000203,
0x000001fb,0x00000000,0x00050051,0x00000008,0x00000204,0x000001fb,0x00000001,0x00050051,
0x00000008,0x00000205,0x000001fb,0x00000002,0x00050051,0x00000008,0x00000206,0x000001fe,
0x00000000,0x00050051,0x00000008,0x00000207,0x000001fe,0x00000001,0x00050051,0x00000008,
0x00000208,0x000001fe,0x00000002,0x00060050,0x000000fa,0x00000209,0x00000200,0x00000201,
0x00000202,0x00060050,0x000000fa,0x0000020a,0x00000203,0x00000204,0x00000205,0x00060050,
0x000000fa,0x0000020b,0x00000206,0x00000207,0x00000208,0x00060050,0x00000154,0x0000020c,
0x00000209,0x0000020a,0x0000020b,0x000500c7,0x0000003f,0x00000210,0x00000119,0x0000020f,
0x000500ab,0x0000001d,0x00000211,0x00000210,0x00000070,0x000300f7,0x00000213,0x00000000,
0x000400fa,0x00000211,0x00000212,0x000003f5,0x000200f8,0x00000212,0x000500c7,0x0000003f,
0x00000218,0x00000119,0x00000217,0x000500ab,0x0000001d,0x00000219,0x00000218,0x00000070,
0x000300f7,0x0000021b,0x00000000,0x000400fa,0x00000219,0x0000021a,0x0000021b,0x000200f8,
0x0000021a,0x00060041,0x0000004c,0x0000021e,0x00000049,0x0000021d,0x0000004b,0x0004003d,
0x00000008,0x0000021f,0x0000021e,0x00050041,0x00000220,0x00000221,0x0000010d,0x00000077,
0x0004003d,0x00000008,0x00000222,0x00000221,0x0007000c,0x00000008,0x00000223,0x00000001,
0x00000028,0x00000222,0x00000158,0x00050088,0x00000008,0x00000224,0x0000021f,0x00000223,
0x00050041,0x0000012a,0x00000225,0x00000115,0x00000053,0x0004003d,0x0000003d,0x00000226,
0x00000225,0x0007004f,0x0000000f,0x00000227,0x00000226,0x00000226,0x00000000,0x00000002,
0x0007004f,0x0000000f,0x00000229,0x000000ff,0x000000ff,0x00000000,0x00000002,0x0005008e,
0x0000000f,0x0000022b,0x00000229,0x00000224,0x00050081,0x0000000f,0x0000022c,0x00000227,
0x0000022b,0x00050051,0x00000008,0x0000022e,0x0000022c,0x00000000,0x00060052,0x000000fa,
0x0000097c,0x0000022e,0x000001ec,0x00000000,0x00050051,0x00000008,0x00000230,0x0000022c,
0x00000001,0x00060052,0x000000fa,0x0000097e,0x00000230,0x0000097c,0x00000002,0x00050041,
0x00000220,0x00000231,0x0000010d,0x00000070,0x0004003d,0x00000008,0x00000232,0x00000231,
0x00050085,0x00000008,0x00000234,0x00000232,0x00000224,0x000200f9,0x0000021b,0x000200f8,
0x0000021b,0x000700f5,0x000000fa,0x000009e8,0x000001ec,0x00000212,0x0000097e,0x0000021a,
0x000700f5,0x00000008,0x000009e6,0x0000002c,0x00000212,0x00000234,0x0000021a,0x00060041,
0x0000004c,0x00000237,0x00000049,0x00000236,0x00000077,0x0004003d,0x00000008,0x00000238,
0x00000237,0x00060041,0x0000004c,0x0000023c,0x00000049,0x00000236,0x00000070,0x0004003d,
0x00000008,0x0000023d,0x0000023c,0x00050081,0x00000008,0x0000023e,0x0000023d,0x0000004f,
0x0004006e,0x00000006,0x0000023f,0x0000023e,0x0008000c,0x00000006,0x00000241,0x00000001,
0x0000002d,0x0000023f,0x0000001c,0x00000240,0x000200f9,0x00000243,0x000200f8,0x00000243,
0x000700f5,0x0000000f,0x000009ea,0x0000023a,0x0000021b,0x000002b0,0x00000246,0x000700f5,
0x00000008,0x000009e9,0x00000238,0x0000021b,0x0000029b,0x00000246,0x000700f5,0x00000006,
0x000009e4,0x0000001c,0x0000021b,0x000002b2,0x00000246,0x000500b1,0x0000001d,0x00000249,
0x000009e4,0x00000240,0x000400f6,0x00000245,0x00000246,0x00000000,0x000400fa,0x00000249,
0x00000244,0x00000245,0x000200f8,0x00000244,0x000500af,0x0000001d,0x0000024c,0x000009e4,
0x00000241,0x000300f7,0x0000024e,0x00000000,0x000400fa,0x0000024c,0x0000024d,0x0000024e,
0x000200f8,0x0000024d,0x000200f9,0x00000245,0x000200f8,0x0000024e,0x00060041,0x00000068,
0x00000254,0x00000049,0x00000252,0x000009e4,0x0004003d,0x0000003d,0x00000255,0x00000254,
0x00060041,0x00000068,0x00000259,0x00000049,0x00000257,0x000009e4,0x0004003d,0x0000003d,
0x0000025a,0x00000259,0x00050051,0x00000008,0x0000025d,0x00000255,0x00000003,0x0007000c,
0x00000008,0x0000025f,0x00000001,0x00000028,0x0000025d,0x0000025e,0x00050088,0x00000008,
0x00000260,0x000001a0,0x0000025f,0x0007000c,0x00000008,0x00000265,0x00000001,0x00000028,
0x000009e6,0x00000264,0x00050088,0x00000008,0x00000266,0x00000260,0x00000265,0x0008000c,
0x00000008,0x00000267,0x00000001,0x00000031,0x000000c8,0x00000261,0x00000266,0x00050051,
0x00000008,0x00000269,0x00000255,0x00000002,0x00050085,0x00000008,0x0000026a,0x00000269,
0x00000267,0x0007004f,0x0000000f,0x00000270,0x00000255,0x00000255,0x00000000,0x00000001,
0x0007004f,0x0000000f,0x00000272,0x000009e8,0x000009e8,0x00000000,0x00000002,0x00050094,
0x00000008,0x00000273,0x00000270,0x00000272,0x00050051,0x00000008,0x00000276,0x0000025a,
0x00000000,0x00060041,0x0000004c,0x00000277,0x00000049,0x00000236,0x00000059,0x0004003d,
0x00000008,0x00000278,0x00000277,0x00050085,0x00000008,0x00000279,0x00000276,0x00000278,
0x0004007f,0x00000008,0x00000aee,0x00000279,0x0008000c,0x00000008,0x0000027a,0x00000001,
0x00000032,0x0000025d,0x00000273,0x00000aee,0x00050051,0x00000008,0x0000027c,0x0000025a,
0x00000002,0x00050081,0x00000008,0x0000027d,0x0000027a,0x0000027c,0x0006000c,0x00000008,
0x00000280,0x00000001,0x0000000d,0x0000027d,0x0006000c,0x00000008,0x00000283,0x00000001,
0x0000000e,0x0000027d,0x00050051,0x00000008,0x00000287,0x0000025a,0x00000001,0x00050085,
0x00000008,0x00000288,0x00000285,0x00000287,0x0008000c,0x00000008,0x0000028b,0x00000001,
0x00000032,0x00000285,0x00000287,0x00000158,0x00050085,0x00000008,0x00000291,0x000000c8,
0x00000280,0x0008000c,0x00000008,0x00000294,0x00000001,0x00000032,0x00000291,0x00000280,
0x00000aff,0x0008000c,0x00000008,0x00000296,0x00000001,0x00000032,0x00000288,0x00000294,
0x00000280,0x00050085,0x00000008,0x00000297,0x0000026a,0x00000296,0x00050088,0x00000008,
0x00000299,0x00000297,0x0000028b,0x00050081,0x00000008,0x0000029b,0x000009e9,0x00000299,
0x00050085,0x00000008,0x000002a2,0x0000026a,0x0000025d,0x00050085,0x00000008,0x000002a4,
0x000002a2,0x00000283,0x0008000c,0x00000008,0x000002aa,0x00000001,0x00000032,0x00000287,
0x00000280,0x00000158,0x00050085,0x00000008,0x000002ab,0x000002a4,0x000002aa,0x00050088,
0x00000008,0x000002ad,0x000002ab,0x0000028b,0x0005008e,0x0000000f,0x000002ae,0x00000270,
0x000002ad,0x00050081,0x0000000f,0x000002b0,0x000009ea,0x000002ae,0x000200f9,0x00000246,
0x000200f8,0x00000246,0x00050080,0x00000006,0x000002b2,0x000009e4,0x000000a2,0x000200f9,
0x00000243,0x000200f8,0x00000245,0x00060041,0x0000004c,0x000002b5,0x00000049,0x000002b4,
0x00000059,0x0004003d,0x00000008,0x000002b6,0x000002b5,0x00060041,0x0000004c,0x000002b7,
0x00000049,0x00000236,0x0000004b,0x0004003d,0x00000008,0x000002b8,0x000002b7,0x00050085,
0x00000008,0x000002b9,0x000002b6,0x000002b8,0x00060041,0x0000004c,0x000002bb,0x00000049,
0x000002b4,0x0000004b,0x0004003d,0x00000008,0x000002bc,0x000002bb,0x0007000c,0x00000008,
0x000002be,0x00000001,0x00000028,0x000002bc,0x000002bd,0x000200f9,0x000002c0,0x000200f8,
0x000002c0,0x000700f5,0x0000000f,0x00000a24,0x000009ea,0x00000245,0x0000031a,0x000002c1,
0x000700f5,0x00000008,0x000009f7,0x000009e9,0x00000245,0x0000030d,0x000002c1,0x000700f5,
0x00000006,0x000009eb,0x0000001c,0x00000245,0x0000031c,0x000002c1,0x000500b1,0x0000001d,
0x000002c6,0x000009eb,0x00000123,0x000400f6,0x000002c2,0x000002c1,0x00000000,0x000400fa,
0x000002c6,0x000002c1,0x000002c2,0x000200f8,0x000002c1,0x0003003e,0x000002cf,0x000002cc,
0x00050041,0x00000015,0x000002d0,0x000002cf,0x000009eb,0x0004003d,0x00000008,0x000002d1,
0x000002d0,0x00050085,0x00000008,0x000002d2,0x000002be,0x000002d1,0x0007000c,0x00000008,
0x000002d6,0x00000001,0x00000028,0x000009e6,0x00000264,0x00050088,0x00000008,0x000002d7,
0x000002d2,0x000002d6,0x0008000c,0x00000008,0x000002d8,0x00000001,0x00000031,0x000000c8,
0x00000261,0x000002d7,0x00050088,0x00000008,0x000002db,0x000001a0,0x000002d2,0x0003003e,
0x000002eb,0x000002e8,0x00050041,0x00000010,0x000002ec,0x000002eb,0x000009eb,0x0004003d,
0x0000000f,0x000002ed,0x000002ec,0x0007004f,0x0000000f,0x000002ef,0x000009e8,0x000009e8,
0x00000000,0x00000002,0x00050094,0x00000008,0x000002f0,0x000002ed,0x000002ef,0x00060041,
0x0000004c,0x000002f2,0x00000049,0x00000236,0x00000059,0x0004003d,0x00000008,0x000002f3,
0x000002f2,0x0004006f,0x00000008,0x000002f6,0x000009eb,0x0008000c,0x00000008,0x000002f9,
0x00000001,0x00000032,0x000002f6,0x000002f7,0x000002f4,0x00050085,0x00000008,0x000002fa,
0x000002f3,0x000002f9,0x0004007f,0x00000008,0x00000afe,0x000002fa,0x0008000c,0x00000008,
0x000002fb,0x00000001,0x00000032,0x000002db,0x000002f0,0x00000afe,0x0003003e,0x00000302,
0x00000300,0x00050041,0x00000015,0x00000303,0x00000302,0x000009eb,0x0004003d,0x00000008,
0x00000304,0x00000303,0x00050085,0x00000008,0x00000305,0x000002b9,0x00000304,0x00050085,
0x00000008,0x00000307,0x00000305,0x000002d8,0x0006000c,0x00000008,0x00000309,0x00000001,
0x0000000d,0x000002fb,0x0008000c,0x00000008,0x0000030d,0x00000001,0x00000032,0x00000309,
0x00000307,0x000009f7,0x0003003e,0x0000030f,0x000002e8,0x00050041,0x00000010,0x00000310,
0x0000030f,0x000009eb,0x0004003d,0x0000000f,0x00000311,0x00000310,0x0006000c,0x00000008,
0x00000313,0x00000001,0x0000000e,0x000002fb,0x00050085,0x00000008,0x00000315,0x00000313,
0x00000307,0x00050085,0x00000008,0x00000317,0x00000315,0x000002db,0x0005008e,0x0000000f,
0x00000318,0x00000311,0x00000317,0x00050081,0x0000000f,0x0000031a,0x00000a24,0x00000318,
0x00050080,0x00000006,0x0000031c,0x000009eb,0x000000a2,0x000200f9,0x000002c0,0x000200f8,
0x000002c2,0x00060041,0x0000004c,0x0000031f,0x00000049,0x0000031e,0x00000070,0x0004003d,
0x00000008,0x00000320,0x0000031f,0x00050081,0x00000008,0x00000321,0x00000320,0x0000004f,
0x0004006e,0x00000006,0x00000322,0x00000321,0x0008000c,0x00000006,0x00000323,0x00000001,
0x0000002d,0x00000322,0x0000001c,0x00000240,0x000200f9,0x00000325,0x000200f8,0x00000325,
0x000700f5,0x0000000f,0x00000a23,0x00000a24,0x000002c2,0x00000adf,0x00000328,0x000700f5,
0x00000008,0x000009f6,0x000009f7,0x000002c2,0x00000ada,0x00000328,0x000700f5,0x00000006,
0x000009ec,0x0000001c,0x000002c2,0x000003a9,0x00000328,0x000500b1,0x0000001d,0x0000032c,
0x000009ec,0x00000323,0x000400f6,0x00000327,0x00000328,0x00000000,0x000400fa,0x0000032c,
0x00000326,0x00000327,0x000200f8,0x00000326,0x00060041,0x00000068,0x00000330,0x00000049,
0x0000032e,0x000009ec,0x0004003d,0x0000003d,0x00000331,0x00000330,0x00060041,0x00000068,
0x00000335,0x00000049,0x00000333,0x000009ec,0x0004003d,0x0000003d,0x00000336,0x00000335,
0x00060041,0x0000004c,0x00000338,0x00000049,0x00000236,0x00000059,0x0004003d,0x00000008,
0x00000339,0x00000338,0x00050051,0x00000008,0x0000033b,0x00000331,0x00000002,0x00050083,
0x00000008,0x0000033c,0x00000339,0x0000033b,0x00050051,0x00000008,0x0000033e,0x00000331,
0x00000003,0x000500b4,0x0000001d,0x0000033f,0x0000033e,0x0000002c,0x000500b8,0x0000001d,
0x00000341,0x0000033c,0x0000002c,0x000500a6,0x0000001d,0x00000342,0x0000033f,0x00000341,
0x000400a8,0x0000001d,0x00000343,0x00000342,0x000300f7,0x00000345,0x00000000,0x000400fa,
0x00000343,0x00000344,0x00000345,0x000200f8,0x00000344,0x00050051,0x00000008,0x00000348,
0x00000336,0x00000003,0x000500ba,0x0000001d,0x00000349,0x0000033c,0x00000348,0x000200f9,
0x00000345,0x000200f8,0x00000345,0x000700f5,0x0000001d,0x0000034a,0x00000342,0x00000326,
0x00000349,0x00000344,0x000300f7,0x0000034c,0x00000000,0x000400fa,0x0000034a,0x0000034b,
0x0000034c,0x000200f8,0x0000034b,0x000200f9,0x00000328,0x000200f8,0x0000034c,0x0007004f,
0x0000000f,0x00000350,0x000009e8,0x000009e8,0x00000000,0x00000002,0x0007004f,0x0000000f,
0x00000352,0x00000331,0x00000331,0x00000000,0x00000001,0x00050083,0x0000000f,0x00000353,
0x00000350,0x00000352,0x0006000c,0x00000008,0x00000356,0x00000001,0x00000042,0x00000353,
0x00050051,0x00000008,0x00000359,0x00000336,0x00000000,0x0007000c,0x00000008,0x0000035b,
0x00000001,0x00000028,0x00000359,0x0000035a,0x00050088,0x00000008,0x0000035c,0x000001a0,
0x0000035b,0x00050051,0x00000008,0x00000360,0x00000336,0x00000001,0x0004007f,0x00000008,
0x00000afc,0x00000360,0x0008000c,0x00000008,0x00000363,0x00000001,0x00000032,0x00000afc,
0x0000033c,0x00000356,0x00050085,0x00000008,0x00000369,0x00000359,0x00000368,0x0007000c,
0x00000008,0x0000036a,0x00000001,0x00000028,0x00000365,0x00000369,0x00050085,0x00000008,
0x0000036e,0x00000363,0x00000363,0x0004007f,0x00000008,0x0000036f,0x0000036e,0x00050085,
0x00000008,0x00000372,0x0000036a,0x0000036a,0x00050088,0x00000008,0x00000373,0x0000036f,
0x00000372,0x0006000c,0x00000008,0x00000374,0x00000001,0x0000001b,0x00000373,0x00050085,
0x00000008,0x00000379,0x0000033e,0x00000374,0x00050051,0x00000008,0x0000037b,0x00000336,
0x00000002,0x0004007f,0x00000008,0x0000037c,0x0000037b,0x00050085,0x00000008,0x0000037e,
0x0000037c,0x0000033c,0x0006000c,0x00000008,0x0000037f,0x00000001,0x0000001b,0x0000037e,
0x00050085,0x00000008,0x00000380,0x00000379,0x0000037f,0x00050085,0x00000008,0x00000384,
0x0000035c,0x00000363,0x0006000c,0x00000008,0x00000387,0x00000001,0x0000000d,0x00000384,
0x0008000c,0x00000008,0x0000038a,0x00000001,0x00000032,0x00000380,0x00000387,0x000009f6,
0x000500ba,0x0000001d,0x0000038c,0x00000356,0x00000134,0x000300f7,0x0000038e,0x00000000,
0x000400fa,0x0000038c,0x0000038d,0x0000038e,0x000200f8,0x0000038d,0x0006000c,0x00000008,
0x00000393,0x00000001,0x0000000e,0x00000384,0x00050085,0x00000008,0x00000396,0x000000c8,
0x00000363,0x00050088,0x00000008,0x0000039a,0x00000396,0x00000372,0x00050085,0x00000008,
0x0000039d,0x0000039a,0x00000387,0x0004007f,0x00000008,0x00000afd,0x0000039d,0x0008000c,
0x00000008,0x0000039e,0x00000001,0x00000032,0x0000035c,0x00000393,0x00000afd,0x00050085,
0x00000008,0x0000039f,0x00000380,0x0000039e,0x00050050,0x0000000f,0x000003a2,0x00000356,
0x00000356,0x00050088,0x0000000f,0x000003a3,0x00000353,0x000003a2,0x0005008e,0x0000000f,
0x000003a5,0x000003a3,0x0000039f,0x00050081,0x0000000f,0x000003a7,0x00000a23,0x000003a5,
0x000200f9,0x0000038e,0x000200f8,0x0000038e,0x000700f5,0x0000000f,0x00000ae0,0x00000a23,
0x0000034c,0x000003a7,0x0000038d,0x000200f9,0x00000328,0x000200f8,0x00000328,0x000700f5,
0x0000000f,0x00000adf,0x00000a23,0x0000034b,0x00000ae0,0x0000038e,0x000700f5,0x00000008,
0x00000ada,0x000009f6,0x0000034b,0x0000038a,0x0000038e,0x00050080,0x00000006,0x000003a9,
0x000009ec,0x000000a2,0x000200f9,0x00000325,0x000200f8,0x00000327,0x0007004f,0x0000000f,
0x000003ad,0x000009e8,0x000009e8,0x00000000,0x00000002,0x000300f7,0x00000508,0x00000000,
0x000300fb,0x00000070,0x000004a4,0x000200f8,0x000004a4,0x00060041,0x0000004c,0x000004a5,
0x00000049,0x0000004a,0x0000004b,0x0004003d,0x00000008,0x000004a6,0x000004a5,0x00050081,
0x00000008,0x000004a7,0x000004a6,0x0000004f,0x0004006e,0x00000006,0x000004a8,0x000004a7,
0x000500b1,0x0000001d,0x000004aa,0x000004a8,0x00000053,0x000300f7,0x000004ac,0x00000000,
0x000400fa,0x000004aa,0x000004ab,0x000004ac,0x000200f8,0x000004ab,0x000200f9,0x00000508,
0x000200f8,0x000004ac,0x00060041,0x0000004c,0x000004ad,0x00000049,0x0000004a,0x00000059,
0x0004003d,0x00000008,0x000004ae,0x000004ad,0x000500bc,0x0000001d,0x000004b0,0x000004ae,
0x0000002c,0x000300f7,0x000004b2,0x00000000,0x000400fa,0x000004b0,0x000004b1,0x000004b2,
0x000200f8,0x000004b1,0x000200f9,0x00000508,0x000200f8,0x000004b2,0x0004006f,0x00000008,
0x000004b5,0x000004a8,0x00050088,0x00000008,0x000004b6,0x000004ae,0x000004b5,0x00050041,
0x00000068,0x000004b8,0x00000049,0x0000004a,0x0004003d,0x0000003d,0x000004b9,0x000004b8,
0x0007004f,0x0000000f,0x000004ba,0x000004b9,0x000004b9,0x00000000,0x00000001,0x00050083,
0x0000000f,0x000004bb,0x000003ad,0x000004ba,0x00050085,0x00000008,0x000004bd,0x000004ae,
0x0000004f,0x00050051,0x00000008,0x000004bf,0x000004bb,0x00000000,0x0006000c,0x00000008,
0x000004c0,0x00000001,0x00000004,0x000004bf,0x0004007f,0x00000008,0x00000af0,0x000004c0,
0x0008000c,0x00000008,0x000004c1,0x00000001,0x00000032,0x000004ae,0x0000004f,0x00000af0,
0x00050051,0x00000008,0x000004c5,0x000004bb,0x00000001,0x0006000c,0x00000008,0x000004c6,
0x00000001,0x00000004,0x000004c5,0x0004007f,0x00000008,0x00000af1,0x000004c6,0x0008000c,
0x00000008,0x000004c7,0x00000001,0x00000032,0x000004ae,0x0000004f,0x00000af1,0x0007000c,
0x00000008,0x000004c8,0x00000001,0x00000025,0x000004c1,0x000004c7,0x000500bc,0x0000001d,
0x000004ca,0x000004c8,0x0000002c,0x000300f7,0x000004cc,0x00000000,0x000400fa,0x000004ca,
0x000004cb,0x000004cc,0x000200f8,0x000004cb,0x000200f9,0x00000508,0x000200f8,0x000004cc,
0x00050050,0x0000000f,0x000004d0,0x000004bd,0x000004bd,0x00050081,0x0000000f,0x000004d1,
0x000004bb,0x000004d0,0x00050050,0x0000000f,0x000004d3,0x000004b6,0x000004b6,0x00050088,
0x0000000f,0x000004d4,0x000004d1,0x000004d3,0x00050083,0x0000000f,0x000004d5,0x000004d4,
0x0000008b,0x0006000c,0x0000000f,0x000004d7,0x00000001,0x00000008,0x000004d5,0x0004006e,
0x0000008d,0x000004d8,0x000004d7,0x0006000c,0x0000000f,0x000004da,0x00000001,0x0000000a,
0x000004d5,0x00050051,0x00000006,0x000004dc,0x000004d8,0x00000000,0x00050051,0x00000006,
0x000004de,0x000004d8,0x00000001,0x000300f7,0x00000525,0x00000000,0x000300fb,0x00000070,
0x0000050e,0x000200f8,0x0000050e,0x000500b1,0x0000001d,0x00000510,0x000004dc,0x0000001c,
0x000500b1,0x0000001d,0x00000512,0x000004de,0x0000001c,0x000500a6,0x0000001d,0x00000513,
0x00000510,0x00000512,0x000500af,0x0000001d,0x00000516,0x000004dc,0x000004a8,0x000500a6,
0x0000001d,0x00000517,0x00000513,0x00000516,0x000500af,0x0000001d,0x0000051a,0x000004de,
0x000004a8,0x000500a6,0x0000001d,0x0000051b,0x00000517,0x0000051a,0x000300f7,0x0000051d,
0x00000000,0x000400fa,0x0000051b,0x0000051c,0x0000051d,0x000200f8,0x0000051c,0x000200f9,
0x00000525,0x000200f8,0x0000051d,0x00050084,0x00000006,0x00000520,0x000004de,0x000004a8,
0x00050080,0x00000006,0x00000522,0x00000520,0x000004dc,0x00060041,0x00000037,0x00000523,
0x00000031,0x0000001c,0x00000522,0x0004003d,0x00000008,0x00000524,0x00000523,0x000200f9,
0x00000525,0x000200f8,0x00000525,0x000700f5,0x00000008,0x000009f0,0x0000002c,0x0000051c,
0x00000524,0x0000051d,0x00050080,0x00000006,0x000004e3,0x000004dc,0x000000a2,0x000300f7,
0x00000542,0x00000000,0x000300fb,0x00000070,0x0000052b,0x000200f8,0x0000052b,0x000500b1,
0x0000001d,0x0000052d,0x000004e3,0x0000001c,0x000500a6,0x0000001d,0x00000530,0x0000052d,
0x00000512,0x000500af,0x0000001d,0x00000533,0x000004e3,0x000004a8,0x000500a6,0x0000001d,
0x00000534,0x00000530,0x00000533,0x000500a6,0x0000001d,0x00000538,0x00000534,0x0000051a,
0x000300f7,0x0000053a,0x00000000,0x000400fa,0x00000538,0x00000539,0x0000053a,0x000200f8,
0x00000539,0x000200f9,0x00000542,0x000200f8,0x0000053a,0x00050084,0x00000006,0x0000053d,
0x000004de,0x000004a8,0x00050080,0x00000006,0x0000053f,0x0000053d,0x000004e3,0x00060041,
0x00000037,0x00000540,0x00000031,0x0000001c,0x0000053f,0x0004003d,0x00000008,0x00000541,
0x00000540,0x000200f9,0x00000542,0x000200f8,0x00000542,0x000700f5,0x00000008,0x000009f1,
0x0000002c,0x00000539,0x00000541,0x0000053a,0x00050051,0x00000008,0x000004e9,0x000004da,
0x00000000,0x0008000c,0x00000008,0x000004ea,0x00000001,0x0000002e,0x000009f0,0x000009f1,
0x000004e9,0x00050080,0x00000006,0x000004ed,0x000004de,0x000000a2,0x000300f7,0x0000055f,
0x00000000,0x000300fb,0x00000070,0x00000548,0x000200f8,0x00000548,0x000500b1,0x0000001d,
0x0000054c,0x000004ed,0x0000001c,0x000500a6,0x0000001d,0x0000054d,0x00000510,0x0000054c,
0x000500a6,0x0000001d,0x00000551,0x0000054d,0x00000516,0x000500af,0x0000001d,0x00000554,
0x000004ed,0x000004a8,0x000500a6,0x0000001d,0x00000555,0x00000551,0x00000554,0x000300f7,
0x00000557,0x00000000,0x000400fa,0x00000555,0x00000556,0x00000557,0x000200f8,0x00000556,
0x000200f9,0x0000055f,0x000200f8,0x00000557,0x00050084,0x00000006,0x0000055a,0x000004ed,
0x000004a8,0x00050080,0x00000006,0x0000055c,0x0000055a,0x000004dc,0x00060041,0x00000037,
0x0000055d,0x00000031,0x0000001c,0x0000055c,0x0004003d,0x00000008,0x0000055e,0x0000055d,
0x000200f9,0x0000055f,0x000200f8,0x0000055f,0x000700f5,0x00000008,0x000009f2,0x0000002c,
0x00000556,0x0000055e,0x00000557,0x000300f7,0x0000057c,0x00000000,0x000300fb,0x00000070,
0x00000565,0x000200f8,0x00000565,0x000500a6,0x0000001d,0x0000056a,0x0000052d,0x0000054c,
0x000500a6,0x0000001d,0x0000056e,0x0000056a,0x00000533,0x000500a6,0x0000001d,0x00000572,
0x0000056e,0x00000554,0x000300f7,0x00000574,0x00000000,0x000400fa,0x00000572,0x00000573,
0x00000574,0x000200f8,0x00000573,0x000200f9,0x0000057c,0x000200f8,0x00000574,0x00050084,
0x00000006,0x00000577,0x000004ed,0x000004a8,0x00050080,0x00000006,0x00000579,0x00000577,
0x000004e3,0x00060041,0x00000037,0x0000057a,0x00000031,0x0000001c,0x00000579,0x0004003d,
0x00000008,0x0000057b,0x0000057a,0x000200f9,0x0000057c,0x000200f8,0x0000057c,0x000700f5,
0x00000008,0x000009f3,0x0000002c,0x00000573,0x0000057b,0x00000574,0x0008000c,0x00000008,
0x000004fc,0x00000001,0x0000002e,0x000009f2,0x000009f3,0x000004e9,0x00050085,0x00000008,
0x000004fe,0x000000c8,0x000004b6,0x0008000c,0x00000008,0x00000500,0x00000001,0x00000031,
0x0000002c,0x000004fe,0x000004c8,0x00050051,0x00000008,0x00000504,0x000004da,0x00000001,
0x0008000c,0x00000008,0x00000505,0x00000001,0x0000002e,0x000004ea,0x000004fc,0x00000504,
0x00050085,0x00000008,0x00000507,0x00000505,0x00000500,0x000200f9,0x00000508,0x000200f8,
0x00000508,0x000b00f5,0x00000008,0x000009f4,0x0000002c,0x000004ab,0x0000002c,0x000004b1,
0x0000002c,0x000004cb,0x00000507,0x0000057c,0x000500b7,0x0000001d,0x000003b0,0x000009f4,
0x0000002c,0x000300f7,0x000003b2,0x00000000,0x000400fa,0x000003b0,0x000003b1,0x000003b2,
0x000200f8,0x000003b1,0x00050081,0x00000008,0x000003b5,0x000009f6,0x000009f4,0x0007000c,
0x00000008,0x000003b7,0x00000001,0x00000028,0x000009e6,0x00000285,0x0007000c,0x00000008,
0x00000586,0x00000001,0x00000028,0x000003b7,0x000000d8,0x00050088,0x00000008,0x00000587,
0x0000004f,0x00000586,0x00050050,0x0000000f,0x0000058a,0x000003b7,0x0000002c,0x00050081,
0x0000000f,0x0000058b,0x000003ad,0x0000058a,0x000300f7,0x00000620,0x00000000,0x000300fb,
0x00000070,0x000005bc,0x000200f8,0x000005bc,0x000300f7,0x000005c4,0x00000000,0x000400fa,
0x000004aa,0x000005c3,0x000005c4,0x000200f8,0x000005c3,0x000200f9,0x00000620,0x000200f8,
0x000005c4,0x00060041,0x0000004c,0x000005c5,0x00000049,0x0000004a,0x00000059,0x0004003d,
0x00000008,0x000005c6,0x000005c5,0x000500bc,0x0000001d,0x000005c8,0x000005c6,0x0000002c,
0x000300f7,0x000005ca,0x00000000,0x000400fa,0x000005c8,0x000005c9,0x000005ca,0x000200f8,
0x000005c9,0x000200f9,0x00000620,0x000200f8,0x000005ca,0x0004006f,0x00000008,0x000005cd,
0x000004a8,0x00050088,0x00000008,0x000005ce,0x000005c6,0x000005cd,0x00050041,0x00000068,
0x000005d0,0x00000049,0x0000004a,0x0004003d,0x0000003d,0x000005d1,0x000005d0,0x0007004f,
0x0000000f,0x000005d2,0x000005d1,0x000005d1,0x00000000,0x00000001,0x00050083,0x0000000f,
0x000005d3,0x0000058b,0x000005d2,0x00050085,0x00000008,0x000005d5,0x000005c6,0x0000004f,
0x00050051,0x00000008,0x000005d7,0x000005d3,0x00000000,0x0006000c,0x00000008,0x000005d8,
0x00000001,0x00000004,0x000005d7,0x0004007f,0x00000008,0x00000af2,0x000005d8,0x0008000c,
0x00000008,0x000005d9,0x00000001,0x00000032,0x000005c6,0x0000004f,0x00000af2,0x00050051,
0x00000008,0x000005dd,0x000005d3,0x00000001,0x0006000c,0x00000008,0x000005de,0x00000001,
0x00000004,0x000005dd,0x0004007f,0x00000008,0x00000af3,0x000005de,0x0008000c,0x00000008,
0x000005df,0x00000001,0x00000032,0x000005c6,0x0000004f,0x00000af3,0x0007000c,0x00000008,
0x000005e0,0x00000001,0x00000025,0x000005d9,0x000005df,0x000500bc,0x0000001d,0x000005e2,
0x000005e0,0x0000002c,0x000300f7,0x000005e4,0x00000000,0x000400fa,0x000005e2,0x000005e3,
0x000005e4,0x000200f8,0x000005e3,0x000200f9,0x00000620,0x000200f8,0x000005e4,0x00050050,
0x0000000f,0x000005e8,0x000005d5,0x000005d5,0x00050081,0x0000000f,0x000005e9,0x000005d3,
0x000005e8,0x00050050,0x0000000f,0x000005eb,0x000005ce,0x000005ce,0x00050088,0x0000000f,
0x000005ec,0x000005e9,0x000005eb,0x00050083,0x0000000f,0x000005ed,0x000005ec,0x0000008b,
0x0006000c,0x0000000f,0x000005ef,0x00000001,0x00000008,0x000005ed,0x0004006e,0x0000008d,
0x000005f0,0x000005ef,0x0006000c,0x0000000f,0x000005f2,0x00000001,0x0000000a,0x000005ed,
0x00050051,0x00000006,0x000005f4,0x000005f0,0x00000000,0x00050051,0x00000006,0x000005f6,
0x000005f0,0x00000001,0x000300f7,0x0000063d,0x00000000,0x000300fb,0x00000070,0x00000626,
0x000200f8,0x00000626,0x000500b1,0x0000001d,0x00000628,0x000005f4,0x0000001c,0x000500b1,
0x0000001d,0x0000062a,0x000005f6,0x0000001c,0x000500a6,0x0000001d,0x0000062b,0x00000628,
0x0000062a,0x000500af,0x0000001d,0x0000062e,0x000005f4,0x000004a8,0x000500a6,0x0000001d,
0x0000062f,0x0000062b,0x0000062e,0x000500af,0x0000001d,0x00000632,0x000005f6,0x000004a8,
0x000500a6,0x0000001d,0x00000633,0x0000062f,0x00000632,0x000300f7,0x00000635,0x00000000,
0x000400fa,0x00000633,0x00000634,0x00000635,0x000200f8,0x00000634,0x000200f9,0x0000063d,
0x000200f8,0x00000635,0x00050084,0x00000006,0x00000638,0x000005f6,0x000004a8,0x00050080,
0x00000006,0x0000063a,0x00000638,0x000005f4,0x00060041,0x00000037,0x0000063b,0x00000031,
0x0000001c,0x0000063a,0x0004003d,0x00000008,0x0000063c,0x0000063b,0x000200f9,0x0000063d,
0x000200f8,0x0000063d,0x000700f5,0x00000008,0x00000a0a,0x0000002c,0x00000634,0x0000063c,
0x00000635,0x00050080,0x00000006,0x000005fb,0x000005f4,0x000000a2,0x000300f7,0x0000065a,
0x00000000,0x000300fb,0x00000070,0x00000643,0x000200f8,0x00000643,0x000500b1,0x0000001d,
0x00000645,0x000005fb,0x0000001c,0x000500a6,0x0000001d,0x00000648,0x00000645,0x0000062a,
0x000500af,0x0000001d,0x0000064b,0x000005fb,0x000004a8,0x000500a6,0x0000001d,0x0000064c,
0x00000648,0x0000064b,0x000500a6,0x0000001d,0x00000650,0x0000064c,0x00000632,0x000300f7,
0x00000652,0x00000000,0x000400fa,0x00000650,0x00000651,0x00000652,0x000200f8,0x00000651,
0x000200f9,0x0000065a,0x000200f8,0x00000652,0x00050084,0x00000006,0x00000655,0x000005f6,
0x000004a8,0x00050080,0x00000006,0x00000657,0x00000655,0x000005fb,0x00060041,0x00000037,
0x00000658,0x00000031,0x0000001c,0x00000657,0x0004003d,0x00000008,0x00000659,0x00000658,
0x000200f9,0x0000065a,0x000200f8,0x0000065a,0x000700f5,0x00000008,0x00000a0b,0x0000002c,
0x00000651,0x00000659,0x00000652,0x00050051,0x00000008,0x00000601,0x000005f2,0x00000000,
0x0008000c,0x00000008,0x00000602,0x00000001,0x0000002e,0x00000a0a,0x00000a0b,0x00000601,
0x00050080,0x00000006,0x00000605,0x000005f6,0x000000a2,0x000300f7,0x00000677,0x00000000,
0x000300fb,0x00000070,0x00000660,0x000200f8,0x00000660,0x000500b1,0x0000001d,0x00000664,
0x00000605,0x0000001c,0x000500a6,0x0000001d,0x00000665,0x00000628,0x00000664,0x000500a6,
0x0000001d,0x00000669,0x00000665,0x0000062e,0x000500af,0x0000001d,0x0000066c,0x00000605,
0x000004a8,0x000500a6,0x0000001d,0x0000066d,0x00000669,0x0000066c,0x000300f7,0x0000066f,
0x00000000,0x000400fa,0x0000066d,0x0000066e,0x0000066f,0x000200f8,0x0000066e,0x000200f9,
0x00000677,0x000200f8,0x0000066f,0x00050084,0x00000006,0x00000672,0x00000605,0x000004a8,
0x00050080,0x00000006,0x00000674,0x00000672,0x000005f4,0x00060041,0x00000037,0x00000675,
0x00000031,0x0000001c,0x00000674,0x0004003d,0x00000008,0x00000676,0x00000675,0x000200f9,
0x00000677,0x000200f8,0x00000677,0x000700f5,0x00000008,0x00000a0c,0x0000002c,0x0000066e,
0x00000676,0x0000066f,0x000300f7,0x00000694,0x00000000,0x000300fb,0x00000070,0x0000067d,
0x000200f8,0x0000067d,0x000500a6,0x0000001d,0x00000682,0x00000645,0x00000664,0x000500a6,
0x0000001d,0x00000686,0x00000682,0x0000064b,0x000500a6,0x0000001d,0x0000068a,0x00000686,
0x0000066c,0x000300f7,0x0000068c,0x00000000,0x000400fa,0x0000068a,0x0000068b,0x0000068c,
0x000200f8,0x0000068b,0x000200f9,0x00000694,0x000200f8,0x0000068c,0x00050084,0x00000006,
0x0000068f,0x00000605,0x000004a8,0x00050080,0x00000006,0x00000691,0x0000068f,0x000005fb,
0x00060041,0x00000037,0x00000692,0x00000031,0x0000001c,0x00000691,0x0004003d,0x00000008,
0x00000693,0x00000692,0x000200f9,0x00000694,0x000200f8,0x00000694,0x000700f5,0x00000008,
0x00000a0d,0x0000002c,0x0000068b,0x00000693,0x0000068c,0x0008000c,0x00000008,0x00000614,
0x00000001,0x0000002e,0x00000a0c,0x00000a0d,0x00000601,0x00050085,0x00000008,0x00000616,
0x000000c8,0x000005ce,0x0008000c,0x00000008,0x00000618,0x00000001,0x00000031,0x0000002c,
0x00000616,0x000005e0,0x00050051,0x00000008,0x0000061c,0x000005f2,0x00000001,0x0008000c,
0x00000008,0x0000061d,0x00000001,0x0000002e,0x00000602,0x00000614,0x0000061c,0x00050085,
0x00000008,0x0000061f,0x0000061d,0x00000618,0x000200f9,0x00000620,0x000200f8,0x00000620,
0x000b00f5,0x00000008,0x00000a0e,0x0000002c,0x000005c3,0x0000002c,0x000005c9,0x0000002c,
0x000005e3,0x0000061f,0x00000694,0x00050083,0x0000000f,0x00000590,0x000003ad,0x0000058a,
0x000300f7,0x00000715,0x00000000,0x000300fb,0x00000070,0x000006b1,0x000200f8,0x000006b1,
0x000300f7,0x000006b9,0x00000000,0x000400fa,0x000004aa,0x000006b8,0x000006b9,0x000200f8,
0x000006b8,0x000200f9,0x00000715,0x000200f8,0x000006b9,0x00060041,0x0000004c,0x000006ba,
0x00000049,0x0000004a,0x00000059,0x0004003d,0x00000008,0x000006bb,0x000006ba,0x000500bc,
0x0000001d,0x000006bd,0x000006bb,0x0000002c,0x000300f7,0x000006bf,0x00000000,0x000400fa,
0x000006bd,0x000006be,0x000006bf,0x000200f8,0x000006be,0x000200f9,0x00000715,0x000200f8,
0x000006bf,0x0004006f,0x00000008,0x000006c2,0x000004a8,0x00050088,0x00000008,0x000006c3,
0x000006bb,0x000006c2,0x00050041,0x00000068,0x000006c5,0x00000049,0x0000004a,0x0004003d,
0x0000003d,0x000006c6,0x000006c5,0x0007004f,0x0000000f,0x000006c7,0x000006c6,0x000006c6,
0x00000000,0x00000001,0x00050083,0x0000000f,0x000006c8,0x00000590,0x000006c7,0x00050085,
0x00000008,0x000006ca,0x000006bb,0x0000004f,0x00050051,0x00000008,0x000006cc,0x000006c8,
0x00000000,0x0006000c,0x00000008,0x000006cd,0x00000001,0x00000004,0x000006cc,0x0004007f,
0x00000008,0x00000af4,0x000006cd,0x0008000c,0x00000008,0x000006ce,0x00000001,0x00000032,
0x000006bb,0x0000004f,0x00000af4,0x00050051,0x00000008,0x000006d2,0x000006c8,0x00000001,
0x0006000c,0x00000008,0x000006d3,0x00000001,0x00000004,0x000006d2,0x0004007f,0x00000008,
0x00000af5,0x000006d3,0x0008000c,0x00000008,0x000006d4,0x00000001,0x00000032,0x000006bb,
0x0000004f,0x00000af5,0x0007000c,0x00000008,0x000006d5,0x00000001,0x00000025,0x000006ce,
0x000006d4,0x000500bc,0x0000001d,0x000006d7,0x000006d5,0x0000002c,0x000300f7,0x000006d9,
0x00000000,0x000400fa,0x000006d7,0x000006d8,0x000006d9,0x000200f8,0x000006d8,0x000200f9,
0x00000715,0x000200f8,0x000006d9,0x00050050,0x0000000f,0x000006dd,0x000006ca,0x000006ca,
0x00050081,0x0000000f,0x000006de,0x000006c8,0x000006dd,0x00050050,0x0000000f,0x000006e0,
0x000006c3,0x000006c3,0x00050088,0x0000000f,0x000006e1,0x000006de,0x000006e0,0x00050083,
0x0000000f,0x000006e2,0x000006e1,0x0000008b,0x0006000c,0x0000000f,0x000006e4,0x00000001,
0x00000008,0x000006e2,0x0004006e,0x0000008d,0x000006e5,0x000006e4,0x0006000c,0x0000000f,
0x000006e7,0x00000001,0x0000000a,0x000006e2,0x00050051,0x00000006,0x000006e9,0x000006e5,
0x00000000,0x00050051,0x00000006,0x000006eb,0x000006e5,0x00000001,0x000300f7,0x00000732,
0x00000000,0x000300fb,0x00000070,0x0000071b,0x000200f8,0x0000071b,0x000500b1,0x0000001d,
0x0000071d,0x000006e9,0x0000001c,0x000500b1,0x0000001d,0x0000071f,0x000006eb,0x0000001c,
0x000500a6,0x0000001d,0x00000720,0x0000071d,0x0000071f,0x000500af,0x0000001d,0x00000723,
0x000006e9,0x000004a8,0x000500a6,0x0000001d,0x00000724,0x00000720,0x00000723,0x000500af,
0x0000001d,0x00000727,0x000006eb,0x000004a8,0x000500a6,0x0000001d,0x00000728,0x00000724,
0x00000727,0x000300f7,0x0000072a,0x00000000,0x000400fa,0x00000728,0x00000729,0x0000072a,
0x000200f8,0x00000729,0x000200f9,0x00000732,0x000200f8,0x0000072a,0x00050084,0x00000006,
0x0000072d,0x000006eb,0x000004a8,0x00050080,0x00000006,0x0000072f,0x0000072d,0x000006e9,
0x00060041,0x00000037,0x00000730,0x00000031,0x0000001c,0x0000072f,0x0004003d,0x00000008,
0x00000731,0x00000730,0x000200f9,0x00000732,0x000200f8,0x00000732,0x000700f5,0x00000008,
0x00000a0f,0x0000002c,0x00000729,0x00000731,0x0000072a,0x00050080,0x00000006,0x000006f0,
0x000006e9,0x000000a2,0x000300f7,0x0000074f,0x00000000,0x000300fb,0x00000070,0x00000738,
0x000200f8,0x00000738,0x000500b1,0x0000001d,0x0000073a,0x000006f0,0x0000001c,0x000500a6,
0x0000001d,0x0000073d,0x0000073a,0x0000071f,0x000500af,0x0000001d,0x00000740,0x000006f0,
0x000004a8,0x000500a6,0x0000001d,0x00000741,0x0000073d,0x00000740,0x000500a6,0x0000001d,
0x00000745,0x00000741,0x00000727,0x000300f7,0x00000747,0x00000000,0x000400fa,0x00000745,
0x00000746,0x00000747,0x000200f8,0x00000746,0x000200f9,0x0000074f,0x000200f8,0x00000747,
0x00050084,0x00000006,0x0000074a,0x000006eb,0x000004a8,0x00050080,0x00000006,0x0000074c,
0x0000074a,0x000006f0,0x00060041,0x00000037,0x0000074d,0x00000031,0x0000001c,0x0000074c,
0x0004003d,0x00000008,0x0000074e,0x0000074d,0x000200f9,0x0000074f,0x000200f8,0x0000074f,
0x000700f5,0x00000008,0x00000a10,0x0000002c,0x00000746,0x0000074e,0x00000747,0x00050051,
0x00000008,0x000006f6,0x000006e7,0x00000000,0x0008000c,0x00000008,0x000006f7,0x00000001,
0x0000002e,0x00000a0f,0x00000a10,0x000006f6,0x00050080,0x00000006,0x000006fa,0x000006eb,
0x000000a2,0x000300f7,0x0000076c,0x00000000,0x000300fb,0x00000070,0x00000755,0x000200f8,
0x00000755,0x000500b1,0x0000001d,0x00000759,0x000006fa,0x0000001c,0x000500a6,0x0000001d,
0x0000075a,0x0000071d,0x00000759,0x000500a6,0x0000001d,0x0000075e,0x0000075a,0x00000723,
0x000500af,0x0000001d,0x00000761,0x000006fa,0x000004a8,0x000500a6,0x0000001d,0x00000762,
0x0000075e,0x00000761,0x000300f7,0x00000764,0x00000000,0x000400fa,0x00000762,0x00000763,
0x00000764,0x000200f8,0x00000763,0x000200f9,0x0000076c,0x000200f8,0x00000764,0x00050084,
0x00000006,0x00000767,0x000006fa,0x000004a8,0x00050080,0x00000006,0x00000769,0x00000767,
0x000006e9,0x00060041,0x00000037,0x0000076a,0x00000031,0x0000001c,0x00000769,0x0004003d,
0x00000008,0x0000076b,0x0000076a,0x000200f9,0x0000076c,0x000200f8,0x0000076c,0x000700f5,
0x00000008,0x00000a11,0x0000002c,0x00000763,0x0000076b,0x00000764,0x000300f7,0x00000789,
0x00000000,0x000300fb,0x00000070,0x00000772,0x000200f8,0x00000772,0x000500a6,0x0000001d,
0x00000777,0x0000073a,0x00000759,0x000500a6,0x0000001d,0x0000077b,0x00000777,0x00000740,
0x000500a6,0x0000001d,0x0000077f,0x0000077b,0x00000761,0x000300f7,0x00000781,0x00000000,
0x000400fa,0x0000077f,0x00000780,0x00000781,0x000200f8,0x00000780,0x000200f9,0x00000789,
0x000200f8,0x00000781,0x00050084,0x00000006,0x00000784,0x000006fa,0x000004a8,0x00050080,
0x00000006,0x00000786,0x00000784,0x000006f0,0x00060041,0x00000037,0x00000787,0x00000031,
0x0000001c,0x00000786,0x0004003d,0x00000008,0x00000788,0x00000787,0x000200f9,0x00000789,
0x000200f8,0x00000789,0x000700f5,0x00000008,0x00000a12,0x0000002c,0x00000780,0x00000788,
0x00000781,0x0008000c,0x00000008,0x00000709,0x00000001,0x0000002e,0x00000a11,0x00000a12,
0x000006f6,0x00050085,0x00000008,0x0000070b,0x000000c8,0x000006c3,0x0008000c,0x00000008,
0x0000070d,0x00000001,0x00000031,0x0000002c,0x0000070b,0x000006d5,0x00050051,0x00000008,
0x00000711,0x000006e7,0x00000001,0x0008000c,0x00000008,0x00000712,0x00000001,0x0000002e,
0x000006f7,0x00000709,0x00000711,0x00050085,0x00000008,0x00000714,0x00000712,0x0000070d,
0x000200f9,0x00000715,0x000200f8,0x00000715,0x000b00f5,0x00000008,0x00000a13,0x0000002c,
0x000006b8,0x0000002c,0x000006be,0x0000002c,0x000006d8,0x00000714,0x00000789,0x00050083,
0x00000008,0x00000592,0x00000a0e,0x00000a13,0x00050050,0x0000000f,0x00000595,0x0000002c,
0x000003b7,0x00050081,0x0000000f,0x00000596,0x000003ad,0x00000595,0x000300f7,0x0000080a,
0x00000000,0x000300fb,0x00000070,0x000007a6,0x000200f8,0x000007a6,0x000300f7,0x000007ae,
0x00000000,0x000400fa,0x000004aa,0x000007ad,0x000007ae,0x000200f8,0x000007ad,0x000200f9,
0x0000080a,0x000200f8,0x000007ae,0x00060041,0x0000004c,0x000007af,0x00000049,0x0000004a,
0x00000059,0x0004003d,0x00000008,0x000007b0,0x000007af,0x000500bc,0x0000001d,0x000007b2,
0x000007b0,0x0000002c,0x000300f7,0x000007b4,0x00000000,0x000400fa,0x000007b2,0x000007b3,
0x000007b4,0x000200f8,0x000007b3,0x000200f9,0x0000080a,0x000200f8,0x000007b4,0x0004006f,
0x00000008,0x000007b7,0x000004a8,0x00050088,0x00000008,0x000007b8,0x000007b0,0x000007b7,
0x00050041,0x00000068,0x000007ba,0x00000049,0x0000004a,0x0004003d,0x0000003d,0x000007bb,
0x000007ba,0x0007004f,0x0000000f,0x000007bc,0x000007bb,0x000007bb,0x00000000,0x00000001,
0x00050083,0x0000000f,0x000007bd,0x00000596,0x000007bc,0x00050085,0x00000008,0x000007bf,
0x000007b0,0x0000004f,0x00050051,0x00000008,0x000007c1,0x000007bd,0x00000000,0x0006000c,
0x00000008,0x000007c2,0x00000001,0x00000004,0x000007c1,0x0004007f,0x00000008,0x00000af6,
0x000007c2,0x0008000c,0x00000008,0x000007c3,0x00000001,0x00000032,0x000007b0,0x0000004f,
0x00000af6,0x00050051,0x00000008,0x000007c7,0x000007bd,0x00000001,0x0006000c,0x00000008,
0x000007c8,0x00000001,0x00000004,0x000007c7,0x0004007f,0x00000008,0x00000af7,0x000007c8,
0x0008000c,0x00000008,0x000007c9,0x00000001,0x00000032,0x000007b0,0x0000004f,0x00000af7,
0x0007000c,0x00000008,0x000007ca,0x00000001,0x00000025,0x000007c3,0x000007c9,0x000500bc,
0x0000001d,0x000007cc,0x000007ca,0x0000002c,0x000300f7,0x000007ce,0x00000000,0x000400fa,
0x000007cc,0x000007cd,0x000007ce,0x000200f8,0x000007cd,0x000200f9,0x0000080a,0x000200f8,
0x000007ce,0x00050050,0x0000000f,0x000007d2,0x000007bf,0x000007bf,0x00050081,0x0000000f,
0x000007d3,0x000007bd,0x000007d2,0x00050050,0x0000000f,0x000007d5,0x000007b8,0x000007b8,
0x00050088,0x0000000f,0x000007d6,0x000007d3,0x000007d5,0x00050083,0x0000000f,0x000007d7,
0x000007d6,0x0000008b,0x0006000c,0x0000000f,0x000007d9,0x00000001,0x00000008,0x000007d7,
0x0004006e,0x0000008d,0x000007da,0x000007d9,0x0006000c,0x0000000f,0x000007dc,0x00000001,
0x0000000a,0x000007d7,0x00050051,0x00000006,0x000007de,0x000007da,0x00000000,0x00050051,
0x00000006,0x000007e0,0x000007da,0x00000001,0x000300f7,0x00000827,0x00000000,0x000300fb,
0x00000070,0x00000810,0x000200f8,0x00000810,0x000500b1,0x0000001d,0x00000812,0x000007de,
0x0000001c,0x000500b1,0x0000001d,0x00000814,0x000007e0,0x0000001c,0x000500a6,0x0000001d,
0x00000815,0x00000812,0x00000814,0x000500af,0x0000001d,0x00000818,0x000007de,0x000004a8,
0x000500a6,0x0000001d,0x00000819,0x00000815,0x00000818,0x000500af,0x0000001d,0x0000081c,
0x000007e0,0x000004a8,0x000500a6,0x0000001d,0x0000081d,0x00000819,0x0000081c,0x000300f7,
0x0000081f,0x00000000,0x000400fa,0x0000081d,0x0000081e,0x0000081f,0x000200f8,0x0000081e,
0x000200f9,0x00000827,0x000200f8,0x0000081f,0x00050084,0x00000006,0x00000822,0x000007e0,
0x000004a8,0x00050080,0x00000006,0x00000824,0x00000822,0x000007de,0x00060041,0x00000037,
0x00000825,0x00000031,0x0000001c,0x00000824,0x0004003d,0x00000008,0x00000826,0x00000825,
0x000200f9,0x00000827,0x000200f8,0x00000827,0x000700f5,0x00000008,0x00000a14,0x0000002c,
0x0000081e,0x00000826,0x0000081f,0x00050080,0x00000006,0x000007e5,0x000007de,0x000000a2,
0x000300f7,0x00000844,0x00000000,0x000300fb,0x00000070,0x0000082d,0x000200f8,0x0000082d,
0x000500b1,0x0000001d,0x0000082f,0x000007e5,0x0000001c,0x000500a6,0x0000001d,0x00000832,
0x0000082f,0x00000814,0x000500af,0x0000001d,0x00000835,0x000007e5,0x000004a8,0x000500a6,
0x0000001d,0x00000836,0x00000832,0x00000835,0x000500a6,0x0000001d,0x0000083a,0x00000836,
0x0000081c,0x000300f7,0x0000083c,0x00000000,0x000400fa,0x0000083a,0x0000083b,0x0000083c,
0x000200f8,0x0000083b,0x000200f9,0x00000844,0x000200f8,0x0000083c,0x00050084,0x00000006,
0x0000083f,0x000007e0,0x000004a8,0x00050080,0x00000006,0x00000841,0x0000083f,0x000007e5,
0x00060041,0x00000037,0x00000842,0x00000031,0x0000001c,0x00000841,0x0004003d,0x00000008,
0x00000843,0x00000842,0x000200f9,0x00000844,0x000200f8,0x00000844,0x000700f5,0x00000008,
0x00000a15,0x0000002c,0x0000083b,0x00000843,0x0000083c,0x00050051,0x00000008,0x000007eb,
0x000007dc,0x00000000,0x0008000c,0x00000008,0x000007ec,0x00000001,0x0000002e,0x00000a14,
0x00000a15,0x000007eb,0x00050080,0x00000006,0x000007ef,0x000007e0,0x000000a2,0x000300f7,
0x00000861,0x00000000,0x000300fb,0x00000070,0x0000084a,0x000200f8,0x0000084a,0x000500b1,
0x0000001d,0x0000084e,0x000007ef,0x0000001c,0x000500a6,0x0000001d,0x0000084f,0x00000812,
0x0000084e,0x000500a6,0x0000001d,0x00000853,0x0000084f,0x00000818,0x000500af,0x0000001d,
0x00000856,0x000007ef,0x000004a8,0x000500a6,0x0000001d,0x00000857,0x00000853,0x00000856,
0x000300f7,0x00000859,0x00000000,0x000400fa,0x00000857,0x00000858,0x00000859,0x000200f8,
0x00000858,0x000200f9,0x00000861,0x000200f8,0x00000859,0x00050084,0x00000006,0x0000085c,
0x000007ef,0x000004a8,0x00050080,0x00000006,0x0000085e,0x0000085c,0x000007de,0x00060041,
0x00000037,0x0000085f,0x00000031,0x0000001c,0x0000085e,0x0004003d,0x00000008,0x00000860,
0x0000085f,0x000200f9,0x00000861,0x000200f8,0x00000861,0x000700f5,0x00000008,0x00000a16,
0x0000002c,0x00000858,0x00000860,0x00000859,0x000300f7,0x0000087e,0x00000000,0x000300fb,
0x00000070,0x00000867,0x000200f8,0x00000867,0x000500a6,0x0000001d,0x0000086c,0x0000082f,
0x0000084e,0x000500a6,0x0000001d,0x00000870,0x0000086c,0x00000835,0x000500a6,0x0000001d,
0x00000874,0x00000870,0x00000856,0x000300f7,0x00000876,0x00000000,0x000400fa,0x00000874,
0x00000875,0x00000876,0x000200f8,0x00000875,0x000200f9,0x0000087e,0x000200f8,0x00000876,
0x00050084,0x00000006,0x00000879,0x000007ef,0x000004a8,0x00050080,0x00000006,0x0000087b,
0x00000879,0x000007e5,0x00060041,0x00000037,0x0000087c,0x00000031,0x0000001c,0x0000087b,
0x0004003d,0x00000008,0x0000087d,0x0000087c,0x000200f9,0x0000087e,0x000200f8,0x0000087e,
0x000700f5,0x00000008,0x00000a17,0x0000002c,0x00000875,0x0000087d,0x00000876,0x0008000c,
0x00000008,0x000007fe,0x00000001,0x0000002e,0x00000a16,0x00000a17,0x000007eb,0x00050085,
0x00000008,0x00000800,0x000000c8,0x000007b8,0x0008000c,0x00000008,0x00000802,0x00000001,
0x00000031,0x0000002c,0x00000800,0x000007ca,0x00050051,0x00000008,0x00000806,0x000007dc,
0x00000001,0x0008000c,0x00000008,0x00000807,0x00000001,0x0000002e,0x000007ec,0x000007fe,
0x00000806,0x00050085,0x00000008,0x00000809,0x00000807,0x00000802,0x000200f9,0x0000080a,
0x000200f8,0x0000080a,0x000b00f5,0x00000008,0x00000a18,0x0000002c,0x000007ad,0x0000002c,
0x000007b3,0x0000002c,0x000007cd,0x00000809,0x0000087e,0x00050083,0x0000000f,0x0000059b,
0x000003ad,0x00000595,0x000300f7,0x000008ff,0x00000000,0x000300fb,0x00000070,0x0000089b,
0x000200f8,0x0000089b,0x000300f7,0x000008a3,0x00000000,0x000400fa,0x000004aa,0x000008a2,
0x000008a3,0x000200f8,0x000008a2,0x000200f9,0x000008ff,0x000200f8,0x000008a3,0x00060041,
0x0000004c,0x000008a4,0x00000049,0x0000004a,0x00000059,0x0004003d,0x00000008,0x000008a5,
0x000008a4,0x000500bc,0x0000001d,0x000008a7,0x000008a5,0x0000002c,0x000300f7,0x000008a9,
0x00000000,0x000400fa,0x000008a7,0x000008a8,0x000008a9,0x000200f8,0x000008a8,0x000200f9,
0x000008ff,0x000200f8,0x000008a9,0x0004006f,0x00000008,0x000008ac,0x000004a8,0x00050088,
0x00000008,0x000008ad,0x000008a5,0x000008ac,0x00050041,0x00000068,0x000008af,0x00000049,
0x0000004a,0x0004003d,0x0000003d,0x000008b0,0x000008af,0x0007004f,0x0000000f,0x000008b1,
0x000008b0,0x000008b0,0x00000000,0x00000001,0x00050083,0x0000000f,0x000008b2,0x0000059b,
0x000008b1,0x00050085,0x00000008,0x000008b4,0x000008a5,0x0000004f,0x00050051,0x00000008,
0x000008b6,0x000008b2,0x00000000,0x0006000c,0x00000008,0x000008b7,0x00000001,0x00000004,
0x000008b6,0x0004007f,0x00000008,0x00000af8,0x000008b7,0x0008000c,0x00000008,0x000008b8,
0x00000001,0x00000032,0x000008a5,0x0000004f,0x00000af8,0x00050051,0x00000008,0x000008bc,
0x000008b2,0x00000001,0x0006000c,0x00000008,0x000008bd,0x00000001,0x00000004,0x000008bc,
0x0004007f,0x00000008,0x00000af9,0x000008bd,0x0008000c,0x00000008,0x000008be,0x00000001,
0x00000032,0x000008a5,0x0000004f,0x00000af9,0x0007000c,0x00000008,0x000008bf,0x00000001,
0x00000025,0x000008b8,0x000008be,0x000500bc,0x0000001d,0x000008c1,0x000008bf,0x0000002c,
0x000300f7,0x000008c3,0x00000000,0x000400fa,0x000008c1,0x000008c2,0x000008c3,0x000200f8,
0x000008c2,0x000200f9,0x000008ff,0x000200f8,0x000008c3,0x00050050,0x0000000f,0x000008c7,
0x000008b4,0x000008b4,0x00050081,0x0000000f,0x000008c8,0x000008b2,0x000008c7,0x00050050,
0x0000000f,0x000008ca,0x000008ad,0x000008ad,0x00050088,0x0000000f,0x000008cb,0x000008c8,
0x000008ca,0x00050083,0x0000000f,0x000008cc,0x000008cb,0x0000008b,0x0006000c,0x0000000f,
0x000008ce,0x00000001,0x00000008,0x000008cc,0x0004006e,0x0000008d,0x000008cf,0x000008ce,
0x0006000c,0x0000000f,0x000008d1,0x00000001,0x0000000a,0x000008cc,0x00050051,0x00000006,
0x000008d3,0x000008cf,0x00000000,0x00050051,0x00000006,0x000008d5,0x000008cf,0x00000001,
0x000300f7,0x0000091c,0x00000000,0x000300fb,0x00000070,0x00000905,0x000200f8,0x00000905,
0x000500b1,0x0000001d,0x00000907,0x000008d3,0x0000001c,0x000500b1,0x0000001d,0x00000909,
0x000008d5,0x0000001c,0x000500a6,0x0000001d,0x0000090a,0x00000907,0x00000909,0x000500af,
0x0000001d,0x0000090d,0x000008d3,0x000004a8,0x000500a6,0x0000001d,0x0000090e,0x0000090a,
0x0000090d,0x000500af,0x0000001d,0x00000911,0x000008d5,0x000004a8,0x000500a6,0x0000001d,
0x00000912,0x0000090e,0x00000911,0x000300f7,0x00000914,0x00000000,0x000400fa,0x00000912,
0x00000913,0x00000914,0x000200f8,0x00000913,0x000200f9,0x0000091c,0x000200f8,0x00000914,
0x00050084,0x00000006,0x00000917,0x000008d5,0x000004a8,0x00050080,0x00000006,0x00000919,
0x00000917,0x000008d3,0x00060041,0x00000037,0x0000091a,0x00000031,0x0000001c,0x00000919,
0x0004003d,0x00000008,0x0000091b,0x0000091a,0x000200f9,0x0000091c,0x000200f8,0x0000091c,
0x000700f5,0x00000008,0x00000a19,0x0000002c,0x00000913,0x0000091b,0x00000914,0x00050080,
0x00000006,0x000008da,0x000008d3,0x000000a2,0x000300f7,0x00000939,0x00000000,0x000300fb,
0x00000070,0x00000922,0x000200f8,0x00000922,0x000500b1,0x0000001d,0x00000924,0x000008da,
0x0000001c,0x000500a6,0x0000001d,0x00000927,0x00000924,0x00000909,0x000500af,0x0000001d,
0x0000092a,0x000008da,0x000004a8,0x000500a6,0x0000001d,0x0000092b,0x00000927,0x0000092a,
0x000500a6,0x0000001d,0x0000092f,0x0000092b,0x00000911,0x000300f7,0x00000931,0x00000000,
0x000400fa,0x0000092f,0x00000930,0x00000931,0x000200f8,0x00000930,0x000200f9,0x00000939,
0x000200f8,0x00000931,0x00050084,0x00000006,0x00000934,0x000008d5,0x000004a8,0x00050080,
0x00000006,0x00000936,0x00000934,0x000008da,0x00060041,0x00000037,0x00000937,0x00000031,
0x0000001c,0x00000936,0x0004003d,0x00000008,0x00000938,0x00000937,0x000200f9,0x00000939,
0x000200f8,0x00000939,0x000700f5,0x00000008,0x00000a1a,0x0000002c,0x00000930,0x00000938,
0x00000931,0x00050051,0x00000008,0x000008e0,0x000008d1,0x00000000,0x0008000c,0x00000008,
0x000008e1,0x00000001,0x0000002e,0x00000a19,0x00000a1a,0x000008e0,0x00050080,0x00000006,
0x000008e4,0x000008d5,0x000000a2,0x000300f7,0x00000956,0x00000000,0x000300fb,0x00000070,
0x0000093f,0x000200f8,0x0000093f,0x000500b1,0x0000001d,0x00000943,0x000008e4,0x0000001c,
0x000500a6,0x0000001d,0x00000944,0x00000907,0x00000943,0x000500a6,0x0000001d,0x00000948,
0x00000944,0x0000090d,0x000500af,0x0000001d,0x0000094b,0x000008e4,0x000004a8,0x000500a6,
0x0000001d,0x0000094c,0x00000948,0x0000094b,0x000300f7,0x0000094e,0x00000000,0x000400fa,
0x0000094c,0x0000094d,0x0000094e,0x000200f8,0x0000094d,0x000200f9,0x00000956,0x000200f8,
0x0000094e,0x00050084,0x00000006,0x00000951,0x000008e4,0x000004a8,0x00050080,0x00000006,
0x00000953,0x00000951,0x000008d3,0x00060041,0x00000037,0x00000954,0x00000031,0x0000001c,
0x00000953,0x0004003d,0x00000008,0x00000955,0x00000954,0x000200f9,0x00000956,0x000200f8,
0x00000956,0x000700f5,0x00000008,0x00000a1b,0x0000002c,0x0000094d,0x00000955,0x0000094e,
0x000300f7,0x00000973,0x00000000,0x000300fb,0x00000070,0x0000095c,0x000200f8,0x0000095c,
0x000500a6,0x0000001d,0x00000961,0x00000924,0x00000943,0x000500a6,0x0000001d,0x00000965,
0x00000961,0x0000092a,0x000500a6,0x0000001d,0x00000969,0x00000965,0x0000094b,0x000300f7,
0x0000096b,0x00000000,0x000400fa,0x00000969,0x0000096a,0x0000096b,0x000200f8,0x0000096a,
0x000200f9,0x00000973,0x000200f8,0x0000096b,0x00050084,0x00000006,0x0000096e,0x000008e4,
0x000004a8,0x00050080,0x00000006,0x00000970,0x0000096e,0x000008da,0x00060041,0x00000037,
0x00000971,0x00000031,0x0000001c,0x00000970,0x0004003d,0x00000008,0x00000972,0x00000971,
0x000200f9,0x00000973,0x000200f8,0x00000973,0x000700f5,0x00000008,0x00000a1c,0x0000002c,
0x0000096a,0x00000972,0x0000096b,0x0008000c,0x00000008,0x000008f3,0x00000001,0x0000002e,
0x00000a1b,0x00000a1c,0x000008e0,0x00050085,0x00000008,0x000008f5,0x000000c8,0x000008ad,
0x0008000c,0x00000008,0x000008f7,0x00000001,0x00000031,0x0000002c,0x000008f5,0x000008bf,
0x00050051,0x00000008,0x000008fb,0x000008d1,0x00000001,0x0008000c,0x00000008,0x000008fc,
0x00000001,0x0000002e,0x000008e1,0x000008f3,0x000008fb,0x00050085,0x00000008,0x000008fe,
0x000008fc,0x000008f7,0x000200f9,0x000008ff,0x000200f8,0x000008ff,0x000b00f5,0x00000008,
0x00000a1d,0x0000002c,0x000008a2,0x0000002c,0x000008a8,0x0000002c,0x000008c2,0x000008fe,
0x00000973,0x00050083,0x00000008,0x0000059d,0x00000a18,0x00000a1d,0x00050050,0x0000000f,
0x0000059e,0x00000592,0x0000059d,0x0005008e,0x0000000f,0x000005a0,0x0000059e,0x00000587,
0x00050081,0x0000000f,0x000003be,0x00000a23,0x000005a0,0x000200f9,0x000003b2,0x000200f8,
0x000003b2,0x000700f5,0x00000008,0x00000a3b,0x000009f6,0x00000508,0x000003b5,0x000008ff,
0x000700f5,0x0000000f,0x00000a3a,0x00000a23,0x00000508,0x000003be,0x000008ff,0x0006000c,
0x00000008,0x000003c1,0x00000001,0x00000042,0x00000a3a,0x00050081,0x00000008,0x000003c4,
0x00000158,0x000003c1,0x0007000c,0x00000008,0x000003c5,0x00000001,0x00000028,0x000003c4,
0x00000264,0x00050088,0x00000008,0x000003c6,0x000003c1,0x000003c5,0x00060041,0x0000004c,
0x000003c9,0x00000049,0x000003c8,0x0000004b,0x0004003d,0x00000008,0x000003ca,0x000003c9,
0x00050081,0x00000008,0x000003ce,0x000003ca,0x000003cd,0x0007000c,0x00000008,0x000003cf,
0x00000001,0x00000025,0x000003ce,0x00000158,0x0008000c,0x00000008,0x000003d1,0x00000001,
0x00000031,0x000003ca,0x000003cf,0x000003c6,0x00060041,0x0000004c,0x000003d3,0x00000049,
0x000002b4,0x00000077,0x0004003d,0x00000008,0x000003d4,0x000003d3,0x00050085,0x00000008,
0x000003d5,0x000003d1,0x000003d4,0x0008000c,0x00000008,0x000003d6,0x00000001,0x0000002b,
0x000003d5,0x0000002c,0x00000158,0x00060041,0x0000004c,0x000003d7,0x00000049,0x000002b4,
0x00000070,0x0004003d,0x00000008,0x000003d8,0x000003d7,0x00050085,0x00000008,0x000003da,
0x000003d8,0x000003d6,0x0008000c,0x00000008,0x000003de,0x00000001,0x00000032,0x000003da,
0x000003d6,0x00000a3b,0x00060052,0x000000fa,0x000009d4,0x000003de,0x000009e8,0x00000001,
0x00050051,0x00000008,0x000003e4,0x00000a3a,0x00000000,0x0004007f,0x00000008,0x000003e5,
0x000003e4,0x00050051,0x00000008,0x000003e7,0x00000a3a,0x00000001,0x0004007f,0x00000008,
0x000003e8,0x000003e7,0x00060050,0x000000fa,0x000003e9,0x000003e5,0x00000158,0x000003e8,
0x0006000c,0x000000fa,0x000003ea,0x00000001,0x00000045,0x000003e9,0x0003003e,0x000003e2,
0x000003ea,0x00060050,0x000000fa,0x000003ef,0x00000158,0x000003e4,0x0000002c,0x0006000c,
0x000000fa,0x000003f0,0x00000001,0x00000045,0x000003ef,0x00050051,0x00000008,0x000003f1,
0x000003f0,0x00000000,0x00050051,0x00000008,0x000003f2,0x000003f0,0x00000001,0x00050051,
0x00000008,0x000003f3,0x000003f0,0x00000002,0x00070050,0x0000003d,0x000003f4,0x000003f1,
0x000003f2,0x000003f3,0x00000158,0x0003003e,0x000003ec,0x000003f4,0x000200f9,0x00000213,
0x000200f8,0x000003f5,0x00050091,0x000000fa,0x000003f8,0x0000020c,0x000009e0,0x0006000c,
0x000000fa,0x000003f9,0x00000001,0x00000045,0x000003f8,0x0003003e,0x000003e2,0x000003f9,
0x00050091,0x000000fa,0x000003fc,0x000001f5,0x000009e2,0x0006000c,0x000000fa,0x000003fd,
0x00000001,0x00000045,0x000003fc,0x00050041,0x00000220,0x000003fe,0x00000105,0x0000004b,
0x0004003d,0x00000008,0x000003ff,0x000003fe,0x00050041,0x00000220,0x00000400,0x000001f7,
0x0000004b,0x0004003d,0x00000008,0x00000401,0x00000400,0x00050085,0x00000008,0x00000402,
0x000003ff,0x00000401,0x00050051,0x00000008,0x00000403,0x000003fd,0x00000000,0x00050051,
0x00000008,0x00000404,0x000003fd,0x00000001,0x00050051,0x00000008,0x00000405,0x000003fd,
0x00000002,0x00070050,0x0000003d,0x00000406,0x00000403,0x00000404,0x00000405,0x00000402,
0x0003003e,0x000003ec,0x00000406,0x000200f9,0x00000213,0x000200f8,0x00000213,0x000700f5,
0x000000fa,0x00000a65,0x000009d4,0x000003b2,0x000001ec,0x000003f5,0x0003003e,0x00000407,
0x00000a65,0x0003003e,0x0000040a,0x00000a6e,0x0003003e,0x0000040c,0x00000a91,0x0004003d,
0x0000003d,0x00000410,0x0000040f,0x0004003d,0x0000003d,0x00000412,0x00000411,0x00050085,
0x0000003d,0x00000413,0x00000410,0x00000412,0x0003003e,0x0000040e,0x00000413,0x000300f7,
0x00000416,0x00000000,0x000400fa,0x0000011c,0x00000415,0x00000416,0x000200f8,0x00000415,
0x00060041,0x00000117,0x00000417,0x00000115,0x00000116,0x00000077,0x0004003d,0x0000003f,
0x00000418,0x00000417,0x000500c2,0x0000003f,0x00000419,0x00000418,0x00000176,0x000500ab,
0x0000001d,0x0000041a,0x00000419,0x00000070,0x000200f9,0x00000416,0x000200f8,0x00000416,
0x000700f5,0x0000001d,0x0000041b,0x0000011c,0x00000213,0x0000041a,0x00000415,0x000300f7,
0x0000041d,0x00000000,0x000400fa,0x0000041b,0x0000041c,0x0000041d,0x000200f8,0x0000041c,
0x00050041,0x0000041f,0x00000420,0x0000040e,0x0000004b,0x0003003e,0x00000420,0x00000ab5,
0x000200f9,0x0000041d,0x000200f8,0x0000041d,0x00050041,0x00000220,0x00000422,0x000001fa,
0x0000004b,0x0004003d,0x00000008,0x00000423,0x00000422,0x0003003e,0x00000421,0x00000423,
0x00050041,0x0000012a,0x00000426,0x00000115,0x00000053,0x0004003d,0x0000003d,0x00000427,
0x00000426,0x0008004f,0x000000fa,0x00000428,0x00000427,0x00000427,0x00000000,0x00000001,
0x00000002,0x00050083,0x000000fa,0x00000429,0x00000a65,0x00000428,0x00050041,0x00000068,
0x0000042b,0x00000049,0x00000240,0x0004003d,0x0000003d,0x0000042c,0x0000042b,0x0008004f,
0x000000fa,0x0000042d,0x0000042c,0x0000042c,0x00000000,0x00000001,0x00000002,0x00050094,
0x00000008,0x0000042f,0x0000042d,0x00000429,0x00050041,0x00000068,0x00000431,0x00000049,
0x00000430,0x0004003d,0x0000003d,0x00000432,0x00000431,0x0008004f,0x000000fa,0x00000433,
0x00000432,0x00000432,0x00000000,0x00000001,0x00000002,0x00050094,0x00000008,0x00000435,
0x00000433,0x00000429,0x00050041,0x00000068,0x00000437,0x00000049,0x00000436,0x0004003d,
0x0000003d,0x00000438,0x00000437,0x0008004f,0x000000fa,0x00000439,0x00000438,0x00000438,
0x00000000,0x00000001,0x00000002,0x00050094,0x00000008,0x0000043b,0x00000439,0x00000429,
0x00060041,0x00000117,0x0000043e,0x00000115,0x00000116,0x0000004b,0x0004003d,0x0000003f,
0x0000043f,0x0000043e,0x0004007c,0x00000008,0x00000440,0x0000043f,0x00060041,0x0000013e,
0x00000442,0x00000115,0x00000053,0x0000004b,0x0004003d,0x00000008,0x00000443,0x00000442,
0x00050085,0x00000008,0x00000448,0x0000042f,0x00000447,0x00060041,0x0000013e,0x00000449,
0x00000115,0x0000001c,0x00000070,0x0004003d,0x00000008,0x0000044a,0x00000449,0x00050088,
0x00000008,0x0000044b,0x00000448,0x0000044a,0x00050085,0x00000008,0x0000044f,0x00000435,
0x00000afa,0x00050050,0x0000000f,0x00000450,0x0000044b,0x0000044f,0x00050041,0x0000012a,
0x00000452,0x00000115,0x000000a2,0x0004003d,0x0000003d,0x00000453,0x00000452,0x0007004f,
0x0000000f,0x00000454,0x00000453,0x00000453,0x00000000,0x00000001,0x00050094,0x00000008,
0x00000456,0x00000454,0x00000450,0x0007004f,0x0000000f,0x00000459,0x00000453,0x00000453,
0x00000002,0x00000003,0x00050094,0x00000008,0x0000045b,0x00000459,0x00000450,0x00050050,
0x0000000f,0x0000045c,0x00000456,0x0000045b,0x00050041,0x00000068,0x0000045e,0x00000049,
0x0000045d,0x0004003d,0x0000003d,0x0000045f,0x0000045e,0x0007004f,0x0000000f,0x00000460,
0x0000045f,0x0000045f,0x00000002,0x00000003,0x0005008e,0x0000000f,0x00000463,0x00000460,
0x0000043b,0x00050081,0x0000000f,0x00000465,0x0000045c,0x00000463,0x00050085,0x00000008,
0x00000471,0x00000443,0x00000440,0x0004007f,0x00000008,0x00000afb,0x00000471,0x0008000c,
0x00000008,0x00000472,0x00000001,0x00000032,0x00000440,0x0000043b,0x00000afb,0x00050083,
0x00000008,0x00000475,0x00000440,0x00000443,0x00050088,0x00000008,0x00000476,0x00000472,
0x00000475,0x00050051,0x00000008,0x00000479,0x00000465,0x00000000,0x00050051,0x00000008,
0x0000047a,0x00000465,0x00000001,0x00070050,0x0000003d,0x0000047b,0x00000479,0x0000047a,
0x00000476,0x0000043b,0x00050041,0x000003eb,0x0000047c,0x00000469,0x0000001c,0x0003003e,
0x0000047c,0x0000047b,0x000100fd,0x00010038,
};
inline constexpr uint32_t kWater_SurfaceVertSpirvSize = sizeof(kWater_SurfaceVertSpirv);

inline constexpr uint32_t kWater_SurfaceFragSpirv[] = {
0x07230203,0x00010300,0x000d000a,0x00000fff,0x00000000,0x00020011,0x00000001,0x00020011,
0x00000028,0x0006000b,0x00000001,0x4c534c47,0x6474732e,0x3035342e,0x00000000,0x0003000e,
0x00000000,0x00000001,0x0009000f,0x00000004,0x00000004,0x6e69616d,0x00000000,0x00000438,
0x00000454,0x00000471,0x000004b5,0x00030010,0x00000004,0x00000007,0x00040047,0x00000060,
0x00000006,0x00000040,0x00040047,0x00000062,0x00000006,0x00000010,0x00040047,0x00000063,
0x00000006,0x00000010,0x00040047,0x00000064,0x00000006,0x00000010,0x00040047,0x00000065,
0x00000006,0x00000010,0x00050048,0x00000066,0x00000000,0x00000023,0x00000000,0x00050048,
0x00000066,0x00000001,0x00000023,0x00000010,0x00050048,0x00000066,0x00000002,0x00000023,
0x00000020,0x00050048,0x00000066,0x00000003,0x00000023,0x00000030,0x00050048,0x00000066,
0x00000004,0x00000023,0x00000040,0x00050048,0x00000066,0x00000005,0x00000023,0x00000050,
0x00050048,0x00000066,0x00000006,0x00000023,0x00000060,0x00050048,0x00000066,0x00000007,
0x00000023,0x00000070,0x00050048,0x00000066,0x00000008,0x00000023,0x00000080,0x00050048,
0x00000066,0x00000009,0x00000023,0x00000090,0x00050048,0x00000066,0x0000000a,0x00000023,
0x000000a0,0x00050048,0x00000066,0x0000000b,0x00000023,0x000000b0,0x00040048,0x00000066,
0x0000000c,0x00000005,0x00050048,0x00000066,0x0000000c,0x00000023,0x000000c0,0x00050048,
0x00000066,0x0000000c,0x00000007,0x00000010,0x00050048,0x00000066,0x0000000d,0x00000023,
0x000001c0,0x00050048,0x00000066,0x0000000e,0x00000023,0x000001d0,0x00050048,0x00000066,
0x0000000f,0x00000023,0x000001e0,0x00050048,0x00000066,0x00000010,0x00000023,0x000001f0,
0x00050048,0x00000066,0x00000011,0x00000023,0x00000200,0x00050048,0x00000066,0x00000012,
0x00000023,0x00000210,0x00050048,0x00000066,0x00000013,0x00000023,0x00000220,0x00050048,
0x00000066,0x00000014,0x00000023,0x00000230,0x00050048,0x00000066,0x00000015,0x00000023,
0x00000240,0x00050048,0x00000066,0x00000016,0x00000023,0x00000250,0x00050048,0x00000066,
0x00000017,0x00000023,0x00000260,0x00050048,0x00000066,0x00000018,0x00000023,0x00000270,
0x00050048,0x00000066,0x00000019,0x00000023,0x000002f0,0x00050048,0x00000066,0x0000001a,
0x00000023,0x00000370,0x00050048,0x00000066,0x0000001b,0x00000023,0x00000380,0x00050048,
0x00000066,0x0000001c,0x00000023,0x00000400,0x00050048,0x00000066,0x0000001d,0x00000023,
0x00000480,0x00050048,0x00000066,0x0000001e,0x00000023,0x00000490,0x00030047,0x00000066,
0x00000002,0x00040047,0x00000068,0x00000022,0x00000001,0x00040047,0x00000068,0x00000021,
0x00000000,0x00030047,0x00000081,0x00000000,0x00040047,0x00000081,0x00000001,0x00000002,
0x00040047,0x00000094,0x00000022,0x00000001,0x00040047,0x00000094,0x00000021,0x00000001,
0x00040047,0x000000cc,0x00000022,0x00000001,0x00040047,0x000000cc,0x00000021,0x00000003,
0x00040047,0x000000e0,0x00000022,0x00000001,0x00040047,0x000000e0,0x00000021,0x00000004,
0x00040047,0x000001a7,0x00000022,0x00000001,0x00040047,0x000001a7,0x00000021,0x00000002,
0x00040047,0x0000031f,0x00000006,0x00000004,0x00040048,0x00000320,0x00000000,0x00000018,
0x00050048,0x00000320,0x00000000,0x00000023,0x00000000,0x00030047,0x00000320,0x00000002,
0x00040047,0x00000322,0x00000022,0x00000001,0x00040047,0x00000322,0x00000021,0x0000000f,
0x00040047,0x0000040c,0x00000022,0x00000001,0x00040047,0x0000040c,0x00000021,0x00000006,
0x00040047,0x00000438,0x0000001e,0x00000000,0x00050048,0x00000441,0x00000000,0x00000023,
0x00000000,0x00050048,0x00000441,0x00000001,0x00000023,0x00000010,0x00050048,0x00000441,
0x00000002,0x00000023,0x00000020,0x00050048,0x00000441,0x00000003,0x00000023,0x00000030,
0x00050048,0x00000441,0x00000004,0x00000023,0x00000040,0x00050048,0x00000441,0x00000005,
0x00000023,0x00000050,0x00050048,0x00000441,0x00000006,0x00000023,0x00000060,0x00050048,
0x00000441,0x00000007,0x00000023,0x00000070,0x00030047,0x00000441,0x00000002,0x00040047,
0x00000454,0x0000000b,0x0000000f,0x00040047,0x00000461,0x00000022,0x00000001,0x00040047,
0x00000461,0x00000021,0x00000005,0x00040047,0x00000461,0x0000002b,0x00000000,0x00040047,
0x00000471,0x0000001e,0x00000000,0x00030047,0x000004b5,0x00000000,0x00040047,0x000004b5,
0x0000001e,0x00000001,0x00030047,0x000004b7,0x00000000,0x00030047,0x000004b9,0x00000000,
0x00030047,0x000004ba,0x00000000,0x00030047,0x000004bc,0x00000000,0x00030047,0x000004be,
0x00000000,0x00030047,0x000004c0,0x00000000,0x00030047,0x000004c1,0x00000000,0x00030047,
0x000004c2,0x00000000,0x00030047,0x000004c3,0x00000000,0x00030047,0x000004cc,0x00000000,
0x00030047,0x000004ce,0x00000000,0x00030047,0x000004d6,0x00000000,0x00030047,0x000004d8,
0x00000000,0x00030047,0x000004d9,0x00000000,0x00030047,0x000004dc,0x00000000,0x00030047,
0x000004e0,0x00000000,0x00030047,0x000004e2,0x00000000,0x00030047,0x000004e5,0x00000000,
0x00030047,0x000004e6,0x00000000,0x00030047,0x000004f6,0x00000000,0x00030047,0x000004f9,
0x00000000,0x00030047,0x00000509,0x00000000,0x00030047,0x0000050b,0x00000000,0x00030047,
0x00000524,0x00000000,0x00030047,0x00000527,0x00000000,0x00030047,0x00000528,0x00000000,
0x00030047,0x00000529,0x00000000,0x00030047,0x00000532,0x00000000,0x00030047,0x00000534,
0x00000000,0x00030047,0x00000550,0x00000000,0x00030047,0x0000056e,0x00000000,0x00030047,
0x0000056f,0x00000000,0x00030047,0x00000573,0x00000000,0x00030047,0x00000574,0x00000000,
0x00030047,0x00000578,0x00000000,0x00030047,0x0000057c,0x00000000,0x00030047,0x0000057d,
0x00000000,0x00030047,0x00000584,0x00000000,0x00030047,0x00000585,0x00000000,0x00030047,
0x00000586,0x00000000,0x00030047,0x00000589,0x00000000,0x00030047,0x0000058a,0x00000000,
0x00030047,0x000005bc,0x00000000,0x00030047,0x000005be,0x00000000,0x00030047,0x000005bf,
0x00000000,0x00030047,0x000005c1,0x00000000,0x00030047,0x000005d0,0x00000000,0x00030047,
0x000005d1,0x00000000,0x00030047,0x000005f1,0x00000000,0x00030047,0x000005f2,0x00000000,
0x00030047,0x000005f3,0x00000000,0x00030047,0x000005f7,0x00000000,0x00030047,0x000005f8,
0x00000000,0x00030047,0x00000602,0x00000000,0x00030047,0x00000620,0x00000000,0x00030047,
0x00000622,0x00000000,0x00030047,0x00000659,0x00000000,0x00030047,0x0000065a,0x00000000,
0x00030047,0x0000065d,0x00000000,0x00030047,0x0000065f,0x00000000,0x00030047,0x00000662,
0x00000000,0x00030047,0x00000663,0x00000000,0x00030047,0x00000668,0x00000000,0x00030047,
0x0000066a,0x00000000,0x00030047,0x0000066c,0x00000000,0x00030047,0x0000066d,0x00000000,
0x00030047,0x00000671,0x00000000,0x00030047,0x00000673,0x00000000,0x00030047,0x00000674,
0x00000000,0x00030047,0x00000677,0x00000000,0x00030047,0x00000678,0x00000000,0x00030047,
0x0000067a,0x00000000,0x00030047,0x00000680,0x00000000,0x00030047,0x00000682,0x00000000,
0x00030047,0x00000684,0x00000000,0x00030047,0x00000685,0x00000000,0x00030047,0x00000689,
0x00000000,0x00030047,0x0000068a,0x00000000,0x00030047,0x0000068b,0x00000000,0x00030047,
0x00000696,0x00000000,0x00030047,0x0000069b,0x00000000,0x00030047,0x0000069c,0x00000000,
0x00030047,0x0000069f,0x00000000,0x00030047,0x000006a4,0x00000000,0x00030047,0x000006a5,
0x00000000,0x00030047,0x000006a8,0x00000000,0x00030047,0x000006aa,0x00000000,0x00030047,
0x000006ab,0x00000000,0x00030047,0x000006ac,0x00000000,0x00030047,0x000006ad,0x00000000,
0x00030047,0x00000711,0x00000000,0x00030047,0x00000713,0x00000000,0x00030047,0x00000714,
0x00000000,0x00030047,0x00000768,0x00000000,0x00030047,0x0000078f,0x00000000,0x00030047,
0x00000791,0x00000000,0x00030047,0x00000796,0x00000000,0x00030047,0x000007a0,0x00000000,
0x00030047,0x000007d3,0x00000000,0x00030047,0x000007d5,0x00000000,0x00030047,0x000007f0,
0x00000000,0x00030047,0x000007f2,0x00000000,0x00030047,0x0000080d,0x00000000,0x00030047,
0x0000080f,0x00000000,0x00030047,0x0000082a,0x00000000,0x00030047,0x0000082c,0x00000000,
0x00030047,0x0000085d,0x00000000,0x00030047,0x00000884,0x00000000,0x00030047,0x00000886,
0x00000000,0x00030047,0x0000088b,0x00000000,0x00030047,0x00000895,0x00000000,0x00030047,
0x000008c8,0x00000000,0x00030047,0x000008ca,0x00000000,0x00030047,0x000008e5,0x00000000,
0x00030047,0x000008e7,0x00000000,0x00030047,0x00000902,0x00000000,0x00030047,0x00000904,
0x00000000,0x00030047,0x0000091f,0x00000000,0x00030047,0x00000921,0x00000000,0x00030047,
0x00000952,0x00000000,0x00030047,0x00000979,0x00000000,0x00030047,0x0000097b,0x00000000,
0x00030047,0x00000980,0x00000000,0x00030047,0x0000098a,0x00000000,0x00030047,0x000009bd,
0x00000000,0x00030047,0x000009bf,0x00000000,0x00030047,0x000009da,0x00000000,0x00030047,
0x000009dc,0x00000000,0x00030047,0x000009f7,0x00000000,0x00030047,0x000009f9,0x00000000,
0x00030047,0x00000a14,0x00000000,0x00030047,0x00000a16,0x00000000,0x00030047,0x00000a47,
0x00000000,0x00030047,0x00000a6e,0x00000000,0x00030047,0x00000a70,0x00000000,0x00030047,
0x00000a75,0x00000000,0x00030047,0x00000a7f,0x00000000,0x00030047,0x00000ab2,0x00000000,
0x00030047,0x00000ab4,0x00000000,0x00030047,0x00000acf,0x00000000,0x00030047,0x00000ad1,
0x00000000,0x00030047,0x00000aec,0x00000000,0x00030047,0x00000aee,0x00000000,0x00030047,
0x00000b09,0x00000000,0x00030047,0x00000b0b,0x00000000,0x00030047,0x00000b15,0x00000000,
0x00030047,0x00000b18,0x00000000,0x00030047,0x00000b1a,0x00000000,0x00030047,0x00000b25,
0x00000000,0x00030047,0x00000b27,0x00000000,0x00030047,0x00000b28,0x00000000,0x00030047,
0x00000b2d,0x00000000,0x00030047,0x00000b2f,0x00000000,0x00030047,0x00000b30,0x00000000,
0x00030047,0x00000b9b,0x00000000,0x00030047,0x00000b9e,0x00000000,0x00030047,0x00000ba0,
0x00000000,0x00030047,0x00000bf8,0x00000000,0x00030047,0x00000c10,0x00000000,0x00030047,
0x00000c1c,0x00000000,0x00030047,0x00000c40,0x00000000,0x00030047,0x00000c4c,0x00000000,
0x00030047,0x00000cbd,0x00000000,0x00030047,0x00000cbe,0x00000000,0x00030047,0x00000cc0,
0x00000000,0x00030047,0x00000cc1,0x00000000,0x00030047,0x00000cc2,0x00000000,0x00030047,
0x00000ce8,0x00000000,0x00030047,0x00000ceb,0x00000000,0x00030047,0x00000cec,0x00000000,
0x00030047,0x00000d5f,0x00000000,0x00030047,0x00000d6e,0x00000000,0x00030047,0x00000d70,
0x00000000,0x00030047,0x00000d71,0x00000000,0x00030047,0x00000d83,0x00000000,0x00030047,
0x00000d87,0x00000000,0x00030047,0x00000d8a,0x00000000,0x00030047,0x00000dde,0x00000000,
0x00030047,0x00000ddf,0x00000000,0x00030047,0x00000de1,0x00000000,0x00030047,0x00000de2,
0x00000000,0x00030047,0x00000de3,0x00000000,0x00030047,0x00000e09,0x00000000,0x00030047,
0x00000e0c,0x00000000,0x00030047,0x00000e0d,0x00000000,0x00030047,0x00000e80,0x00000000,
0x00030047,0x00000e8f,0x00000000,0x00030047,0x00000e91,0x00000000,0x00030047,0x00000e92,
0x00000000,0x00030047,0x00000ea4,0x00000000,0x00030047,0x00000ea8,0x00000000,0x00030047,
0x00000eab,0x00000000,0x00030047,0x00000eb7,0x00000000,0x00030047,0x00000eb9,0x00000000,
0x00030047,0x00000eba,0x00000000,0x00030047,0x00000ebd,0x00000000,0x00030047,0x00000ebf,
0x00000000,0x00030047,0x00000ec2,0x00000000,0x00030047,0x00000ec3,0x00000000,0x00030047,
0x00000ec6,0x00000000,0x00030047,0x00000f29,0x00000000,0x00030047,0x00000f52,0x00000000,
0x00030047,0x00000f53,0x00000000,0x00030047,0x00000f58,0x00000000,0x00030047,0x00000f59,
0x00000000,0x00030047,0x00000f61,0x00000000,0x00030047,0x00000f67,0x00000000,0x00030047,
0x00000f75,0x00000000,0x00030047,0x00000f7b,0x00000000,0x00030047,0x00000f84,0x00000000,
0x00030047,0x00000f85,0x00000000,0x00030047,0x00000f83,0x00000000,0x00030047,0x00000f86,
0x00000000,0x00030047,0x00000f87,0x00000000,0x00030047,0x00000fc7,0x00000000,0x00030047,
0x00000fe4,0x00000000,0x00030047,0x00000f5f,0x00000000,0x00030047,0x00000f62,0x00000000,
0x00030047,0x00000f63,0x00000000,0x00030047,0x00000f64,0x00000000,0x00030047,0x00000f66,
0x00000000,0x00030047,0x00000f76,0x00000000,0x00030047,0x00000f77,0x00000000,0x00030047,
0x00000f78,0x00000000,0x00030047,0x00000f7a,0x00000000,0x00020013,0x00000002,0x00030021,
0x00000003,0x00000002,0x00030016,0x00000006,0x00000020,0x00040017,0x00000007,0x00000006,
0x00000003,0x00040017,0x00000009,0x00000006,0x00000002,0x00040015,0x0000001d,0x00000020,
0x00000001,0x00040015,0x00000055,0x00000020,0x00000000,0x0004002b,0x00000055,0x00000056,
0x00000002,0x0004002b,0x00000055,0x00000059,0x00000000,0x00040017,0x0000005d,0x00000006,
0x00000004,0x00040018,0x0000005e,0x0000005d,0x00000004,0x0004002b,0x00000055,0x0000005f,
0x00000004,0x0004001c,0x00000060,0x0000005e,0x0000005f,0x0004002b,0x00000055,0x00000061,
0x00000008,0x0004001c,0x00000062,0x0000005d,0x00000061,0x0004001c,0x00000063,0x0000005d,
0x00000061,0x0004001c,0x00000064,0x0000005d,0x00000061,0x0004001c,0x00000065,0x0000005d,
0x00000061,0x0021001e,0x00000066,0x0000005d,0x0000005d,0x0000005d,0x0000005d,0x0000005d,
0x0000005d,0x0000005d,0x0000005d,0x0000005d,0x0000005d,0x0000005d,0x0000005d,0x00000060,
0x0000005d,0x0000005d,0x0000005d,0x0000005d,0x0000005d,0x0000005d,0x0000005d,0x0000005d,
0x0000005d,0x0000005d,0x0000005d,0x00000062,0x00000063,0x0000005d,0x00000064,0x00000065,
0x0000005d,0x0000005d,0x00040020,0x00000067,0x00000002,0x00000066,0x0004003b,0x00000067,
0x00000068,0x00000002,0x0004002b,0x0000001d,0x00000069,0x00000003,0x0004002b,0x00000055,
0x0000006a,0x00000001,0x00040020,0x0000006b,0x00000002,0x00000006,0x0004002b,0x00000006,
0x00000072,0x3f000000,0x0004002b,0x00000006,0x00000077,0xbf800000,0x0004002b,0x00000006,
0x00000078,0x3f800000,0x0004002b,0x00000006,0x0000007b,0x40490fdb,0x00020014,0x00000080,
0x00040032,0x00000055,0x00000081,0x00000000,0x00060034,0x00000080,0x00000082,0x000000aa,
0x00000081,0x0000006a,0x00060034,0x00000080,0x00000086,0x000000aa,0x00000081,0x00000059,
0x0004002b,0x00000055,0x00000089,0x00000003,0x00090019,0x00000091,0x00000006,0x00000001,
0x00000000,0x00000000,0x00000000,0x00000001,0x00000000,0x0003001b,0x00000092,0x00000091,
0x00040020,0x00000093,0x00000000,0x00000092,0x0004003b,0x00000093,0x00000094,0x00000000,
0x0004002b,0x00000006,0x0000009a,0x00000000,0x0004002b,0x00000006,0x000000b1,0x322bcc77,
0x0005002c,0x00000009,0x000000bf,0x00000077,0x00000077,0x0005002c,0x00000009,0x000000c0,
0x00000078,0x00000078,0x0005002c,0x00000009,0x000000c2,0x0000009a,0x0000009a,0x00040017,
0x000000c3,0x00000080,0x00000002,0x0004003b,0x00000093,0x000000cc,0x00000000,0x0004002b,
0x00000006,0x000000db,0x3fc00000,0x0004003b,0x00000093,0x000000e0,0x00000000,0x0004002b,
0x00000006,0x000000ea,0x3e800000,0x0004002b,0x00000006,0x000000eb,0x3f400000,0x0006002c,
0x00000007,0x000000fa,0x0000009a,0x0000009a,0x0000009a,0x0004002b,0x00000006,0x000000fd,
0x4020a3d7,0x0004002b,0x00000006,0x00000100,0x3cf5c28f,0x0004002b,0x00000006,0x00000105,
0x401b851f,0x0004002b,0x00000006,0x00000108,0x3f170a3d,0x0004002b,0x00000006,0x0000010c,
0x3e0f5c29,0x0004002b,0x0000001d,0x00000118,0x0000000e,0x0004002b,0x0000001d,0x0000011b,
0x0000000f,0x0004002b,0x0000001d,0x00000124,0x0000000c,0x00040020,0x00000126,0x00000002,
0x0000005e,0x0004002b,0x0000001d,0x00000159,0x00000001,0x0004002b,0x00000006,0x00000163,
0x40000000,0x0004002b,0x0000001d,0x00000196,0x00000010,0x0004002b,0x0000001d,0x000001a0,
0x00000000,0x00090019,0x000001a4,0x00000006,0x00000001,0x00000001,0x00000000,0x00000000,
0x00000001,0x00000000,0x0003001b,0x000001a5,0x000001a4,0x00040020,0x000001a6,0x00000000,
0x000001a5,0x0004003b,0x000001a6,0x000001a7,0x00000000,0x0004002b,0x0000001d,0x00000214,
0xffffffff,0x0004002b,0x00000006,0x0000023f,0x3de38e39,0x0004002b,0x0000001d,0x0000024e,
0x0000000d,0x0004002b,0x00000006,0x0000028b,0x38d1b717,0x0004002b,0x0000001d,0x00000293,
0x00000011,0x0004002b,0x00000006,0x0000030a,0x358637bd,0x0003001d,0x0000031f,0x00000006,
0x0003001e,0x00000320,0x0000031f,0x00040020,0x00000321,0x0000000c,0x00000320,0x0004003b,
0x00000321,0x00000322,0x0000000c,0x00040020,0x00000328,0x0000000c,0x00000006,0x0004002b,
0x0000001d,0x0000032e,0x0000001d,0x0004002b,0x0000001d,0x00000334,0x00000002,0x00040020,
0x00000348,0x00000002,0x0000005d,0x0005002c,0x00000009,0x00000369,0x00000072,0x00000072,
0x00040017,0x0000036b,0x0000001d,0x00000002,0x0004002b,0x00000006,0x000003ea,0x3727c5ac,
0x0004002b,0x00000006,0x000003f1,0x3cfdf3b6,0x0004002b,0x00000006,0x000003f3,0x3cac0831,
0x0004002b,0x00000006,0x000003f4,0xbc656042,0x0005002c,0x00000009,0x000003f5,0x000003f3,
0x000003f4,0x00040018,0x000003fa,0x00000009,0x00000002,0x0004002b,0x00000006,0x000003fb,
0x3f51b3f2,0x0004002b,0x00000006,0x000003fc,0x3f12d5e0,0x0005002c,0x00000009,0x000003fd,
0x000003fb,0x000003fc,0x0004002b,0x00000006,0x000003fe,0xbf12d5e0,0x0005002c,0x00000009,
0x000003ff,0x000003fe,0x000003fb,0x0005002c,0x000003fa,0x00000400,0x000003fd,0x000003ff,
0x0004002b,0x00000006,0x00000403,0x3d6978d5,0x0004002b,0x00000006,0x00000405,0xbc8b4396,
0x0004002b,0x00000006,0x00000406,0x3cd4fdf4,0x0005002c,0x00000009,0x00000407,0x00000405,
0x00000406,0x0004003b,0x00000093,0x0000040c,0x00000000,0x0004002b,0x00000006,0x0000041e,
0x3dd70a3d,0x0004002b,0x00000006,0x00000421,0x3d851eb8,0x0004002b,0x0000001d,0x00000424,
0x00000013,0x0004002b,0x0000001d,0x0000042d,0x0000001a,0x0004002b,0x0000001d,0x00000433,
0x00000005,0x00040020,0x00000437,0x00000003,0x0000005d,0x0004003b,0x00000437,0x00000438,
0x00000003,0x0004002b,0x00000006,0x00000439,0x3d1374bc,0x0004002b,0x00000006,0x0000043a,
0x3e04b5dd,0x0004002b,0x00000006,0x0000043b,0x3e3fb15b,0x0004002b,0x00000006,0x0000043c,
0x3f3851ec,0x0007002c,0x0000005d,0x0000043d,0x00000439,0x0000043a,0x0000043b,0x0000043c,
0x00040017,0x00000440,0x00000055,0x00000004,0x000a001e,0x00000441,0x0000005d,0x0000005d,
0x0000005d,0x0000005d,0x0000005d,0x00000440,0x00000440,0x0000005d,0x00040020,0x00000442,
0x00000009,0x00000441,0x0004003b,0x00000442,0x00000443,0x00000009,0x00040020,0x00000444,
0x00000009,0x0000005d,0x00040020,0x00000449,0x00000009,0x00000006,0x0004002b,0x0000001d,
0x0000044d,0x00000006,0x00040020,0x0000044e,0x00000009,0x00000055,0x00040020,0x00000453,
0x00000001,0x0000005d,0x0004003b,0x00000453,0x00000454,0x00000001,0x00040020,0x00000456,
0x00000001,0x00000006,0x00090019,0x0000045f,0x00000006,0x00000006,0x00000000,0x00000000,
0x00000000,0x00000002,0x00000000,0x00040020,0x00000460,0x00000000,0x0000045f,0x0004003b,
0x00000460,0x00000461,0x00000000,0x0005002c,0x0000036b,0x00000463,0x000001a0,0x000001a0,
0x00040020,0x00000470,0x00000001,0x00000007,0x0004003b,0x00000470,0x00000471,0x00000001,
0x0004003b,0x00000470,0x000004b5,0x00000001,0x0004002b,0x00000006,0x000004cd,0x3a83126f,
0x0004002b,0x0000001d,0x000004d0,0x00000014,0x0004002b,0x00000006,0x000004ea,0x3ccccccd,
0x0004002b,0x0000001d,0x00000517,0x00000004,0x0004002b,0x0000001d,0x0000053e,0x00000017,
0x0004002b,0x00000006,0x0000054c,0x3e59b3d0,0x0004002b,0x00000006,0x0000054d,0x3f371759,
0x0004002b,0x00000006,0x0000054e,0x3d93dd98,0x0006002c,0x00000007,0x0000054f,0x0000054c,
0x0000054d,0x0000054e,0x0004002b,0x0000001d,0x00000552,0x00000015,0x0004002b,0x0000001d,
0x00000556,0x00000016,0x0004002b,0x00000006,0x000005c0,0x40800000,0x0004002b,0x00000006,
0x000005d9,0x3eb33333,0x0004002b,0x00000006,0x000005da,0x3f266666,0x0004002b,0x00000006,
0x000005f6,0x3d4ccccd,0x0004002b,0x00000006,0x000005fe,0x3e6147ae,0x0004002b,0x00000006,
0x00000613,0x3f7fff58,0x0004002b,0x00000006,0x00000619,0x3d0f5c29,0x0004002b,0x0000001d,
0x00000628,0x0000001e,0x0004002b,0x00000006,0x00000630,0x3db851ec,0x0004002b,0x00000006,
0x00000632,0x3be56042,0x0004002b,0x00000006,0x00000633,0xbc343958,0x0005002c,0x00000009,
0x00000634,0x00000632,0x00000633,0x0004002b,0x00000006,0x00000640,0x3f441b76,0x0004002b,
0x00000006,0x00000641,0x3f248dc1,0x0005002c,0x00000009,0x00000642,0x00000640,0x00000641,
0x0004002b,0x00000006,0x00000643,0xbf248dc1,0x0005002c,0x00000009,0x00000644,0x00000643,
0x00000640,0x0005002c,0x000003fa,0x00000645,0x00000642,0x00000644,0x0004002b,0x00000006,
0x00000648,0x3d27ef9e,0x0004002b,0x00000006,0x0000064b,0xbb83126f,0x0004002b,0x00000006,
0x0000064c,0x3bc49ba6,0x0005002c,0x00000009,0x0000064d,0x0000064b,0x0000064c,0x0004002b,
0x00000006,0x00000655,0x3f2e147b,0x0004002b,0x00000006,0x00000658,0x3ec28f5c,0x0004002b,
0x00000006,0x0000065b,0x3ea3d70a,0x0004002b,0x00000006,0x0000067c,0x3f6b851f,0x0004002b,
0x00000006,0x0000067d,0x3f7851ec,0x0006002c,0x00000007,0x0000067e,0x0000067c,0x0000067d,
0x00000078,0x0004002b,0x00000006,0x00000694,0x414eb852,0x0004002b,0x00000006,0x00000697,
0x3f870a3d,0x0004002b,0x00000006,0x00000699,0x3ed55555,0x0006002c,0x00000007,0x0000069a,
0x00000699,0x00000699,0x00000699,0x0004002b,0x00000006,0x0000069d,0x3d6147ae,0x0004002b,
0x00000006,0x000006a1,0x3b4d2e1c,0x0006002c,0x00000007,0x000006a2,0x000006a1,0x000006a1,
0x000006a1,0x00040017,0x000006a3,0x00000080,0x00000003,0x0006002c,0x00000007,0x00000fe6,
0x00000100,0x00000100,0x00000100,0x0006002c,0x00000007,0x00000fe7,0x00000108,0x00000108,
0x00000108,0x0006002c,0x00000007,0x00000fe8,0x0000010c,0x0000010c,0x0000010c,0x0006002c,
0x00000007,0x00000fe9,0x00000078,0x00000078,0x00000078,0x0006002c,0x00000007,0x00000fea,
0x0000069d,0x0000069d,0x0000069d,0x0004002b,0x00000006,0x00000ff7,0x3e22f983,0x0004002b,
0x00000006,0x00000ff8,0x3ea2f983,0x0004002b,0x00000006,0x00000ffb,0xbf000000,0x0006002c,
0x00000007,0x00000ffe,0x00000ff8,0x00000ff8,0x00000ff8,0x00050036,0x00000002,0x00000004,
0x00000000,0x00000003,0x000200f8,0x00000005,0x000300f7,0x000006b4,0x00000000,0x000300fb,
0x00000059,0x000006b5,0x000200f8,0x000006b5,0x00060041,0x0000006b,0x0000042e,0x00000068,
0x0000042d,0x0000006a,0x0004003d,0x00000006,0x0000042f,0x0000042e,0x00050081,0x00000006,
0x00000430,0x0000042f,0x00000072,0x0004006e,0x0000001d,0x00000431,0x00000430,0x000500aa,
0x00000080,0x00000434,0x00000431,0x00000433,0x000300f7,0x00000436,0x00000000,0x000400fa,
0x00000434,0x00000435,0x00000436,0x000200f8,0x00000435,0x0003003e,0x00000438,0x0000043d,
0x000200f9,0x000006b4,0x000200f8,0x00000436,0x00050041,0x00000444,0x00000445,0x00000443,
0x00000334,0x0004003d,0x0000005d,0x00000446,0x00000445,0x0008004f,0x00000007,0x00000447,
0x00000446,0x00000446,0x00000000,0x00000001,0x00000002,0x00060041,0x00000449,0x0000044a,
0x00000443,0x00000334,0x00000089,0x0004003d,0x00000006,0x0000044b,0x0000044a,0x00060041,
0x0000044e,0x0000044f,0x00000443,0x0000044d,0x00000089,0x0004003d,0x00000055,0x00000450,
0x0000044f,0x0004007c,0x00000006,0x00000451,0x00000450,0x00050041,0x00000456,0x00000457,
0x00000454,0x00000056,0x0004003d,0x00000006,0x00000458,0x00000457,0x00050085,0x00000006,
0x000006d7,0x0000044b,0x00000451,0x00050083,0x00000006,0x000006dc,0x00000451,0x0000044b,
0x0004007f,0x00000006,0x00000fec,0x00000458,0x0008000c,0x00000006,0x000006de,0x00000001,
0x00000032,0x00000fec,0x000006dc,0x00000451,0x0007000c,0x00000006,0x000006df,0x00000001,
0x00000028,0x000006de,0x000003ea,0x00050088,0x00000006,0x000006e0,0x000006d7,0x000006df,
0x0004003d,0x0000045f,0x00000462,0x00000461,0x00050062,0x0000005d,0x00000464,0x00000462,
0x00000463,0x00050051,0x00000006,0x00000465,0x00000464,0x00000000,0x0004007f,0x00000006,
0x00000fed,0x00000465,0x0008000c,0x00000006,0x000006ec,0x00000001,0x00000032,0x00000fed,
0x000006dc,0x00000451,0x0007000c,0x00000006,0x000006ed,0x00000001,0x00000028,0x000006ec,
0x000003ea,0x00050088,0x00000006,0x000006ee,0x000006d7,0x000006ed,0x0004003d,0x00000007,
0x00000472,0x00000471,0x00050083,0x00000007,0x00000473,0x00000447,0x00000472,0x0006000c,
0x00000006,0x00000474,0x00000001,0x00000042,0x00000473,0x00050083,0x00000006,0x00000478,
0x000006ee,0x000006e0,0x0007000c,0x00000006,0x00000479,0x00000001,0x00000028,0x00000478,
0x0000009a,0x0007000c,0x00000006,0x0000047d,0x00000001,0x00000028,0x000006e0,0x0000044b,
0x00050088,0x00000006,0x0000047e,0x00000474,0x0000047d,0x00050085,0x00000006,0x0000047f,
0x00000479,0x0000047e,0x0007000c,0x00000006,0x00000482,0x00000001,0x00000025,0x0000047f,
0x00000451,0x000500aa,0x00000080,0x00000485,0x00000431,0x00000069,0x000300f7,0x00000488,
0x00000000,0x000400fa,0x00000485,0x00000487,0x00000489,0x000200f8,0x00000487,0x000200f9,
0x00000488,0x000200f8,0x00000489,0x0007004f,0x00000009,0x0000048c,0x00000472,0x00000472,
0x00000000,0x00000002,0x00060041,0x0000006b,0x0000048e,0x00000068,0x00000424,0x00000056,
0x0004003d,0x00000006,0x0000048f,0x0000048e,0x0005008e,0x00000009,0x000006f7,0x0000048c,
0x000003f1,0x0005008e,0x00000009,0x000006f9,0x000003f5,0x0000048f,0x00050081,0x00000009,
0x000006fa,0x000006f7,0x000006f9,0x00050091,0x00000009,0x000006fc,0x00000400,0x0000048c,
0x0005008e,0x00000009,0x000006fd,0x000006fc,0x00000403,0x0005008e,0x00000009,0x000006ff,
0x00000407,0x0000048f,0x00050081,0x00000009,0x00000700,0x000006fd,0x000006ff,0x0004003d,
0x00000092,0x00000701,0x0000040c,0x00050057,0x0000005d,0x00000703,0x00000701,0x000006fa,
0x0007004f,0x00000009,0x00000704,0x00000703,0x00000703,0x00000000,0x00000001,0x0005008e,
0x00000009,0x00000705,0x00000704,0x00000163,0x00050083,0x00000009,0x00000707,0x00000705,
0x000000c0,0x00050057,0x0000005d,0x0000070a,0x00000701,0x00000700,0x0007004f,0x00000009,
0x0000070b,0x0000070a,0x0000070a,0x00000000,0x00000001,0x0005008e,0x00000009,0x0000070c,
0x0000070b,0x00000163,0x00050083,0x00000009,0x0000070e,0x0000070c,0x000000c0,0x00050091,
0x00000009,0x0000070f,0x00000400,0x0000070e,0x0005008e,0x00000009,0x00000711,0x00000707,
0x0000041e,0x0005008e,0x00000009,0x00000713,0x0000070f,0x00000421,0x00050081,0x00000009,
0x00000714,0x00000711,0x00000713,0x00060041,0x0000006b,0x00000715,0x00000068,0x00000424,
0x00000089,0x0004003d,0x00000006,0x00000716,0x00000715,0x0005008e,0x00000009,0x00000717,
0x00000714,0x00000716,0x000200f9,0x00000488,0x000200f8,0x00000488,0x000700f5,0x00000009,
0x00000f29,0x000000c2,0x00000487,0x00000717,0x00000489,0x000500ab,0x00000080,0x00000495,
0x00000431,0x00000334,0x000300f7,0x00000497,0x00000000,0x000400fa,0x00000495,0x00000496,
0x00000497,0x000200f8,0x00000496,0x00060041,0x0000006b,0x00000499,0x00000068,0x0000032e,
0x00000056,0x0004003d,0x00000006,0x0000049a,0x00000499,0x00060041,0x0000006b,0x0000049b,
0x00000068,0x0000032e,0x00000089,0x0004003d,0x00000006,0x0000049c,0x0000049b,0x0007000c,
0x00000006,0x0000049d,0x00000001,0x00000028,0x0000049c,0x00000078,0x00050088,0x00000006,
0x0000049e,0x0000049a,0x0000049d,0x0007004f,0x00000009,0x000004a1,0x00000472,0x00000472,
0x00000000,0x00000002,0x000400cf,0x00000009,0x000004a2,0x000004a1,0x0006000c,0x00000006,
0x000004a3,0x00000001,0x00000042,0x000004a2,0x000400d0,0x00000009,0x000004a6,0x000004a1,
0x0006000c,0x00000006,0x000004a7,0x00000001,0x00000042,0x000004a6,0x0007000c,0x00000006,
0x000004a8,0x00000001,0x00000028,0x000004a3,0x000004a7,0x0007000c,0x00000006,0x000004ab,
0x00000001,0x00000028,0x0000049e,0x000004a8,0x0007000c,0x00000006,0x00000721,0x00000001,
0x00000028,0x000004ab,0x0000028b,0x00050088,0x00000006,0x00000722,0x00000072,0x00000721,
0x00050050,0x00000009,0x00000725,0x000004ab,0x0000009a,0x00050081,0x00000009,0x00000726,
0x000004a1,0x00000725,0x000300f7,0x000007bb,0x00000000,0x000300fb,0x00000059,0x00000757,
0x000200f8,0x00000757,0x00050081,0x00000006,0x0000075a,0x0000049c,0x00000072,0x0004006e,
0x0000001d,0x0000075b,0x0000075a,0x000500b1,0x00000080,0x0000075d,0x0000075b,0x00000334,
0x000300f7,0x0000075f,0x00000000,0x000400fa,0x0000075d,0x0000075e,0x0000075f,0x000200f8,
0x0000075e,0x000200f9,0x000007bb,0x000200f8,0x0000075f,0x000500bc,0x00000080,0x00000763,
0x0000049a,0x0000009a,0x000300f7,0x00000765,0x00000000,0x000400fa,0x00000763,0x00000764,
0x00000765,0x000200f8,0x00000764,0x000200f9,0x000007bb,0x000200f8,0x00000765,0x0004006f,
0x00000006,0x00000768,0x0000075b,0x00050088,0x00000006,0x00000769,0x0000049a,0x00000768,
0x00050041,0x00000348,0x0000076b,0x00000068,0x0000032e,0x0004003d,0x0000005d,0x0000076c,
0x0000076b,0x0007004f,0x00000009,0x0000076d,0x0000076c,0x0000076c,0x00000000,0x00000001,
0x00050083,0x00000009,0x0000076e,0x00000726,0x0000076d,0x00050085,0x00000006,0x00000770,
0x0000049a,0x00000072,0x00050051,0x00000006,0x00000772,0x0000076e,0x00000000,0x0006000c,
0x00000006,0x00000773,0x00000001,0x00000004,0x00000772,0x0004007f,0x00000006,0x00000fee,
0x00000773,0x0008000c,0x00000006,0x00000774,0x00000001,0x00000032,0x0000049a,0x00000072,
0x00000fee,0x00050051,0x00000006,0x00000778,0x0000076e,0x00000001,0x0006000c,0x00000006,
0x00000779,0x00000001,0x00000004,0x00000778,0x0004007f,0x00000006,0x00000fef,0x00000779,
0x0008000c,0x00000006,0x0000077a,0x00000001,0x00000032,0x0000049a,0x00000072,0x00000fef,
0x0007000c,0x00000006,0x0000077b,0x00000001,0x00000025,0x00000774,0x0000077a,0x000500bc,
0x00000080,0x0000077d,0x0000077b,0x0000009a,0x000300f7,0x0000077f,0x00000000,0x000400fa,
0x0000077d,0x0000077e,0x0000077f,0x000200f8,0x0000077e,0x000200f9,0x000007bb,0x000200f8,
0x0000077f,0x00050050,0x00000009,0x00000783,0x00000770,0x00000770,0x00050081,0x00000009,
0x00000784,0x0000076e,0x00000783,0x00050050,0x00000009,0x00000786,0x00000769,0x00000769,
0x00050088,0x00000009,0x00000787,0x00000784,0x00000786,0x00050083,0x00000009,0x00000788,
0x00000787,0x00000369,0x0006000c,0x00000009,0x0000078a,0x00000001,0x00000008,0x00000788,
0x0004006e,0x0000036b,0x0000078b,0x0000078a,0x0006000c,0x00000009,0x0000078d,0x00000001,
0x0000000a,0x00000788,0x00050051,0x0000001d,0x0000078f,0x0000078b,0x00000000,0x00050051,
0x0000001d,0x00000791,0x0000078b,0x00000001,0x000300f7,0x000007d8,0x00000000,0x000300fb,
0x00000059,0x000007c1,0x000200f8,0x000007c1,0x000500b1,0x00000080,0x000007c3,0x0000078f,
0x000001a0,0x000500b1,0x00000080,0x000007c5,0x00000791,0x000001a0,0x000500a6,0x00000080,
0x000007c6,0x000007c3,0x000007c5,0x000500af,0x00000080,0x000007c9,0x0000078f,0x0000075b,
0x000500a6,0x00000080,0x000007ca,0x000007c6,0x000007c9,0x000500af,0x00000080,0x000007cd,
0x00000791,0x0000075b,0x000500a6,0x00000080,0x000007ce,0x000007ca,0x000007cd,0x000300f7,
0x000007d0,0x00000000,0x000400fa,0x000007ce,0x000007cf,0x000007d0,0x000200f8,0x000007cf,
0x000200f9,0x000007d8,0x000200f8,0x000007d0,0x00050084,0x0000001d,0x000007d3,0x00000791,
0x0000075b,0x00050080,0x0000001d,0x000007d5,0x000007d3,0x0000078f,0x00060041,0x00000328,
0x000007d6,0x00000322,0x000001a0,0x000007d5,0x0004003d,0x00000006,0x000007d7,0x000007d6,
0x000200f9,0x000007d8,0x000200f8,0x000007d8,0x000700f5,0x00000006,0x00000f2a,0x0000009a,
0x000007cf,0x000007d7,0x000007d0,0x00050080,0x0000001d,0x00000796,0x0000078f,0x00000159,
0x000300f7,0x000007f5,0x00000000,0x000300fb,0x00000059,0x000007de,0x000200f8,0x000007de,
0x000500b1,0x00000080,0x000007e0,0x00000796,0x000001a0,0x000500a6,0x00000080,0x000007e3,
0x000007e0,0x000007c5,0x000500af,0x00000080,0x000007e6,0x00000796,0x0000075b,0x000500a6,
0x00000080,0x000007e7,0x000007e3,0x000007e6,0x000500a6,0x00000080,0x000007eb,0x000007e7,
0x000007cd,0x000300f7,0x000007ed,0x00000000,0x000400fa,0x000007eb,0x000007ec,0x000007ed,
0x000200f8,0x000007ec,0x000200f9,0x000007f5,0x000200f8,0x000007ed,0x00050084,0x0000001d,
0x000007f0,0x00000791,0x0000075b,0x00050080,0x0000001d,0x000007f2,0x000007f0,0x00000796,
0x00060041,0x00000328,0x000007f3,0x00000322,0x000001a0,0x000007f2,0x0004003d,0x00000006,
0x000007f4,0x000007f3,0x000200f9,0x000007f5,0x000200f8,0x000007f5,0x000700f5,0x00000006,
0x00000f2b,0x0000009a,0x000007ec,0x000007f4,0x000007ed,0x00050051,0x00000006,0x0000079c,
0x0000078d,0x00000000,0x0008000c,0x00000006,0x0000079d,0x00000001,0x0000002e,0x00000f2a,
0x00000f2b,0x0000079c,0x00050080,0x0000001d,0x000007a0,0x00000791,0x00000159,0x000300f7,
0x00000812,0x00000000,0x000300fb,0x00000059,0x000007fb,0x000200f8,0x000007fb,0x000500b1,
0x00000080,0x000007ff,0x000007a0,0x000001a0,0x000500a6,0x00000080,0x00000800,0x000007c3,
0x000007ff,0x000500a6,0x00000080,0x00000804,0x00000800,0x000007c9,0x000500af,0x00000080,
0x00000807,0x000007a0,0x0000075b,0x000500a6,0x00000080,0x00000808,0x00000804,0x00000807,
0x000300f7,0x0000080a,0x00000000,0x000400fa,0x00000808,0x00000809,0x0000080a,0x000200f8,
0x00000809,0x000200f9,0x00000812,0x000200f8,0x0000080a,0x00050084,0x0000001d,0x0000080d,
0x000007a0,0x0000075b,0x00050080,0x0000001d,0x0000080f,0x0000080d,0x0000078f,0x00060041,
0x00000328,0x00000810,0x00000322,0x000001a0,0x0000080f,0x0004003d,0x00000006,0x00000811,
0x00000810,0x000200f9,0x00000812,0x000200f8,0x00000812,0x000700f5,0x00000006,0x00000f2c,
0x0000009a,0x00000809,0x00000811,0x0000080a,0x000300f7,0x0000082f,0x00000000,0x000300fb,
0x00000059,0x00000818,0x000200f8,0x00000818,0x000500a6,0x00000080,0x0000081d,0x000007e0,
0x000007ff,0x000500a6,0x00000080,0x00000821,0x0000081d,0x000007e6,0x000500a6,0x00000080,
0x00000825,0x00000821,0x00000807,0x000300f7,0x00000827,0x00000000,0x000400fa,0x00000825,
0x00000826,0x00000827,0x000200f8,0x00000826,0x000200f9,0x0000082f,0x000200f8,0x00000827,
0x00050084,0x0000001d,0x0000082a,0x000007a0,0x0000075b,0x00050080,0x0000001d,0x0000082c,
0x0000082a,0x00000796,0x00060041,0x00000328,0x0000082d,0x00000322,0x000001a0,0x0000082c,
0x0004003d,0x00000006,0x0000082e,0x0000082d,0x000200f9,0x0000082f,0x000200f8,0x0000082f,
0x000700f5,0x00000006,0x00000f2d,0x0000009a,0x00000826,0x0000082e,0x00000827,0x0008000c,
0x00000006,0x000007af,0x00000001,0x0000002e,0x00000f2c,0x00000f2d,0x0000079c,0x00050085,
0x00000006,0x000007b1,0x00000163,0x00000769,0x0008000c,0x00000006,0x000007b3,0x00000001,
0x00000031,0x0000009a,0x000007b1,0x0000077b,0x00050051,0x00000006,0x000007b7,0x0000078d,
0x00000001,0x0008000c,0x00000006,0x000007b8,0x00000001,0x0000002e,0x0000079d,0x000007af,
0x000007b7,0x00050085,0x00000006,0x000007ba,0x000007b8,0x000007b3,0x000200f9,0x000007bb,
0x000200f8,0x000007bb,0x000b00f5,0x00000006,0x00000f2e,0x0000009a,0x0000075e,0x0000009a,
0x00000764,0x0000009a,0x0000077e,0x000007ba,0x0000082f,0x00050083,0x00000009,0x0000072b,
0x000004a1,0x00000725,0x000300f7,0x000008b0,0x00000000,0x000300fb,0x00000059,0x0000084c,
0x000200f8,0x0000084c,0x000300f7,0x00000854,0x00000000,0x000400fa,0x0000075d,0x00000853,
0x00000854,0x000200f8,0x00000853,0x000200f9,0x000008b0,0x000200f8,0x00000854,0x000500bc,
0x00000080,0x00000858,0x0000049a,0x0000009a,0x000300f7,0x0000085a,0x00000000,0x000400fa,
0x00000858,0x00000859,0x0000085a,0x000200f8,0x00000859,0x000200f9,0x000008b0,0x000200f8,
0x0000085a,0x0004006f,0x00000006,0x0000085d,0x0000075b,0x00050088,0x00000006,0x0000085e,
0x0000049a,0x0000085d,0x00050041,0x00000348,0x00000860,0x00000068,0x0000032e,0x0004003d,
0x0000005d,0x00000861,0x00000860,0x0007004f,0x00000009,0x00000862,0x00000861,0x00000861,
0x00000000,0x00000001,0x00050083,0x00000009,0x00000863,0x0000072b,0x00000862,0x00050085,
0x00000006,0x00000865,0x0000049a,0x00000072,0x00050051,0x00000006,0x00000867,0x00000863,
0x00000000,0x0006000c,0x00000006,0x00000868,0x00000001,0x00000004,0x00000867,0x0004007f,
0x00000006,0x00000ff0,0x00000868,0x0008000c,0x00000006,0x00000869,0x00000001,0x00000032,
0x0000049a,0x00000072,0x00000ff0,0x00050051,0x00000006,0x0000086d,0x00000863,0x00000001,
0x0006000c,0x00000006,0x0000086e,0x00000001,0x00000004,0x0000086d,0x0004007f,0x00000006,
0x00000ff1,0x0000086e,0x0008000c,0x00000006,0x0000086f,0x00000001,0x00000032,0x0000049a,
0x00000072,0x00000ff1,0x0007000c,0x00000006,0x00000870,0x00000001,0x00000025,0x00000869,
0x0000086f,0x000500bc,0x00000080,0x00000872,0x00000870,0x0000009a,0x000300f7,0x00000874,
0x00000000,0x000400fa,0x00000872,0x00000873,0x00000874,0x000200f8,0x00000873,0x000200f9,
0x000008b0,0x000200f8,0x00000874,0x00050050,0x00000009,0x00000878,0x00000865,0x00000865,
0x00050081,0x00000009,0x00000879,0x00000863,0x00000878,0x00050050,0x00000009,0x0000087b,
0x0000085e,0x0000085e,0x00050088,0x00000009,0x0000087c,0x00000879,0x0000087b,0x00050083,
0x00000009,0x0000087d,0x0000087c,0x00000369,0x0006000c,0x00000009,0x0000087f,0x00000001,
0x00000008,0x0000087d,0x0004006e,0x0000036b,0x00000880,0x0000087f,0x0006000c,0x00000009,
0x00000882,0x00000001,0x0000000a,0x0000087d,0x00050051,0x0000001d,0x00000884,0x00000880,
0x00000000,0x00050051,0x0000001d,0x00000886,0x00000880,0x00000001,0x000300f7,0x000008cd,
0x00000000,0x000300fb,0x00000059,0x000008b6,0x000200f8,0x000008b6,0x000500b1,0x00000080,
0x000008b8,0x00000884,0x000001a0,0x000500b1,0x00000080,0x000008ba,0x00000886,0x000001a0,
0x000500a6,0x00000080,0x000008bb,0x000008b8,0x000008ba,0x000500af,0x00000080,0x000008be,
0x00000884,0x0000075b,0x000500a6,0x00000080,0x000008bf,0x000008bb,0x000008be,0x000500af,
0x00000080,0x000008c2,0x00000886,0x0000075b,0x000500a6,0x00000080,0x000008c3,0x000008bf,
0x000008c2,0x000300f7,0x000008c5,0x00000000,0x000400fa,0x000008c3,0x000008c4,0x000008c5,
0x000200f8,0x000008c4,0x000200f9,0x000008cd,0x000200f8,0x000008c5,0x00050084,0x0000001d,
0x000008c8,0x00000886,0x0000075b,0x00050080,0x0000001d,0x000008ca,0x000008c8,0x00000884,
0x00060041,0x00000328,0x000008cb,0x00000322,0x000001a0,0x000008ca,0x0004003d,0x00000006,
0x000008cc,0x000008cb,0x000200f9,0x000008cd,0x000200f8,0x000008cd,0x000700f5,0x00000006,
0x00000f2f,0x0000009a,0x000008c4,0x000008cc,0x000008c5,0x00050080,0x0000001d,0x0000088b,
0x00000884,0x00000159,0x000300f7,0x000008ea,0x00000000,0x000300fb,0x00000059,0x000008d3,
0x000200f8,0x000008d3,0x000500b1,0x00000080,0x000008d5,0x0000088b,0x000001a0,0x000500a6,
0x00000080,0x000008d8,0x000008d5,0x000008ba,0x000500af,0x00000080,0x000008db,0x0000088b,
0x0000075b,0x000500a6,0x00000080,0x000008dc,0x000008d8,0x000008db,0x000500a6,0x00000080,
0x000008e0,0x000008dc,0x000008c2,0x000300f7,0x000008e2,0x00000000,0x000400fa,0x000008e0,
0x000008e1,0x000008e2,0x000200f8,0x000008e1,0x000200f9,0x000008ea,0x000200f8,0x000008e2,
0x00050084,0x0000001d,0x000008e5,0x00000886,0x0000075b,0x00050080,0x0000001d,0x000008e7,
0x000008e5,0x0000088b,0x00060041,0x00000328,0x000008e8,0x00000322,0x000001a0,0x000008e7,
0x0004003d,0x00000006,0x000008e9,0x000008e8,0x000200f9,0x000008ea,0x000200f8,0x000008ea,
0x000700f5,0x00000006,0x00000f30,0x0000009a,0x000008e1,0x000008e9,0x000008e2,0x00050051,
0x00000006,0x00000891,0x00000882,0x00000000,0x0008000c,0x00000006,0x00000892,0x00000001,
0x0000002e,0x00000f2f,0x00000f30,0x00000891,0x00050080,0x0000001d,0x00000895,0x00000886,
0x00000159,0x000300f7,0x00000907,0x00000000,0x000300fb,0x00000059,0x000008f0,0x000200f8,
0x000008f0,0x000500b1,0x00000080,0x000008f4,0x00000895,0x000001a0,0x000500a6,0x00000080,
0x000008f5,0x000008b8,0x000008f4,0x000500a6,0x00000080,0x000008f9,0x000008f5,0x000008be,
0x000500af,0x00000080,0x000008fc,0x00000895,0x0000075b,0x000500a6,0x00000080,0x000008fd,
0x000008f9,0x000008fc,0x000300f7,0x000008ff,0x00000000,0x000400fa,0x000008fd,0x000008fe,
0x000008ff,0x000200f8,0x000008fe,0x000200f9,0x00000907,0x000200f8,0x000008ff,0x00050084,
0x0000001d,0x00000902,0x00000895,0x0000075b,0x00050080,0x0000001d,0x00000904,0x00000902,
0x00000884,0x00060041,0x00000328,0x00000905,0x00000322,0x000001a0,0x00000904,0x0004003d,
0x00000006,0x00000906,0x00000905,0x000200f9,0x00000907,0x000200f8,0x00000907,0x000700f5,
0x00000006,0x00000f31,0x0000009a,0x000008fe,0x00000906,0x000008ff,0x000300f7,0x00000924,
0x00000000,0x000300fb,0x00000059,0x0000090d,0x000200f8,0x0000090d,0x000500a6,0x00000080,
0x00000912,0x000008d5,0x000008f4,0x000500a6,0x00000080,0x00000916,0x00000912,0x000008db,
0x000500a6,0x00000080,0x0000091a,0x00000916,0x000008fc,0x000300f7,0x0000091c,0x00000000,
0x000400fa,0x0000091a,0x0000091b,0x0000091c,0x000200f8,0x0000091b,0x000200f9,0x00000924,
0x000200f8,0x0000091c,0x00050084,0x0000001d,0x0000091f,0x00000895,0x0000075b,0x00050080,
0x0000001d,0x00000921,0x0000091f,0x0000088b,0x00060041,0x00000328,0x00000922,0x00000322,
0x000001a0,0x00000921,0x0004003d,0x00000006,0x00000923,0x00000922,0x000200f9,0x00000924,
0x000200f8,0x00000924,0x000700f5,0x00000006,0x00000f32,0x0000009a,0x0000091b,0x00000923,
0x0000091c,0x0008000c,0x00000006,0x000008a4,0x00000001,0x0000002e,0x00000f31,0x00000f32,
0x00000891,0x00050085,0x00000006,0x000008a6,0x00000163,0x0000085e,0x0008000c,0x00000006,
0x000008a8,0x00000001,0x00000031,0x0000009a,0x000008a6,0x00000870,0x00050051,0x00000006,
0x000008ac,0x00000882,0x00000001,0x0008000c,0x00000006,0x000008ad,0x00000001,0x0000002e,
0x00000892,0x000008a4,0x000008ac,0x00050085,0x00000006,0x000008af,0x000008ad,0x000008a8,
0x000200f9,0x000008b0,0x000200f8,0x000008b0,0x000b00f5,0x00000006,0x00000f33,0x0000009a,
0x00000853,0x0000009a,0x00000859,0x0000009a,0x00000873,0x000008af,0x00000924,0x00050083,
0x00000006,0x0000072d,0x00000f2e,0x00000f33,0x00050050,0x00000009,0x00000730,0x0000009a,
0x000004ab,0x00050081,0x00000009,0x00000731,0x000004a1,0x00000730,0x000300f7,0x000009a5,
0x00000000,0x000300fb,0x00000059,0x00000941,0x000200f8,0x00000941,0x000300f7,0x00000949,
0x00000000,0x000400fa,0x0000075d,0x00000948,0x00000949,0x000200f8,0x00000948,0x000200f9,
0x000009a5,0x000200f8,0x00000949,0x000500bc,0x00000080,0x0000094d,0x0000049a,0x0000009a,
0x000300f7,0x0000094f,0x00000000,0x000400fa,0x0000094d,0x0000094e,0x0000094f,0x000200f8,
0x0000094e,0x000200f9,0x000009a5,0x000200f8,0x0000094f,0x0004006f,0x00000006,0x00000952,
0x0000075b,0x00050088,0x00000006,0x00000953,0x0000049a,0x00000952,0x00050041,0x00000348,
0x00000955,0x00000068,0x0000032e,0x0004003d,0x0000005d,0x00000956,0x00000955,0x0007004f,
0x00000009,0x00000957,0x00000956,0x00000956,0x00000000,0x00000001,0x00050083,0x00000009,
0x00000958,0x00000731,0x00000957,0x00050085,0x00000006,0x0000095a,0x0000049a,0x00000072,
0x00050051,0x00000006,0x0000095c,0x00000958,0x00000000,0x0006000c,0x00000006,0x0000095d,
0x00000001,0x00000004,0x0000095c,0x0004007f,0x00000006,0x00000ff2,0x0000095d,0x0008000c,
0x00000006,0x0000095e,0x00000001,0x00000032,0x0000049a,0x00000072,0x00000ff2,0x00050051,
0x00000006,0x00000962,0x00000958,0x00000001,0x0006000c,0x00000006,0x00000963,0x00000001,
0x00000004,0x00000962,0x0004007f,0x00000006,0x00000ff3,0x00000963,0x0008000c,0x00000006,
0x00000964,0x00000001,0x00000032,0x0000049a,0x00000072,0x00000ff3,0x0007000c,0x00000006,
0x00000965,0x00000001,0x00000025,0x0000095e,0x00000964,0x000500bc,0x00000080,0x00000967,
0x00000965,0x0000009a,0x000300f7,0x00000969,0x00000000,0x000400fa,0x00000967,0x00000968,
0x00000969,0x000200f8,0x00000968,0x000200f9,0x000009a5,0x000200f8,0x00000969,0x00050050,
0x00000009,0x0000096d,0x0000095a,0x0000095a,0x00050081,0x00000009,0x0000096e,0x00000958,
0x0000096d,0x00050050,0x00000009,0x00000970,0x00000953,0x00000953,0x00050088,0x00000009,
0x00000971,0x0000096e,0x00000970,0x00050083,0x00000009,0x00000972,0x00000971,0x00000369,
0x0006000c,0x00000009,0x00000974,0x00000001,0x00000008,0x00000972,0x0004006e,0x0000036b,
0x00000975,0x00000974,0x0006000c,0x00000009,0x00000977,0x00000001,0x0000000a,0x00000972,
0x00050051,0x0000001d,0x00000979,0x00000975,0x00000000,0x00050051,0x0000001d,0x0000097b,
0x00000975,0x00000001,0x000300f7,0x000009c2,0x00000000,0x000300fb,0x00000059,0x000009ab,
0x000200f8,0x000009ab,0x000500b1,0x00000080,0x000009ad,0x00000979,0x000001a0,0x000500b1,
0x00000080,0x000009af,0x0000097b,0x000001a0,0x000500a6,0x00000080,0x000009b0,0x000009ad,
0x000009af,0x000500af,0x00000080,0x000009b3,0x00000979,0x0000075b,0x000500a6,0x00000080,
0x000009b4,0x000009b0,0x000009b3,0x000500af,0x00000080,0x000009b7,0x0000097b,0x0000075b,
0x000500a6,0x00000080,0x000009b8,0x000009b4,0x000009b7,0x000300f7,0x000009ba,0x00000000,
0x000400fa,0x000009b8,0x000009b9,0x000009ba,0x000200f8,0x000009b9,0x000200f9,0x000009c2,
0x000200f8,0x000009ba,0x00050084,0x0000001d,0x000009bd,0x0000097b,0x0000075b,0x00050080,
0x0000001d,0x000009bf,0x000009bd,0x00000979,0x00060041,0x00000328,0x000009c0,0x00000322,
0x000001a0,0x000009bf,0x0004003d,0x00000006,0x000009c1,0x000009c0,0x000200f9,0x000009c2,
0x000200f8,0x000009c2,0x000700f5,0x00000006,0x00000f34,0x0000009a,0x000009b9,0x000009c1,
0x000009ba,0x00050080,0x0000001d,0x00000980,0x00000979,0x00000159,0x000300f7,0x000009df,
0x00000000,0x000300fb,0x00000059,0x000009c8,0x000200f8,0x000009c8,0x000500b1,0x00000080,
0x000009ca,0x00000980,0x000001a0,0x000500a6,0x00000080,0x000009cd,0x000009ca,0x000009af,
0x000500af,0x00000080,0x000009d0,0x00000980,0x0000075b,0x000500a6,0x00000080,0x000009d1,
0x000009cd,0x000009d0,0x000500a6,0x00000080,0x000009d5,0x000009d1,0x000009b7,0x000300f7,
0x000009d7,0x00000000,0x000400fa,0x000009d5,0x000009d6,0x000009d7,0x000200f8,0x000009d6,
0x000200f9,0x000009df,0x000200f8,0x000009d7,0x00050084,0x0000001d,0x000009da,0x0000097b,
0x0000075b,0x00050080,0x0000001d,0x000009dc,0x000009da,0x00000980,0x00060041,0x00000328,
0x000009dd,0x00000322,0x000001a0,0x000009dc,0x0004003d,0x00000006,0x000009de,0x000009dd,
0x000200f9,0x000009df,0x000200f8,0x000009df,0x000700f5,0x00000006,0x00000f35,0x0000009a,
0x000009d6,0x000009de,0x000009d7,0x00050051,0x00000006,0x00000986,0x00000977,0x00000000,
0x0008000c,0x00000006,0x00000987,0x00000001,0x0000002e,0x00000f34,0x00000f35,0x00000986,
0x00050080,0x0000001d,0x0000098a,0x0000097b,0x00000159,0x000300f7,0x000009fc,0x00000000,
0x000300fb,0x00000059,0x000009e5,0x000200f8,0x000009e5,0x000500b1,0x00000080,0x000009e9,
0x0000098a,0x000001a0,0x000500a6,0x00000080,0x000009ea,0x000009ad,0x000009e9,0x000500a6,
0x00000080,0x000009ee,0x000009ea,0x000009b3,0x000500af,0x00000080,0x000009f1,0x0000098a,
0x0000075b,0x000500a6,0x00000080,0x000009f2,0x000009ee,0x000009f1,0x000300f7,0x000009f4,
0x00000000,0x000400fa,0x000009f2,0x000009f3,0x000009f4,0x000200f8,0x000009f3,0x000200f9,
0x000009fc,0x000200f8,0x000009f4,0x00050084,0x0000001d,0x000009f7,0x0000098a,0x0000075b,
0x00050080,0x0000001d,0x000009f9,0x000009f7,0x00000979,0x00060041,0x00000328,0x000009fa,
0x00000322,0x000001a0,0x000009f9,0x0004003d,0x00000006,0x000009fb,0x000009fa,0x000200f9,
0x000009fc,0x000200f8,0x000009fc,0x000700f5,0x00000006,0x00000f36,0x0000009a,0x000009f3,
0x000009fb,0x000009f4,0x000300f7,0x00000a19,0x00000000,0x000300fb,0x00000059,0x00000a02,
0x000200f8,0x00000a02,0x000500a6,0x00000080,0x00000a07,0x000009ca,0x000009e9,0x000500a6,
0x00000080,0x00000a0b,0x00000a07,0x000009d0,0x000500a6,0x00000080,0x00000a0f,0x00000a0b,
0x000009f1,0x000300f7,0x00000a11,0x00000000,0x000400fa,0x00000a0f,0x00000a10,0x00000a11,
0x000200f8,0x00000a10,0x000200f9,0x00000a19,0x000200f8,0x00000a11,0x00050084,0x0000001d,
0x00000a14,0x0000098a,0x0000075b,0x00050080,0x0000001d,0x00000a16,0x00000a14,0x00000980,
0x00060041,0x00000328,0x00000a17,0x00000322,0x000001a0,0x00000a16,0x0004003d,0x00000006,
0x00000a18,0x00000a17,0x000200f9,0x00000a19,0x000200f8,0x00000a19,0x000700f5,0x00000006,
0x00000f37,0x0000009a,0x00000a10,0x00000a18,0x00000a11,0x0008000c,0x00000006,0x00000999,
0x00000001,0x0000002e,0x00000f36,0x00000f37,0x00000986,0x00050085,0x00000006,0x0000099b,
0x00000163,0x00000953,0x0008000c,0x00000006,0x0000099d,0x00000001,0x00000031,0x0000009a,
0x0000099b,0x00000965,0x00050051,0x00000006,0x000009a1,0x00000977,0x00000001,0x0008000c,
0x00000006,0x000009a2,0x00000001,0x0000002e,0x00000987,0x00000999,0x000009a1,0x00050085,
0x00000006,0x000009a4,0x000009a2,0x0000099d,0x000200f9,0x000009a5,0x000200f8,0x000009a5,
0x000b00f5,0x00000006,0x00000f38,0x0000009a,0x00000948,0x0000009a,0x0000094e,0x0000009a,
0x00000968,0x000009a4,0x00000a19,0x00050083,0x00000009,0x00000736,0x000004a1,0x00000730,
0x000300f7,0x00000a9a,0x00000000,0x000300fb,0x00000059,0x00000a36,0x000200f8,0x00000a36,
0x000300f7,0x00000a3e,0x00000000,0x000400fa,0x0000075d,0x00000a3d,0x00000a3e,0x000200f8,
0x00000a3d,0x000200f9,0x00000a9a,0x000200f8,0x00000a3e,0x000500bc,0x00000080,0x00000a42,
0x0000049a,0x0000009a,0x000300f7,0x00000a44,0x00000000,0x000400fa,0x00000a42,0x00000a43,
0x00000a44,0x000200f8,0x00000a43,0x000200f9,0x00000a9a,0x000200f8,0x00000a44,0x0004006f,
0x00000006,0x00000a47,0x0000075b,0x00050088,0x00000006,0x00000a48,0x0000049a,0x00000a47,
0x00050041,0x00000348,0x00000a4a,0x00000068,0x0000032e,0x0004003d,0x0000005d,0x00000a4b,
0x00000a4a,0x0007004f,0x00000009,0x00000a4c,0x00000a4b,0x00000a4b,0x00000000,0x00000001,
0x00050083,0x00000009,0x00000a4d,0x00000736,0x00000a4c,0x00050085,0x00000006,0x00000a4f,
0x0000049a,0x00000072,0x00050051,0x00000006,0x00000a51,0x00000a4d,0x00000000,0x0006000c,
0x00000006,0x00000a52,0x00000001,0x00000004,0x00000a51,0x0004007f,0x00000006,0x00000ff4,
0x00000a52,0x0008000c,0x00000006,0x00000a53,0x00000001,0x00000032,0x0000049a,0x00000072,
0x00000ff4,0x00050051,0x00000006,0x00000a57,0x00000a4d,0x00000001,0x0006000c,0x00000006,
0x00000a58,0x00000001,0x00000004,0x00000a57,0x0004007f,0x00000006,0x00000ff5,0x00000a58,
0x0008000c,0x00000006,0x00000a59,0x00000001,0x00000032,0x0000049a,0x00000072,0x00000ff5,
0x0007000c,0x00000006,0x00000a5a,0x00000001,0x00000025,0x00000a53,0x00000a59,0x000500bc,
0x00000080,0x00000a5c,0x00000a5a,0x0000009a,0x000300f7,0x00000a5e,0x00000000,0x000400fa,
0x00000a5c,0x00000a5d,0x00000a5e,0x000200f8,0x00000a5d,0x000200f9,0x00000a9a,0x000200f8,
0x00000a5e,0x00050050,0x00000009,0x00000a62,0x00000a4f,0x00000a4f,0x00050081,0x00000009,
0x00000a63,0x00000a4d,0x00000a62,0x00050050,0x00000009,0x00000a65,0x00000a48,0x00000a48,
0x00050088,0x00000009,0x00000a66,0x00000a63,0x00000a65,0x00050083,0x00000009,0x00000a67,
0x00000a66,0x00000369,0x0006000c,0x00000009,0x00000a69,0x00000001,0x00000008,0x00000a67,
0x0004006e,0x0000036b,0x00000a6a,0x00000a69,0x0006000c,0x00000009,0x00000a6c,0x00000001,
0x0000000a,0x00000a67,0x00050051,0x0000001d,0x00000a6e,0x00000a6a,0x00000000,0x00050051,
0x0000001d,0x00000a70,0x00000a6a,0x00000001,0x000300f7,0x00000ab7,0x00000000,0x000300fb,
0x00000059,0x00000aa0,0x000200f8,0x00000aa0,0x000500b1,0x00000080,0x00000aa2,0x00000a6e,
0x000001a0,0x000500b1,0x00000080,0x00000aa4,0x00000a70,0x000001a0,0x000500a6,0x00000080,
0x00000aa5,0x00000aa2,0x00000aa4,0x000500af,0x00000080,0x00000aa8,0x00000a6e,0x0000075b,
0x000500a6,0x00000080,0x00000aa9,0x00000aa5,0x00000aa8,0x000500af,0x00000080,0x00000aac,
0x00000a70,0x0000075b,0x000500a6,0x00000080,0x00000aad,0x00000aa9,0x00000aac,0x000300f7,
0x00000aaf,0x00000000,0x000400fa,0x00000aad,0x00000aae,0x00000aaf,0x000200f8,0x00000aae,
0x000200f9,0x00000ab7,0x000200f8,0x00000aaf,0x00050084,0x0000001d,0x00000ab2,0x00000a70,
0x0000075b,0x00050080,0x0000001d,0x00000ab4,0x00000ab2,0x00000a6e,0x00060041,0x00000328,
0x00000ab5,0x00000322,0x000001a0,0x00000ab4,0x0004003d,0x00000006,0x00000ab6,0x00000ab5,
0x000200f9,0x00000ab7,0x000200f8,0x00000ab7,0x000700f5,0x00000006,0x00000f39,0x0000009a,
0x00000aae,0x00000ab6,0x00000aaf,0x00050080,0x0000001d,0x00000a75,0x00000a6e,0x00000159,
0x000300f7,0x00000ad4,0x00000000,0x000300fb,0x00000059,0x00000abd,0x000200f8,0x00000abd,
0x000500b1,0x00000080,0x00000abf,0x00000a75,0x000001a0,0x000500a6,0x00000080,0x00000ac2,
0x00000abf,0x00000aa4,0x000500af,0x00000080,0x00000ac5,0x00000a75,0x0000075b,0x000500a6,
0x00000080,0x00000ac6,0x00000ac2,0x00000ac5,0x000500a6,0x00000080,0x00000aca,0x00000ac6,
0x00000aac,0x000300f7,0x00000acc,0x00000000,0x000400fa,0x00000aca,0x00000acb,0x00000acc,
0x000200f8,0x00000acb,0x000200f9,0x00000ad4,0x000200f8,0x00000acc,0x00050084,0x0000001d,
0x00000acf,0x00000a70,0x0000075b,0x00050080,0x0000001d,0x00000ad1,0x00000acf,0x00000a75,
0x00060041,0x00000328,0x00000ad2,0x00000322,0x000001a0,0x00000ad1,0x0004003d,0x00000006,
0x00000ad3,0x00000ad2,0x000200f9,0x00000ad4,0x000200f8,0x00000ad4,0x000700f5,0x00000006,
0x00000f3a,0x0000009a,0x00000acb,0x00000ad3,0x00000acc,0x00050051,0x00000006,0x00000a7b,
0x00000a6c,0x00000000,0x0008000c,0x00000006,0x00000a7c,0x00000001,0x0000002e,0x00000f39,
0x00000f3a,0x00000a7b,0x00050080,0x0000001d,0x00000a7f,0x00000a70,0x00000159,0x000300f7,
0x00000af1,0x00000000,0x000300fb,0x00000059,0x00000ada,0x000200f8,0x00000ada,0x000500b1,
0x00000080,0x00000ade,0x00000a7f,0x000001a0,0x000500a6,0x00000080,0x00000adf,0x00000aa2,
0x00000ade,0x000500a6,0x00000080,0x00000ae3,0x00000adf,0x00000aa8,0x000500af,0x00000080,
0x00000ae6,0x00000a7f,0x0000075b,0x000500a6,0x00000080,0x00000ae7,0x00000ae3,0x00000ae6,
0x000300f7,0x00000ae9,0x00000000,0x000400fa,0x00000ae7,0x00000ae8,0x00000ae9,0x000200f8,
0x00000ae8,0x000200f9,0x00000af1,0x000200f8,0x00000ae9,0x00050084,0x0000001d,0x00000aec,
0x00000a7f,0x0000075b,0x00050080,0x0000001d,0x00000aee,0x00000aec,0x00000a6e,0x00060041,
0x00000328,0x00000aef,0x00000322,0x000001a0,0x00000aee,0x0004003d,0x00000006,0x00000af0,
0x00000aef,0x000200f9,0x00000af1,0x000200f8,0x00000af1,0x000700f5,0x00000006,0x00000f3b,
0x0000009a,0x00000ae8,0x00000af0,0x00000ae9,0x000300f7,0x00000b0e,0x00000000,0x000300fb,
0x00000059,0x00000af7,0x000200f8,0x00000af7,0x000500a6,0x00000080,0x00000afc,0x00000abf,
0x00000ade,0x000500a6,0x00000080,0x00000b00,0x00000afc,0x00000ac5,0x000500a6,0x00000080,
0x00000b04,0x00000b00,0x00000ae6,0x000300f7,0x00000b06,0x00000000,0x000400fa,0x00000b04,
0x00000b05,0x00000b06,0x000200f8,0x00000b05,0x000200f9,0x00000b0e,0x000200f8,0x00000b06,
0x00050084,0x0000001d,0x00000b09,0x00000a7f,0x0000075b,0x00050080,0x0000001d,0x00000b0b,
0x00000b09,0x00000a75,0x00060041,0x00000328,0x00000b0c,0x00000322,0x000001a0,0x00000b0b,
0x0004003d,0x00000006,0x00000b0d,0x00000b0c,0x000200f9,0x00000b0e,0x000200f8,0x00000b0e,
0x000700f5,0x00000006,0x00000f3c,0x0000009a,0x00000b05,0x00000b0d,0x00000b06,0x0008000c,
0x00000006,0x00000a8e,0x00000001,0x0000002e,0x00000f3b,0x00000f3c,0x00000a7b,0x00050085,
0x00000006,0x00000a90,0x00000163,0x00000a48,0x0008000c,0x00000006,0x00000a92,0x00000001,
0x00000031,0x0000009a,0x00000a90,0x00000a5a,0x00050051,0x00000006,0x00000a96,0x00000a6c,
0x00000001,0x0008000c,0x00000006,0x00000a97,0x00000001,0x0000002e,0x00000a7c,0x00000a8e,
0x00000a96,0x00050085,0x00000006,0x00000a99,0x00000a97,0x00000a92,0x000200f9,0x00000a9a,
0x000200f8,0x00000a9a,0x000b00f5,0x00000006,0x00000f3d,0x0000009a,0x00000a3d,0x0000009a,
0x00000a43,0x0000009a,0x00000a5d,0x00000a99,0x00000b0e,0x00050083,0x00000006,0x00000738,
0x00000f38,0x00000f3d,0x00050050,0x00000009,0x00000739,0x0000072d,0x00000738,0x0005008e,
0x00000009,0x0000073b,0x00000739,0x00000722,0x00050081,0x00000009,0x000004b3,0x00000f29,
0x0000073b,0x000200f9,0x00000497,0x000200f8,0x00000497,0x000700f5,0x00000009,0x00000fa7,
0x000000c2,0x00000488,0x0000073b,0x00000a9a,0x000700f5,0x00000009,0x00000f52,0x00000f29,
0x00000488,0x000004b3,0x00000a9a,0x00050041,0x00000456,0x000004b6,0x000004b5,0x00000059,
0x0004003d,0x00000006,0x000004b7,0x000004b6,0x00050051,0x00000006,0x000004b9,0x00000f52,
0x00000000,0x00050083,0x00000006,0x000004ba,0x000004b7,0x000004b9,0x00050041,0x00000456,
0x000004bb,0x000004b5,0x0000006a,0x0004003d,0x00000006,0x000004bc,0x000004bb,0x00050041,
0x00000456,0x000004bd,0x000004b5,0x00000056,0x0004003d,0x00000006,0x000004be,0x000004bd,
0x00050051,0x00000006,0x000004c0,0x00000f52,0x00000001,0x00050083,0x00000006,0x000004c1,
0x000004be,0x000004c0,0x00060050,0x00000007,0x000004c2,0x000004ba,0x000004bc,0x000004c1,
0x0006000c,0x00000007,0x000004c3,0x00000001,0x00000045,0x000004c2,0x0006000c,0x00000007,
0x000004c8,0x00000001,0x00000045,0x00000473,0x00050094,0x00000006,0x000004cc,0x000004c3,
0x000004c8,0x0007000c,0x00000006,0x000004ce,0x00000001,0x00000028,0x000004cc,0x000004cd,
0x00060041,0x0000006b,0x000004d1,0x00000068,0x000004d0,0x00000059,0x0004003d,0x00000006,
0x000004d2,0x000004d1,0x0008000c,0x00000006,0x000004d3,0x00000001,0x0000002b,0x000004d2,
0x00000078,0x00000163,0x00050083,0x00000006,0x000004d6,0x000004d3,0x00000078,0x00050081,
0x00000006,0x000004d8,0x000004d3,0x00000078,0x00050088,0x00000006,0x000004d9,0x000004d6,
0x000004d8,0x00050085,0x00000006,0x000004dc,0x000004d9,0x000004d9,0x0004007f,0x00000006,
0x00000ff6,0x000004d9,0x0008000c,0x00000006,0x000004e0,0x00000001,0x00000032,0x00000ff6,
0x000004d9,0x00000078,0x00050083,0x00000006,0x000004e2,0x00000078,0x000004ce,0x00050085,
0x00000006,0x00000b15,0x000004e2,0x000004e2,0x00050085,0x00000006,0x00000b18,0x00000b15,
0x00000b15,0x00050085,0x00000006,0x00000b1a,0x00000b18,0x000004e2,0x00050085,0x00000006,
0x000004e5,0x000004e0,0x00000b1a,0x0008000c,0x00000006,0x000004e6,0x00000001,0x00000032,
0x000004d9,0x000004d9,0x000004e5,0x00060041,0x0000006b,0x000004e8,0x00000068,0x000004d0,
0x0000006a,0x0004003d,0x00000006,0x000004e9,0x000004e8,0x0008000c,0x00000006,0x000004eb,
0x00000001,0x0000002b,0x000004e9,0x000004ea,0x00000078,0x00060041,0x0000006b,0x000004ed,
0x00000068,0x0000042d,0x00000056,0x0004003d,0x00000006,0x000004ee,0x000004ed,0x0008000c,
0x00000006,0x000004ef,0x00000001,0x0000002b,0x000004ee,0x0000009a,0x00000078,0x000500ba,
0x00000080,0x000004f1,0x000004ef,0x0000009a,0x000300f7,0x000004f3,0x00000000,0x000400fa,
0x000004f1,0x000004f2,0x000004f3,0x000200f8,0x000004f2,0x000400cf,0x00000007,0x000004f6,
0x000004c3,0x000400d0,0x00000007,0x000004f9,0x000004c3,0x00050094,0x00000006,0x000004fd,
0x000004f6,0x000004f6,0x00050094,0x00000006,0x00000500,0x000004f9,0x000004f9,0x00050081,
0x00000006,0x00000501,0x000004fd,0x00000500,0x00050085,0x00000006,0x00000505,0x00000501,
0x000004ef,0x0007000c,0x00000006,0x00000506,0x00000001,0x00000025,0x000000ea,0x00000505,
0x00050085,0x00000006,0x00000509,0x000004eb,0x000004eb,0x00050085,0x00000006,0x0000050b,
0x00000509,0x000004eb,0x0008000c,0x00000006,0x0000050f,0x00000001,0x00000032,0x0000050b,
0x000004eb,0x00000506,0x0007000c,0x00000006,0x00000510,0x00000001,0x00000025,0x00000078,
0x0000050f,0x0006000c,0x00000006,0x00000511,0x00000001,0x0000001f,0x00000510,0x0006000c,
0x00000006,0x00000512,0x00000001,0x0000001f,0x00000511,0x000200f9,0x000004f3,0x000200f8,
0x000004f3,0x000700f5,0x00000006,0x00000f53,0x000004eb,0x00000497,0x00000512,0x000004f2,
0x00060041,0x0000006b,0x00000513,0x00000068,0x00000069,0x00000089,0x0004003d,0x00000006,
0x00000514,0x00000513,0x000500ba,0x00000080,0x00000515,0x00000514,0x000000db,0x000500ab,
0x00000080,0x00000518,0x00000431,0x00000517,0x000500a7,0x00000080,0x00000519,0x00000515,
0x00000518,0x000300f7,0x0000051b,0x00000000,0x000400fa,0x00000519,0x0000051a,0x0000051b,
0x000200f8,0x0000051a,0x000300f7,0x00000b31,0x00000000,0x000400fa,0x00000515,0x00000b22,
0x00000b2b,0x000200f8,0x00000b22,0x0004003d,0x00000092,0x00000b23,0x000000e0,0x0008000c,
0x00000006,0x00000b25,0x00000001,0x0000002b,0x000004ce,0x0000009a,0x00000078,0x0008000c,
0x00000006,0x00000b27,0x00000001,0x0000002b,0x00000f53,0x0000009a,0x00000078,0x00050050,
0x00000009,0x00000b28,0x00000b25,0x00000b27,0x00050057,0x0000005d,0x00000b29,0x00000b23,
0x00000b28,0x0007004f,0x00000009,0x00000b2a,0x00000b29,0x00000b29,0x00000000,0x00000001,
0x000200f9,0x00000b31,0x000200f8,0x00000b2b,0x00050083,0x00000006,0x00000b2d,0x00000078,
0x00000f53,0x0008000c,0x00000006,0x00000b2f,0x00000001,0x00000032,0x000000eb,0x00000b2d,
0x000000ea,0x00050050,0x00000009,0x00000b30,0x00000b2f,0x0000009a,0x000200f9,0x00000b31,
0x000200f8,0x00000b31,0x000700f5,0x00000009,0x00000f54,0x00000b2a,0x00000b22,0x00000b30,
0x00000b2b,0x00050051,0x00000006,0x00000524,0x00000f54,0x00000000,0x00050051,0x00000006,
0x00000527,0x00000f54,0x00000001,0x0008000c,0x00000006,0x00000528,0x00000001,0x00000032,
0x000004dc,0x00000524,0x00000527,0x0008000c,0x00000006,0x00000529,0x00000001,0x0000002b,
0x00000528,0x0000009a,0x00000078,0x000200f9,0x0000051b,0x000200f8,0x0000051b,0x000700f5,
0x00000006,0x00000fc7,0x000004e6,0x000004f3,0x00000529,0x00000b31,0x000500aa,0x00000080,
0x0000052c,0x00000431,0x00000517,0x000300f7,0x0000052f,0x00000000,0x000400fa,0x0000052c,
0x0000052e,0x00000530,0x000200f8,0x0000052e,0x000200f9,0x0000052f,0x000200f8,0x00000530,
0x0004007f,0x00000007,0x00000532,0x000004c8,0x0007000c,0x00000007,0x00000534,0x00000001,
0x00000047,0x00000532,0x000004c3,0x00060041,0x0000006b,0x00000536,0x00000068,0x00000069,
0x00000056,0x0004003d,0x00000006,0x00000537,0x00000536,0x00050085,0x00000006,0x00000538,
0x00000f53,0x00000537,0x000300f7,0x00000b7f,0x00000000,0x000300fb,0x00000059,0x00000b3d,
0x000200f8,0x00000b3d,0x000400a8,0x00000080,0x00000b3e,0x00000082,0x000300f7,0x00000b46,
0x00000000,0x000400fa,0x00000b3e,0x00000b3f,0x00000b46,0x000200f8,0x00000b3f,0x000300f7,
0x00000b44,0x00000000,0x000400fa,0x00000086,0x00000b40,0x00000b44,0x000200f8,0x00000b40,
0x000500b8,0x00000080,0x00000b43,0x00000514,0x00000072,0x000200f9,0x00000b44,0x000200f8,
0x00000b44,0x000700f5,0x00000080,0x00000b45,0x00000086,0x00000b3f,0x00000b43,0x00000b40,
0x000200f9,0x00000b46,0x000200f8,0x00000b46,0x000700f5,0x00000080,0x00000b47,0x00000082,
0x00000b3d,0x00000b45,0x00000b44,0x000300f7,0x00000b53,0x00000000,0x000400fa,0x00000b47,
0x00000b48,0x00000b53,0x000200f8,0x00000b48,0x0004003d,0x00000092,0x00000b49,0x00000094,
0x00050051,0x00000006,0x00000b85,0x00000534,0x00000002,0x00050051,0x00000006,0x00000b87,
0x00000534,0x00000000,0x0007000c,0x00000006,0x00000b88,0x00000001,0x00000019,0x00000b85,
0x00000b87,0x00060041,0x0000006b,0x00000b89,0x00000068,0x00000069,0x0000006a,0x0004003d,
0x00000006,0x00000b8a,0x00000b89,0x00050081,0x00000006,0x00000b8b,0x00000b88,0x00000b8a,
0x0008000c,0x00000006,0x00000b8e,0x00000001,0x00000032,0x00000b8b,0x00000ff7,0x00000072,
0x0006000c,0x00000006,0x00000b8f,0x00000001,0x0000000a,0x00000b8e,0x00050051,0x00000006,
0x00000b91,0x00000534,0x00000001,0x0008000c,0x00000006,0x00000b92,0x00000001,0x0000002b,
0x00000b91,0x00000077,0x00000078,0x0006000c,0x00000006,0x00000b93,0x00000001,0x00000011,
0x00000b92,0x00050085,0x00000006,0x00000b94,0x00000b93,0x00000ff8,0x00050050,0x00000009,
0x00000b95,0x00000b8f,0x00000b94,0x0008000c,0x00000006,0x00000b4f,0x00000001,0x0000002b,
0x00000538,0x0000009a,0x00000537,0x00070058,0x0000005d,0x00000b50,0x00000b49,0x00000b95,
0x00000002,0x00000b4f,0x0008004f,0x00000007,0x00000b51,0x00000b50,0x00000b50,0x00000000,
0x00000001,0x00000002,0x000200f9,0x00000b7f,0x000200f8,0x00000b53,0x0007004f,0x00000009,
0x00000b55,0x00000534,0x00000534,0x00000000,0x00000002,0x00050051,0x00000006,0x00000b57,
0x00000534,0x00000000,0x0006000c,0x00000006,0x00000b58,0x00000001,0x00000004,0x00000b57,
0x00050051,0x00000006,0x00000b5a,0x00000534,0x00000001,0x0006000c,0x00000006,0x00000b5b,
0x00000001,0x00000004,0x00000b5a,0x00050081,0x00000006,0x00000b5c,0x00000b58,0x00000b5b,
0x00050051,0x00000006,0x00000b5e,0x00000534,0x00000002,0x0006000c,0x00000006,0x00000b5f,
0x00000001,0x00000004,0x00000b5e,0x00050081,0x00000006,0x00000b60,0x00000b5c,0x00000b5f,
0x0007000c,0x00000006,0x00000b61,0x00000001,0x00000028,0x00000b60,0x000000b1,0x00050050,
0x00000009,0x00000b62,0x00000b61,0x00000b61,0x00050088,0x00000009,0x00000b63,0x00000b55,
0x00000b62,0x000500b8,0x00000080,0x00000b66,0x00000b5a,0x0000009a,0x000300f7,0x00000b71,
0x00000000,0x000400fa,0x00000b66,0x00000b67,0x00000b71,0x000200f8,0x00000b67,0x0007004f,
0x00000009,0x00000b69,0x00000b63,0x00000b63,0x00000001,0x00000000,0x0006000c,0x00000009,
0x00000b6a,0x00000001,0x00000004,0x00000b69,0x00050083,0x00000009,0x00000b6c,0x000000c0,
0x00000b6a,0x000500be,0x000000c3,0x00000b6e,0x00000b63,0x000000c2,0x000600a9,0x00000009,
0x00000b6f,0x00000b6e,0x000000c0,0x000000bf,0x00050085,0x00000009,0x00000b70,0x00000b6c,
0x00000b6f,0x000200f9,0x00000b71,0x000200f8,0x00000b71,0x000700f5,0x00000009,0x00000f57,
0x00000b63,0x00000b53,0x00000b70,0x00000b67,0x0005008e,0x00000009,0x00000b73,0x00000f57,
0x00000072,0x00050081,0x00000009,0x00000b75,0x00000b73,0x00000369,0x0004003d,0x00000092,
0x00000b76,0x000000cc,0x0008000c,0x00000006,0x00000b7b,0x00000001,0x0000002b,0x00000538,
0x0000009a,0x00000537,0x00070058,0x0000005d,0x00000b7c,0x00000b76,0x00000b75,0x00000002,
0x00000b7b,0x0008004f,0x00000007,0x00000b7d,0x00000b7c,0x00000b7c,0x00000000,0x00000001,
0x00000002,0x000200f9,0x00000b7f,0x000200f8,0x00000b7f,0x000700f5,0x00000007,0x00000f58,
0x00000b51,0x00000b48,0x00000b7d,0x00000b71,0x000200f9,0x0000052f,0x000200f8,0x0000052f,
0x000700f5,0x00000007,0x00000f59,0x000000fa,0x0000052e,0x00000f58,0x00000b7f,0x00050041,
0x00000348,0x0000053f,0x00000068,0x0000053e,0x0004003d,0x0000005d,0x00000540,0x0000053f,
0x0008004f,0x00000007,0x00000541,0x00000540,0x00000540,0x00000000,0x00000001,0x00000002,
0x0004007f,0x00000007,0x00000542,0x00000541,0x00060041,0x0000006b,0x00000544,0x00000068,
0x0000053e,0x00000089,0x0004003d,0x00000006,0x00000545,0x00000544,0x0008000c,0x00000006,
0x00000546,0x00000001,0x0000002b,0x00000545,0x0000009a,0x00000078,0x00050085,0x00000006,
0x00000547,0x00000482,0x00000546,0x0005008e,0x00000007,0x00000548,0x00000542,0x00000547,
0x0006000c,0x00000007,0x00000549,0x00000001,0x0000001b,0x00000548,0x00050094,0x00000006,
0x00000550,0x00000549,0x0000054f,0x00050041,0x00000348,0x00000553,0x00000068,0x00000552,
0x0004003d,0x0000005d,0x00000554,0x00000553,0x0008004f,0x00000007,0x00000555,0x00000554,
0x00000554,0x00000000,0x00000001,0x00000002,0x00050041,0x00000348,0x00000557,0x00000068,
0x00000556,0x0004003d,0x0000005d,0x00000558,0x00000557,0x0008004f,0x00000007,0x00000559,
0x00000558,0x00000558,0x00000000,0x00000001,0x00000002,0x00060050,0x00000007,0x0000055b,
0x00000550,0x00000550,0x00000550,0x0008000c,0x00000007,0x0000055c,0x00000001,0x0000002e,
0x00000555,0x00000559,0x0000055b,0x00060041,0x0000006b,0x00000561,0x00000068,0x000004d0,
0x00000056,0x0004003d,0x00000006,0x00000562,0x00000561,0x0008000c,0x00000006,0x00000563,
0x00000001,0x0000002b,0x00000562,0x0000009a,0x00000078,0x00050085,0x00000006,0x00000564,
0x00000563,0x000000ea,0x00060050,0x00000007,0x00000565,0x00000564,0x00000564,0x00000564,
0x0008000c,0x00000007,0x00000566,0x00000001,0x0000002e,0x0000055c,0x00000559,0x00000565,
0x00050041,0x00000348,0x00000568,0x00000068,0x000001a0,0x0004003d,0x0000005d,0x00000569,
0x00000568,0x0008004f,0x00000007,0x0000056a,0x00000569,0x00000569,0x00000000,0x00000001,
0x00000002,0x00050094,0x00000006,0x0000056e,0x000004c3,0x0000056a,0x0007000c,0x00000006,
0x0000056f,0x00000001,0x00000028,0x0000056e,0x0000009a,0x00050081,0x00000007,0x00000573,
0x000004c8,0x0000056a,0x0006000c,0x00000007,0x00000574,0x00000001,0x00000045,0x00000573,
0x00050085,0x00000006,0x00000578,0x00000f53,0x00000f53,0x00050094,0x00000006,0x0000057c,
0x000004c3,0x00000574,0x0007000c,0x00000006,0x0000057d,0x00000001,0x00000028,0x0000057c,
0x0000009a,0x00050094,0x00000006,0x00000584,0x000004c8,0x00000574,0x0007000c,0x00000006,
0x00000585,0x00000001,0x00000028,0x00000584,0x0000009a,0x00050083,0x00000006,0x00000586,
0x00000078,0x00000585,0x00050085,0x00000006,0x00000b9b,0x00000586,0x00000586,0x00050085,
0x00000006,0x00000b9e,0x00000b9b,0x00000b9b,0x00050085,0x00000006,0x00000ba0,0x00000b9e,
0x00000586,0x00050085,0x00000006,0x00000589,0x000004e0,0x00000ba0,0x0008000c,0x00000006,
0x0000058a,0x00000001,0x00000032,0x000004d9,0x000004d9,0x00000589,0x00050085,0x00000006,
0x00000ba7,0x00000578,0x00000578,0x00050085,0x00000006,0x00000baa,0x0000057d,0x0000057d,
0x0008000c,0x00000006,0x00000bac,0x00000001,0x00000032,0x00000578,0x00000578,0x00000077,
0x0008000c,0x00000006,0x00000bae,0x00000001,0x00000032,0x00000baa,0x00000bac,0x00000078,
0x00050085,0x00000006,0x00000bb1,0x0000007b,0x00000bae,0x00050085,0x00000006,0x00000bb3,
0x00000bb1,0x00000bae,0x00050088,0x00000006,0x00000bb4,0x00000ba7,0x00000bb3,0x00050085,
0x00000006,0x00000bbe,0x000004ce,0x000004ce,0x0004007f,0x00000006,0x00000ffa,0x00000578,
0x0008000c,0x00000006,0x00000bc0,0x00000001,0x00000032,0x00000ffa,0x00000578,0x00000078,
0x0008000c,0x00000006,0x00000bc3,0x00000001,0x00000032,0x00000bbe,0x00000bc0,0x00000ba7,
0x0006000c,0x00000006,0x00000bc4,0x00000001,0x0000001f,0x00000bc3,0x00050085,0x00000006,
0x00000bc9,0x0000056f,0x0000056f,0x0008000c,0x00000006,0x00000bce,0x00000001,0x00000032,
0x00000bc9,0x00000bc0,0x00000ba7,0x0006000c,0x00000006,0x00000bcf,0x00000001,0x0000001f,
0x00000bce,0x00050085,0x00000006,0x00000bd0,0x000004ce,0x00000bcf,0x0008000c,0x00000006,
0x00000bd1,0x00000001,0x00000032,0x0000056f,0x00000bc4,0x00000bd0,0x0007000c,0x00000006,
0x00000bd2,0x00000001,0x00000028,0x00000bd1,0x0000030a,0x00050088,0x00000006,0x00000bd3,
0x00000072,0x00000bd2,0x00050085,0x00000006,0x00000598,0x00000bb4,0x00000bd3,0x00050085,
0x00000006,0x0000059a,0x00000598,0x0000058a,0x00050085,0x00000006,0x0000059c,0x0000059a,
0x0000056f,0x000500ba,0x00000080,0x0000059f,0x0000056f,0x0000009a,0x000500ab,0x00000080,
0x000005a1,0x00000431,0x00000159,0x000500a7,0x00000080,0x000005a2,0x0000059f,0x000005a1,
0x000300f7,0x000005a5,0x00000000,0x000400fa,0x000005a2,0x000005a4,0x000005ad,0x000200f8,
0x000005a4,0x000300f7,0x00000c6a,0x00000000,0x000300fb,0x00000059,0x00000bee,0x000200f8,
0x00000bee,0x00060041,0x0000006b,0x00000bef,0x00000068,0x00000118,0x0000006a,0x0004003d,
0x00000006,0x00000bf0,0x00000bef,0x00050081,0x00000006,0x00000bf1,0x00000bf0,0x00000072,
0x0004006e,0x0000001d,0x00000bf2,0x00000bf1,0x000500b3,0x00000080,0x00000bf4,0x00000bf2,
0x000001a0,0x000300f7,0x00000bf6,0x00000000,0x000400fa,0x00000bf4,0x00000bf5,0x00000bf6,
0x000200f8,0x00000bf5,0x000200f9,0x00000c6a,0x000200f8,0x00000bf6,0x00050082,0x0000001d,
0x00000bf8,0x00000bf2,0x00000159,0x00060041,0x0000006b,0x00000bf9,0x00000068,0x0000024e,
0x00000bf8,0x0004003d,0x00000006,0x00000bfa,0x00000bf9,0x000500ba,0x00000080,0x00000bfd,
0x000006e0,0x00000bfa,0x000300f7,0x00000bff,0x00000000,0x000400fa,0x00000bfd,0x00000bfe,
0x00000bff,0x000200f8,0x00000bfe,0x000200f9,0x00000c6a,0x000200f8,0x00000bff,0x000200f9,
0x00000c00,0x000200f8,0x00000c00,0x000700f5,0x0000001d,0x00000f5f,0x000001a0,0x00000bff,
0x00000c10,0x00000c0e,0x000400f6,0x00000c12,0x00000c0e,0x00000000,0x000200f9,0x00000c01,
0x000200f8,0x00000c01,0x000500b1,0x00000080,0x00000c05,0x00000f5f,0x00000bf8,0x000300f7,
0x00000c0c,0x00000000,0x000400fa,0x00000c05,0x00000c06,0x00000c0c,0x000200f8,0x00000c06,
0x00060041,0x0000006b,0x00000c09,0x00000068,0x0000024e,0x00000f5f,0x0004003d,0x00000006,
0x00000c0a,0x00000c09,0x000500ba,0x00000080,0x00000c0b,0x000006e0,0x00000c0a,0x000200f9,
0x00000c0c,0x000200f8,0x00000c0c,0x000700f5,0x00000080,0x00000c0d,0x00000c05,0x00000c01,
0x00000c0b,0x00000c06,0x000400fa,0x00000c0d,0x00000c0e,0x00000c12,0x000200f8,0x00000c0e,
0x00050080,0x0000001d,0x00000c10,0x00000f5f,0x00000159,0x000200f9,0x00000c00,0x000200f8,
0x00000c12,0x000300f7,0x00000d8b,0x00000000,0x000300fb,0x00000059,0x00000c83,0x000200f8,
0x00000c83,0x00060041,0x0000006b,0x00000c86,0x00000068,0x00000118,0x00000089,0x0004003d,
0x00000006,0x00000c87,0x00000c86,0x00060041,0x0000006b,0x00000c89,0x00000068,0x0000011b,
0x00000f5f,0x0004003d,0x00000006,0x00000c8a,0x00000c89,0x00050085,0x00000006,0x00000c8b,
0x00000c87,0x00000c8a,0x0005008e,0x00000007,0x00000c8c,0x000004c3,0x00000c8b,0x00050081,
0x00000007,0x00000c8d,0x00000472,0x00000c8c,0x00060041,0x00000126,0x00000c8f,0x00000068,
0x00000124,0x00000f5f,0x0004003d,0x0000005e,0x00000c90,0x00000c8f,0x00050051,0x00000006,
0x00000c92,0x00000c8d,0x00000000,0x00050051,0x00000006,0x00000c93,0x00000c8d,0x00000001,
0x00050051,0x00000006,0x00000c94,0x00000c8d,0x00000002,0x00070050,0x0000005d,0x00000c95,
0x00000c92,0x00000c93,0x00000c94,0x00000078,0x00050091,0x0000005d,0x00000c96,0x00000c90,
0x00000c95,0x0008004f,0x00000007,0x00000c98,0x00000c96,0x00000c96,0x00000000,0x00000001,
0x00000002,0x00050051,0x00000006,0x00000c9a,0x00000c96,0x00000003,0x00060050,0x00000007,
0x00000c9b,0x00000c9a,0x00000c9a,0x00000c9a,0x00050088,0x00000007,0x00000c9c,0x00000c98,
0x00000c9b,0x0007004f,0x00000009,0x00000c9e,0x00000c9c,0x00000c9c,0x00000000,0x00000001,
0x0005008e,0x00000009,0x00000c9f,0x00000c9e,0x00000072,0x00050081,0x00000009,0x00000ca1,
0x00000c9f,0x00000369,0x00050051,0x00000006,0x00000ca3,0x00000c9c,0x00000002,0x000500bc,
0x00000080,0x00000ca4,0x00000ca3,0x0000009a,0x000400a8,0x00000080,0x00000ca5,0x00000ca4,
0x000300f7,0x00000caa,0x00000000,0x000400fa,0x00000ca5,0x00000ca6,0x00000caa,0x000200f8,
0x00000ca6,0x000500be,0x00000080,0x00000ca9,0x00000ca3,0x00000078,0x000200f9,0x00000caa,
0x000200f8,0x00000caa,0x000700f5,0x00000080,0x00000cab,0x00000ca4,0x00000c83,0x00000ca9,
0x00000ca6,0x000400a8,0x00000080,0x00000cac,0x00000cab,0x000300f7,0x00000cb1,0x00000000,
0x000400fa,0x00000cac,0x00000cad,0x00000cb1,0x000200f8,0x00000cad,0x000500b8,0x000000c3,
0x00000caf,0x00000ca1,0x000000c2,0x0004009a,0x00000080,0x00000cb0,0x00000caf,0x000200f9,
0x00000cb1,0x000200f8,0x00000cb1,0x000700f5,0x00000080,0x00000cb2,0x00000cab,0x00000caa,
0x00000cb0,0x00000cad,0x000400a8,0x00000080,0x00000cb3,0x00000cb2,0x000300f7,0x00000cb8,
0x00000000,0x000400fa,0x00000cb3,0x00000cb4,0x00000cb8,0x000200f8,0x00000cb4,0x000500ba,
0x000000c3,0x00000cb6,0x00000ca1,0x000000c0,0x0004009a,0x00000080,0x00000cb7,0x00000cb6,
0x000200f9,0x00000cb8,0x000200f8,0x00000cb8,0x000700f5,0x00000080,0x00000cb9,0x00000cb2,
0x00000cb1,0x00000cb7,0x00000cb4,0x000300f7,0x00000cbb,0x00000000,0x000400fa,0x00000cb9,
0x00000cba,0x00000cbb,0x000200f8,0x00000cba,0x000200f9,0x00000d8b,0x000200f8,0x00000cbb,
0x000500c7,0x0000001d,0x00000cbd,0x00000f5f,0x00000159,0x0004006f,0x00000006,0x00000cbe,
0x00000cbd,0x000500c3,0x0000001d,0x00000cc0,0x00000f5f,0x00000159,0x0004006f,0x00000006,
0x00000cc1,0x00000cc0,0x00050050,0x00000009,0x00000cc2,0x00000cbe,0x00000cc1,0x000500ad,
0x00000080,0x00000cc4,0x00000bf2,0x00000159,0x000600a9,0x00000006,0x00000cc5,0x00000cc4,
0x00000163,0x00000078,0x00050081,0x00000009,0x00000cc8,0x00000ca1,0x00000cc2,0x00050050,
0x00000009,0x00000cca,0x00000cc5,0x00000cc5,0x00050088,0x00000009,0x00000ccb,0x00000cc8,
0x00000cca,0x00060041,0x0000006b,0x00000ccc,0x00000068,0x00000118,0x00000059,0x0004003d,
0x00000006,0x00000ccd,0x00000ccc,0x00050088,0x00000009,0x00000cd1,0x00000cc2,0x00000cca,
0x00050085,0x00000006,0x00000cd3,0x00000ccd,0x00000072,0x00050050,0x00000009,0x00000cd4,
0x00000cd3,0x00000cd3,0x00050081,0x00000009,0x00000cd5,0x00000cd1,0x00000cd4,0x00050081,
0x00000009,0x00000cd8,0x00000cc2,0x000000c0,0x00050088,0x00000009,0x00000cdb,0x00000cd8,
0x00000cca,0x00050083,0x00000009,0x00000cdf,0x00000cdb,0x00000cd4,0x0008000c,0x00000009,
0x00000ce3,0x00000001,0x0000002b,0x00000ccb,0x00000cd5,0x00000cdf,0x000300f7,0x00000cee,
0x00000000,0x000400fa,0x00000cc4,0x00000ce6,0x00000ced,0x000200f8,0x00000ce6,0x0004006f,
0x00000006,0x00000ce8,0x00000f5f,0x0004006f,0x00000006,0x00000ceb,0x00000bf8,0x00050088,
0x00000006,0x00000cec,0x00000ce8,0x00000ceb,0x000200f9,0x00000cee,0x000200f8,0x00000ced,
0x000200f9,0x00000cee,0x000200f8,0x00000cee,0x000700f5,0x00000006,0x00000f61,0x00000cec,
0x00000ce6,0x0000009a,0x00000ced,0x00060041,0x0000006b,0x00000cf0,0x00000068,0x00000196,
0x00000059,0x0004003d,0x00000006,0x00000cf1,0x00000cf0,0x00060041,0x0000006b,0x00000cf2,
0x00000068,0x00000196,0x0000006a,0x0004003d,0x00000006,0x00000cf3,0x00000cf2,0x0008000c,
0x00000006,0x00000cf5,0x00000001,0x0000002e,0x00000cf1,0x00000cf3,0x00000f61,0x00050081,
0x00000006,0x00000cf6,0x00000cf5,0x00000072,0x0004006e,0x0000001d,0x00000cf7,0x00000cf6,
0x000500b3,0x00000080,0x00000cf9,0x00000cf7,0x000001a0,0x000300f7,0x00000d05,0x00000000,
0x000400fa,0x00000cf9,0x00000cfa,0x00000d05,0x000200f8,0x00000cfa,0x0004003d,0x000001a5,
0x00000cfb,0x000001a7,0x00050051,0x00000006,0x00000cff,0x00000ce3,0x00000000,0x00050051,
0x00000006,0x00000d00,0x00000ce3,0x00000001,0x00060050,0x00000007,0x00000d01,0x00000cff,
0x00000d00,0x00000ca3,0x00060059,0x00000006,0x00000d03,0x00000cfb,0x00000d01,0x00000ca3,
0x000200f9,0x00000d8b,0x000200f8,0x00000d05,0x000500aa,0x00000080,0x00000d07,0x00000cf7,
0x00000159,0x000300f7,0x00000d60,0x00000000,0x000400fa,0x00000d07,0x00000d08,0x00000d60,
0x000200f8,0x00000d08,0x0004003d,0x000001a5,0x00000d0c,0x000001a7,0x00050085,0x00000006,
0x00000d10,0x00000ccd,0x00000ffb,0x00050050,0x00000009,0x00000d14,0x00000d10,0x00000d10,
0x00050081,0x00000009,0x00000d15,0x00000ce3,0x00000d14,0x0008000c,0x00000009,0x00000d18,
0x00000001,0x0000002b,0x00000d15,0x00000cd5,0x00000cdf,0x00050051,0x00000006,0x00000d1b,
0x00000d18,0x00000000,0x00050051,0x00000006,0x00000d1c,0x00000d18,0x00000001,0x00060050,
0x00000007,0x00000d1d,0x00000d1b,0x00000d1c,0x00000ca3,0x00060059,0x00000006,0x00000d1f,
0x00000d0c,0x00000d1d,0x00000ca3,0x00050050,0x00000009,0x00000d27,0x00000cd3,0x00000d10,
0x00050081,0x00000009,0x00000d28,0x00000ce3,0x00000d27,0x0008000c,0x00000009,0x00000d2b,
0x00000001,0x0000002b,0x00000d28,0x00000cd5,0x00000cdf,0x00050051,0x00000006,0x00000d2e,
0x00000d2b,0x00000000,0x00050051,0x00000006,0x00000d2f,0x00000d2b,0x00000001,0x00060050,
0x00000007,0x00000d30,0x00000d2e,0x00000d2f,0x00000ca3,0x00060059,0x00000006,0x00000d32,
0x00000d0c,0x00000d30,0x00000ca3,0x00050081,0x00000006,0x00000d34,0x00000d1f,0x00000d32,
0x00050050,0x00000009,0x00000d3c,0x00000d10,0x00000cd3,0x00050081,0x00000009,0x00000d3d,
0x00000ce3,0x00000d3c,0x0008000c,0x00000009,0x00000d40,0x00000001,0x0000002b,0x00000d3d,
0x00000cd5,0x00000cdf,0x00050051,0x00000006,0x00000d43,0x00000d40,0x00000000,0x00050051,
0x00000006,0x00000d44,0x00000d40,0x00000001,0x00060050,0x00000007,0x00000d45,0x00000d43,
0x00000d44,0x00000ca3,0x00060059,0x00000006,0x00000d47,0x00000d0c,0x00000d45,0x00000ca3,
0x00050081,0x00000006,0x00000d49,0x00000d34,0x00000d47,0x00050081,0x00000009,0x00000d51,
0x00000ce3,0x00000cd4,0x0008000c,0x00000009,0x00000d54,0x00000001,0x0000002b,0x00000d51,
0x00000cd5,0x00000cdf,0x00050051,0x00000006,0x00000d57,0x00000d54,0x00000000,0x00050051,
0x00000006,0x00000d58,0x00000d54,0x00000001,0x00060050,0x00000007,0x00000d59,0x00000d57,
0x00000d58,0x00000ca3,0x00060059,0x00000006,0x00000d5b,0x00000d0c,0x00000d59,0x00000ca3,
0x00050081,0x00000006,0x00000d5d,0x00000d49,0x00000d5b,0x00050085,0x00000006,0x00000d5f,
0x00000d5d,0x000000ea,0x000200f9,0x00000d8b,0x000200f8,0x00000d60,0x000200f9,0x00000d61,
0x000200f8,0x00000d61,0x000700f5,0x00000006,0x00000f63,0x0000009a,0x00000d60,0x00000f66,
0x00000d85,0x000700f5,0x0000001d,0x00000f62,0x00000214,0x00000d60,0x00000d87,0x00000d85,
0x000500b3,0x00000080,0x00000d64,0x00000f62,0x00000159,0x000400f6,0x00000d88,0x00000d85,
0x00000000,0x000400fa,0x00000d64,0x00000d65,0x00000d88,0x000200f8,0x00000d65,0x000200f9,
0x00000d66,0x000200f8,0x00000d66,0x000700f5,0x00000006,0x00000f66,0x00000f63,0x00000d65,
0x00000d80,0x00000d6a,0x000700f5,0x0000001d,0x00000f64,0x00000214,0x00000d65,0x00000d83,
0x00000d6a,0x000500b3,0x00000080,0x00000d69,0x00000f64,0x00000159,0x000400f6,0x00000d84,
0x00000d6a,0x00000000,0x000400fa,0x00000d69,0x00000d6a,0x00000d84,0x000200f8,0x00000d6a,
0x0004003d,0x000001a5,0x00000d6b,0x000001a7,0x0004006f,0x00000006,0x00000d6e,0x00000f64,
0x0004006f,0x00000006,0x00000d70,0x00000f62,0x00050050,0x00000009,0x00000d71,0x00000d6e,
0x00000d70,0x0005008e,0x00000009,0x00000d73,0x00000d71,0x00000ccd,0x00050081,0x00000009,
0x00000d74,0x00000ce3,0x00000d73,0x0008000c,0x00000009,0x00000d77,0x00000001,0x0000002b,
0x00000d74,0x00000cd5,0x00000cdf,0x00050051,0x00000006,0x00000d7a,0x00000d77,0x00000000,
0x00050051,0x00000006,0x00000d7b,0x00000d77,0x00000001,0x00060050,0x00000007,0x00000d7c,
0x00000d7a,0x00000d7b,0x00000ca3,0x00060059,0x00000006,0x00000d7e,0x00000d6b,0x00000d7c,
0x00000ca3,0x00050081,0x00000006,0x00000d80,0x00000f66,0x00000d7e,0x00050080,0x0000001d,
0x00000d83,0x00000f64,0x00000159,0x000200f9,0x00000d66,0x000200f8,0x00000d84,0x000200f9,
0x00000d85,0x000200f8,0x00000d85,0x00050080,0x0000001d,0x00000d87,0x00000f62,0x00000159,
0x000200f9,0x00000d61,0x000200f8,0x00000d88,0x00050085,0x00000006,0x00000d8a,0x00000f63,
0x0000023f,0x000200f9,0x00000d8b,0x000200f8,0x00000d8b,0x000b00f5,0x00000006,0x00000f67,
0x00000078,0x00000cba,0x00000d03,0x00000cfa,0x00000d5f,0x00000d08,0x00000d8a,0x00000d88,
0x000500ad,0x00000080,0x00000c19,0x00000f5f,0x000001a0,0x000300f7,0x00000c20,0x00000000,
0x000400fa,0x00000c19,0x00000c1a,0x00000c1f,0x000200f8,0x00000c1a,0x00050082,0x0000001d,
0x00000c1c,0x00000f5f,0x00000159,0x00060041,0x0000006b,0x00000c1d,0x00000068,0x0000024e,
0x00000c1c,0x0004003d,0x00000006,0x00000c1e,0x00000c1d,0x000200f9,0x00000c20,0x000200f8,
0x00000c1f,0x000200f9,0x00000c20,0x000200f8,0x00000c20,0x000700f5,0x00000006,0x00000f6f,
0x00000c1e,0x00000c1a,0x0000009a,0x00000c1f,0x00060041,0x0000006b,0x00000c23,0x00000068,
0x0000024e,0x00000f5f,0x0004003d,0x00000006,0x00000c24,0x00000c23,0x00050083,0x00000006,
0x00000c27,0x00000c24,0x00000f6f,0x0007000c,0x00000006,0x00000c28,0x00000001,0x00000028,
0x00000c27,0x0000028b,0x000300f7,0x00000c31,0x00000000,0x000400fa,0x00000c05,0x00000c2d,
0x00000c31,0x000200f8,0x00000c2d,0x00060041,0x0000006b,0x00000c2e,0x00000068,0x00000293,
0x00000059,0x0004003d,0x00000006,0x00000c2f,0x00000c2e,0x000500ba,0x00000080,0x00000c30,
0x00000c2f,0x0000009a,0x000200f9,0x00000c31,0x000200f8,0x00000c31,0x000700f5,0x00000080,
0x00000c32,0x00000c05,0x00000c20,0x00000c30,0x00000c2d,0x000300f7,0x00000c68,0x00000000,
0x000400fa,0x00000c32,0x00000c33,0x00000c4e,0x000200f8,0x00000c33,0x00060041,0x0000006b,
0x00000c35,0x00000068,0x00000293,0x00000059,0x0004003d,0x00000006,0x00000c36,0x00000c35,
0x0004007f,0x00000006,0x00000ffd,0x00000c28,0x0008000c,0x00000006,0x00000c3a,0x00000001,
0x00000032,0x00000ffd,0x00000c36,0x00000c24,0x000500ba,0x00000080,0x00000c3d,0x000006e0,
0x00000c3a,0x000300f7,0x00000c4d,0x00000000,0x000400fa,0x00000c3d,0x00000c3e,0x00000c4d,
0x000200f8,0x00000c3e,0x00050080,0x0000001d,0x00000c40,0x00000f5f,0x00000159,0x000300f7,
0x00000eac,0x00000000,0x000300fb,0x00000059,0x00000da4,0x000200f8,0x00000da4,0x00060041,
0x0000006b,0x00000daa,0x00000068,0x0000011b,0x00000c40,0x0004003d,0x00000006,0x00000dab,
0x00000daa,0x00050085,0x00000006,0x00000dac,0x00000c87,0x00000dab,0x0005008e,0x00000007,
0x00000dad,0x000004c3,0x00000dac,0x00050081,0x00000007,0x00000dae,0x00000472,0x00000dad,
0x00060041,0x00000126,0x00000db0,0x00000068,0x00000124,0x00000c40,0x0004003d,0x0000005e,
0x00000db1,0x00000db0,0x00050051,0x00000006,0x00000db3,0x00000dae,0x00000000,0x00050051,
0x00000006,0x00000db4,0x00000dae,0x00000001,0x00050051,0x00000006,0x00000db5,0x00000dae,
0x00000002,0x00070050,0x0000005d,0x00000db6,0x00000db3,0x00000db4,0x00000db5,0x00000078,
0x00050091,0x0000005d,0x00000db7,0x00000db1,0x00000db6,0x0008004f,0x00000007,0x00000db9,
0x00000db7,0x00000db7,0x00000000,0x00000001,0x00000002,0x00050051,0x00000006,0x00000dbb,
0x00000db7,0x00000003,0x00060050,0x00000007,0x00000dbc,0x00000dbb,0x00000dbb,0x00000dbb,
0x00050088,0x00000007,0x00000dbd,0x00000db9,0x00000dbc,0x0007004f,0x00000009,0x00000dbf,
0x00000dbd,0x00000dbd,0x00000000,0x00000001,0x0005008e,0x00000009,0x00000dc0,0x00000dbf,
0x00000072,0x00050081,0x00000009,0x00000dc2,0x00000dc0,0x00000369,0x00050051,0x00000006,
0x00000dc4,0x00000dbd,0x00000002,0x000500bc,0x00000080,0x00000dc5,0x00000dc4,0x0000009a,
0x000400a8,0x00000080,0x00000dc6,0x00000dc5,0x000300f7,0x00000dcb,0x00000000,0x000400fa,
0x00000dc6,0x00000dc7,0x00000dcb,0x000200f8,0x00000dc7,0x000500be,0x00000080,0x00000dca,
0x00000dc4,0x00000078,0x000200f9,0x00000dcb,0x000200f8,0x00000dcb,0x000700f5,0x00000080,
0x00000dcc,0x00000dc5,0x00000da4,0x00000dca,0x00000dc7,0x000400a8,0x00000080,0x00000dcd,
0x00000dcc,0x000300f7,0x00000dd2,0x00000000,0x000400fa,0x00000dcd,0x00000dce,0x00000dd2,
0x000200f8,0x00000dce,0x000500b8,0x000000c3,0x00000dd0,0x00000dc2,0x000000c2,0x0004009a,
0x00000080,0x00000dd1,0x00000dd0,0x000200f9,0x00000dd2,0x000200f8,0x00000dd2,0x000700f5,
0x00000080,0x00000dd3,0x00000dcc,0x00000dcb,0x00000dd1,0x00000dce,0x000400a8,0x00000080,
0x00000dd4,0x00000dd3,0x000300f7,0x00000dd9,0x00000000,0x000400fa,0x00000dd4,0x00000dd5,
0x00000dd9,0x000200f8,0x00000dd5,0x000500ba,0x000000c3,0x00000dd7,0x00000dc2,0x000000c0,
0x0004009a,0x00000080,0x00000dd8,0x00000dd7,0x000200f9,0x00000dd9,0x000200f8,0x00000dd9,
0x000700f5,0x00000080,0x00000dda,0x00000dd3,0x00000dd2,0x00000dd8,0x00000dd5,0x000300f7,
0x00000ddc,0x00000000,0x000400fa,0x00000dda,0x00000ddb,0x00000ddc,0x000200f8,0x00000ddb,
0x000200f9,0x00000eac,0x000200f8,0x00000ddc,0x000500c7,0x0000001d,0x00000dde,0x00000c40,
0x00000159,0x0004006f,0x00000006,0x00000ddf,0x00000dde,0x000500c3,0x0000001d,0x00000de1,
0x00000c40,0x00000159,0x0004006f,0x00000006,0x00000de2,0x00000de1,0x00050050,0x00000009,
0x00000de3,0x00000ddf,0x00000de2,0x000500ad,0x00000080,0x00000de5,0x00000bf2,0x00000159,
0x000600a9,0x00000006,0x00000de6,0x00000de5,0x00000163,0x00000078,0x00050081,0x00000009,
0x00000de9,0x00000dc2,0x00000de3,0x00050050,0x00000009,0x00000deb,0x00000de6,0x00000de6,
0x00050088,0x00000009,0x00000dec,0x00000de9,0x00000deb,0x00060041,0x0000006b,0x00000ded,
0x00000068,0x00000118,0x00000059,0x0004003d,0x00000006,0x00000dee,0x00000ded,0x00050088,
0x00000009,0x00000df2,0x00000de3,0x00000deb,0x00050085,0x00000006,0x00000df4,0x00000dee,
0x00000072,0x00050050,0x00000009,0x00000df5,0x00000df4,0x00000df4,0x00050081,0x00000009,
0x00000df6,0x00000df2,0x00000df5,0x00050081,0x00000009,0x00000df9,0x00000de3,0x000000c0,
0x00050088,0x00000009,0x00000dfc,0x00000df9,0x00000deb,0x00050083,0x00000009,0x00000e00,
0x00000dfc,0x00000df5,0x0008000c,0x00000009,0x00000e04,0x00000001,0x0000002b,0x00000dec,
0x00000df6,0x00000e00,0x000300f7,0x00000e0f,0x00000000,0x000400fa,0x00000de5,0x00000e07,
0x00000e0e,0x000200f8,0x00000e07,0x0004006f,0x00000006,0x00000e09,0x00000c40,0x0004006f,
0x00000006,0x00000e0c,0x00000bf8,0x00050088,0x00000006,0x00000e0d,0x00000e09,0x00000e0c,
0x000200f9,0x00000e0f,0x000200f8,0x00000e0e,0x000200f9,0x00000e0f,0x000200f8,0x00000e0f,
0x000700f5,0x00000006,0x00000f75,0x00000e0d,0x00000e07,0x0000009a,0x00000e0e,0x00060041,
0x0000006b,0x00000e11,0x00000068,0x00000196,0x00000059,0x0004003d,0x00000006,0x00000e12,
0x00000e11,0x00060041,0x0000006b,0x00000e13,0x00000068,0x00000196,0x0000006a,0x0004003d,
0x00000006,0x00000e14,0x00000e13,0x0008000c,0x00000006,0x00000e16,0x00000001,0x0000002e,
0x00000e12,0x00000e14,0x00000f75,0x00050081,0x00000006,0x00000e17,0x00000e16,0x00000072,
0x0004006e,0x0000001d,0x00000e18,0x00000e17,0x000500b3,0x00000080,0x00000e1a,0x00000e18,
0x000001a0,0x000300f7,0x00000e26,0x00000000,0x000400fa,0x00000e1a,0x00000e1b,0x00000e26,
0x000200f8,0x00000e1b,0x0004003d,0x000001a5,0x00000e1c,0x000001a7,0x00050051,0x00000006,
0x00000e20,0x00000e04,0x00000000,0x00050051,0x00000006,0x00000e21,0x00000e04,0x00000001,
0x00060050,0x00000007,0x00000e22,0x00000e20,0x00000e21,0x00000dc4,0x00060059,0x00000006,
0x00000e24,0x00000e1c,0x00000e22,0x00000dc4,0x000200f9,0x00000eac,0x000200f8,0x00000e26,
0x000500aa,0x00000080,0x00000e28,0x00000e18,0x00000159,0x000300f7,0x00000e81,0x00000000,
0x000400fa,0x00000e28,0x00000e29,0x00000e81,0x000200f8,0x00000e29,0x0004003d,0x000001a5,
0x00000e2d,0x000001a7,0x00050085,0x00000006,0x00000e31,0x00000dee,0x00000ffb,0x00050050,
0x00000009,0x00000e35,0x00000e31,0x00000e31,0x00050081,0x00000009,0x00000e36,0x00000e04,
0x00000e35,0x0008000c,0x00000009,0x00000e39,0x00000001,0x0000002b,0x00000e36,0x00000df6,
0x00000e00,0x00050051,0x00000006,0x00000e3c,0x00000e39,0x00000000,0x00050051,0x00000006,
0x00000e3d,0x00000e39,0x00000001,0x00060050,0x00000007,0x00000e3e,0x00000e3c,0x00000e3d,
0x00000dc4,0x00060059,0x00000006,0x00000e40,0x00000e2d,0x00000e3e,0x00000dc4,0x00050050,
0x00000009,0x00000e48,0x00000df4,0x00000e31,0x00050081,0x00000009,0x00000e49,0x00000e04,
0x00000e48,0x0008000c,0x00000009,0x00000e4c,0x00000001,0x0000002b,0x00000e49,0x00000df6,
0x00000e00,0x00050051,0x00000006,0x00000e4f,0x00000e4c,0x00000000,0x00050051,0x00000006,
0x00000e50,0x00000e4c,0x00000001,0x00060050,0x00000007,0x00000e51,0x00000e4f,0x00000e50,
0x00000dc4,0x00060059,0x00000006,0x00000e53,0x00000e2d,0x00000e51,0x00000dc4,0x00050081,
0x00000006,0x00000e55,0x00000e40,0x00000e53,0x00050050,0x00000009,0x00000e5d,0x00000e31,
0x00000df4,0x00050081,0x00000009,0x00000e5e,0x00000e04,0x00000e5d,0x0008000c,0x00000009,
0x00000e61,0x00000001,0x0000002b,0x00000e5e,0x00000df6,0x00000e00,0x00050051,0x00000006,
0x00000e64,0x00000e61,0x00000000,0x00050051,0x00000006,0x00000e65,0x00000e61,0x00000001,
0x00060050,0x00000007,0x00000e66,0x00000e64,0x00000e65,0x00000dc4,0x00060059,0x00000006,
0x00000e68,0x00000e2d,0x00000e66,0x00000dc4,0x00050081,0x00000006,0x00000e6a,0x00000e55,
0x00000e68,0x00050081,0x00000009,0x00000e72,0x00000e04,0x00000df5,0x0008000c,0x00000009,
0x00000e75,0x00000001,0x0000002b,0x00000e72,0x00000df6,0x00000e00,0x00050051,0x00000006,
0x00000e78,0x00000e75,0x00000000,0x00050051,0x00000006,0x00000e79,0x00000e75,0x00000001,
0x00060050,0x00000007,0x00000e7a,0x00000e78,0x00000e79,0x00000dc4,0x00060059,0x00000006,
0x00000e7c,0x00000e2d,0x00000e7a,0x00000dc4,0x00050081,0x00000006,0x00000e7e,0x00000e6a,
0x00000e7c,0x00050085,0x00000006,0x00000e80,0x00000e7e,0x000000ea,0x000200f9,0x00000eac,
0x000200f8,0x00000e81,0x000200f9,0x00000e82,0x000200f8,0x00000e82,0x000700f5,0x00000006,
0x00000f77,0x0000009a,0x00000e81,0x00000f7a,0x00000ea6,0x000700f5,0x0000001d,0x00000f76,
0x00000214,0x00000e81,0x00000ea8,0x00000ea6,0x000500b3,0x00000080,0x00000e85,0x00000f76,
0x00000159,0x000400f6,0x00000ea9,0x00000ea6,0x00000000,0x000400fa,0x00000e85,0x00000e86,
0x00000ea9,0x000200f8,0x00000e86,0x000200f9,0x00000e87,0x000200f8,0x00000e87,0x000700f5,
0x00000006,0x00000f7a,0x00000f77,0x00000e86,0x00000ea1,0x00000e8b,0x000700f5,0x0000001d,
0x00000f78,0x00000214,0x00000e86,0x00000ea4,0x00000e8b,0x000500b3,0x00000080,0x00000e8a,
0x00000f78,0x00000159,0x000400f6,0x00000ea5,0x00000e8b,0x00000000,0x000400fa,0x00000e8a,
0x00000e8b,0x00000ea5,0x000200f8,0x00000e8b,0x0004003d,0x000001a5,0x00000e8c,0x000001a7,
0x0004006f,0x00000006,0x00000e8f,0x00000f78,0x0004006f,0x00000006,0x00000e91,0x00000f76,
0x00050050,0x00000009,0x00000e92,0x00000e8f,0x00000e91,0x0005008e,0x00000009,0x00000e94,
0x00000e92,0x00000dee,0x00050081,0x00000009,0x00000e95,0x00000e04,0x00000e94,0x0008000c,
0x00000009,0x00000e98,0x00000001,0x0000002b,0x00000e95,0x00000df6,0x00000e00,0x00050051,
0x00000006,0x00000e9b,0x00000e98,0x00000000,0x00050051,0x00000006,0x00000e9c,0x00000e98,
0x00000001,0x00060050,0x00000007,0x00000e9d,0x00000e9b,0x00000e9c,0x00000dc4,0x00060059,
0x00000006,0x00000e9f,0x00000e8c,0x00000e9d,0x00000dc4,0x00050081,0x00000006,0x00000ea1,
0x00000f7a,0x00000e9f,0x00050080,0x0000001d,0x00000ea4,0x00000f78,0x00000159,0x000200f9,
0x00000e87,0x000200f8,0x00000ea5,0x000200f9,0x00000ea6,0x000200f8,0x00000ea6,0x00050080,
0x0000001d,0x00000ea8,0x00000f76,0x00000159,0x000200f9,0x00000e82,0x000200f8,0x00000ea9,
0x00050085,0x00000006,0x00000eab,0x00000f77,0x0000023f,0x000200f9,0x00000eac,0x000200f8,
0x00000eac,0x000b00f5,0x00000006,0x00000f7b,0x00000078,0x00000ddb,0x00000e24,0x00000e1b,
0x00000e80,0x00000e29,0x00000eab,0x00000ea9,0x0008000c,0x00000006,0x00000c48,0x00000001,
0x00000031,0x00000c3a,0x00000c24,0x000006e0,0x0008000c,0x00000006,0x00000c4c,0x00000001,
0x0000002e,0x00000f67,0x00000f7b,0x00000c48,0x000200f9,0x00000c4d,0x000200f8,0x00000c4d,
0x000700f5,0x00000006,0x00000f84,0x00000f67,0x00000c33,0x00000c4c,0x00000eac,0x000200f9,
0x00000c68,0x000200f8,0x00000c4e,0x000500aa,0x00000080,0x00000c52,0x00000f5f,0x00000bf8,
0x000300f7,0x00000c57,0x00000000,0x000400fa,0x00000c52,0x00000c53,0x00000c57,0x000200f8,
0x00000c53,0x00060041,0x0000006b,0x00000c54,0x00000068,0x00000293,0x0000006a,0x0004003d,
0x00000006,0x00000c55,0x00000c54,0x000500ba,0x00000080,0x00000c56,0x00000c55,0x0000009a,
0x000200f9,0x00000c57,0x000200f8,0x00000c57,0x000700f5,0x00000080,0x00000c58,0x00000c52,
0x00000c4e,0x00000c56,0x00000c53,0x000300f7,0x00000c67,0x00000000,0x000400fa,0x00000c58,
0x00000c59,0x00000c67,0x000200f8,0x00000c59,0x00060041,0x0000006b,0x00000c5b,0x00000068,
0x00000293,0x0000006a,0x0004003d,0x00000006,0x00000c5c,0x00000c5b,0x0004007f,0x00000006,
0x00000ffc,0x00000c28,0x0008000c,0x00000006,0x00000c60,0x00000001,0x00000032,0x00000ffc,
0x00000c5c,0x00000c24,0x0008000c,0x00000006,0x00000c65,0x00000001,0x00000031,0x00000c60,
0x00000c24,0x000006e0,0x0008000c,0x00000006,0x00000c66,0x00000001,0x0000002e,0x00000f67,
0x00000078,0x00000c65,0x000200f9,0x00000c67,0x000200f8,0x00000c67,0x000700f5,0x00000006,
0x00000f85,0x00000f67,0x00000c57,0x00000c66,0x00000c59,0x000200f9,0x00000c68,0x000200f8,
0x00000c68,0x000700f5,0x00000006,0x00000f83,0x00000f84,0x00000c4d,0x00000f85,0x00000c67,
0x000200f9,0x00000c6a,0x000200f8,0x00000c6a,0x000900f5,0x00000006,0x00000f86,0x00000078,
0x00000bf5,0x00000078,0x00000bfe,0x00000f83,0x00000c68,0x000200f9,0x000005a5,0x000200f8,
0x000005ad,0x000200f9,0x000005a5,0x000200f8,0x000005a5,0x000700f5,0x00000006,0x00000f87,
0x00000f86,0x00000c6a,0x00000078,0x000005ad,0x00050041,0x00000348,0x000005b0,0x00000068,
0x00000159,0x0004003d,0x0000005d,0x000005b1,0x000005b0,0x0008004f,0x00000007,0x000005b2,
0x000005b1,0x000005b1,0x00000000,0x00000001,0x00000002,0x00060041,0x0000006b,0x000005b3,
0x00000068,0x000001a0,0x00000089,0x0004003d,0x00000006,0x000005b4,0x000005b3,0x0005008e,
0x00000007,0x000005b5,0x000005b2,0x000005b4,0x0005008e,0x00000007,0x000005b7,0x000005b5,
0x0000059c,0x0005008e,0x00000007,0x000005b9,0x000005b7,0x00000f87,0x0004007f,0x00000007,
0x000005bc,0x0000056a,0x00050094,0x00000006,0x000005be,0x000005bc,0x000004c8,0x0007000c,
0x00000006,0x000005bf,0x00000001,0x00000028,0x000005be,0x0000009a,0x0007000c,0x00000006,
0x000005c1,0x00000001,0x0000001a,0x000005bf,0x000005c0,0x00050041,0x00000348,0x000005c3,
0x00000068,0x00000334,0x0004003d,0x0000005d,0x000005c4,0x000005c3,0x0008004f,0x00000007,
0x000005c5,0x000005c4,0x000005c4,0x00000000,0x00000001,0x00000002,0x00060041,0x0000006b,
0x000005c6,0x00000068,0x00000334,0x00000089,0x0004003d,0x00000006,0x000005c7,0x000005c6,
0x0005008e,0x00000007,0x000005c8,0x000005c5,0x000005c7,0x00050051,0x00000006,0x000005d0,
0x00000569,0x00000001,0x0007000c,0x00000006,0x000005d1,0x00000001,0x00000028,0x000005d0,
0x0000009a,0x0005008e,0x00000007,0x000005d2,0x000005b5,0x000005d1,0x0005008e,0x00000007,
0x000005d4,0x000005d2,0x00000f87,0x0008000c,0x00000007,0x000005d7,0x00000001,0x00000032,
0x000005d4,0x00000ffe,0x000005c8,0x0008000c,0x00000006,0x000005de,0x00000001,0x00000032,
0x000005da,0x00000562,0x000005d9,0x0005008e,0x00000007,0x000005df,0x000005d7,0x000005de,
0x0005008e,0x00000007,0x000005e6,0x00000559,0x000005c1,0x0005008e,0x00000007,0x000005e8,
0x000005e6,0x0000056f,0x0005008e,0x00000007,0x000005eb,0x000005e8,0x00000562,0x0005008e,
0x00000007,0x000005ed,0x000005eb,0x00000f87,0x0008000c,0x00000007,0x000005ef,0x00000001,
0x00000032,0x00000566,0x000005df,0x000005ed,0x0004003d,0x00000007,0x000005f1,0x000004b5,
0x0007004f,0x00000009,0x000005f2,0x000005f1,0x000005f1,0x00000000,0x00000002,0x0006000c,
0x00000006,0x000005f3,0x00000001,0x00000042,0x000005f2,0x0007000c,0x00000006,0x000005f7,
0x00000001,0x00000028,0x000004bc,0x000005f6,0x00050088,0x00000006,0x000005f8,0x000005f3,
0x000005f7,0x00060041,0x0000006b,0x000005fa,0x00000068,0x000004d0,0x00000089,0x0004003d,
0x00000006,0x000005fb,0x000005fa,0x00050081,0x00000006,0x000005ff,0x000005fb,0x000005fe,
0x0007000c,0x00000006,0x00000600,0x00000001,0x00000025,0x000005ff,0x00000078,0x0008000c,
0x00000006,0x00000602,0x00000001,0x0000002b,0x000005f8,0x0000009a,0x00000078,0x0008000c,
0x00000006,0x00000603,0x00000001,0x00000031,0x000005fb,0x00000600,0x00000602,0x00060041,
0x0000006b,0x00000605,0x00000068,0x0000042d,0x00000089,0x0004003d,0x00000006,0x00000606,
0x00000605,0x000500ba,0x00000080,0x00000609,0x00000606,0x0000009a,0x000300f7,0x0000060c,
0x00000000,0x000400fa,0x00000609,0x0000060b,0x00000616,0x000200f8,0x0000060b,0x0007000c,
0x00000006,0x0000060e,0x00000001,0x00000028,0x00000606,0x000004cd,0x0008000c,0x00000006,
0x00000610,0x00000001,0x00000031,0x0000009a,0x0000060e,0x00000482,0x00050083,0x00000006,
0x00000611,0x00000078,0x00000610,0x0007000c,0x00000006,0x00000614,0x00000001,0x00000030,
0x00000465,0x00000613,0x00050085,0x00000006,0x00000615,0x00000611,0x00000614,0x000200f9,
0x0000060c,0x000200f8,0x00000616,0x000200f9,0x0000060c,0x000200f8,0x0000060c,0x000700f5,
0x00000006,0x00000fa0,0x00000615,0x0000060b,0x0000009a,0x00000616,0x0006000c,0x00000006,
0x0000061b,0x00000001,0x00000042,0x00000fa7,0x0008000c,0x00000006,0x0000061c,0x00000001,
0x00000031,0x00000619,0x000005fe,0x0000061b,0x0007000c,0x00000006,0x00000620,0x00000001,
0x00000028,0x00000603,0x00000fa0,0x0007000c,0x00000006,0x00000622,0x00000001,0x00000028,
0x00000620,0x0000061c,0x00060041,0x0000006b,0x00000625,0x00000068,0x00000552,0x00000089,
0x0004003d,0x00000006,0x00000626,0x00000625,0x00050085,0x00000006,0x00000627,0x00000622,
0x00000626,0x00060041,0x0000006b,0x00000629,0x00000068,0x00000628,0x0000006a,0x0004003d,
0x00000006,0x0000062a,0x00000629,0x00050085,0x00000006,0x0000062b,0x00000627,0x0000062a,
0x0008000c,0x00000006,0x0000062c,0x00000001,0x0000002b,0x0000062b,0x0000009a,0x00000078,
0x0007004f,0x00000009,0x0000062f,0x00000472,0x00000472,0x00000000,0x00000002,0x0005008e,
0x00000009,0x00000631,0x0000062f,0x00000630,0x00060041,0x0000006b,0x00000635,0x00000068,
0x00000424,0x00000056,0x0004003d,0x00000006,0x00000636,0x00000635,0x0005008e,0x00000009,
0x00000637,0x00000634,0x00000636,0x00050081,0x00000009,0x00000638,0x00000631,0x00000637,
0x0004003d,0x00000092,0x0000063a,0x0000040c,0x00050057,0x0000005d,0x0000063c,0x0000063a,
0x00000638,0x00050051,0x00000006,0x0000063d,0x0000063c,0x00000000,0x0005008e,0x00000009,
0x00000649,0x0000062f,0x00000648,0x00050091,0x00000009,0x0000064a,0x00000645,0x00000649,
0x0005008e,0x00000009,0x00000650,0x0000064d,0x00000636,0x00050081,0x00000009,0x00000651,
0x0000064a,0x00000650,0x00050057,0x0000005d,0x00000652,0x0000063a,0x00000651,0x00050051,
0x00000006,0x00000653,0x00000652,0x00000001,0x0008000c,0x00000006,0x00000659,0x00000001,
0x0000002e,0x0000063d,0x00000653,0x00000658,0x0008000c,0x00000006,0x0000065a,0x00000001,
0x00000031,0x000005fe,0x00000655,0x00000659,0x0008000c,0x00000006,0x0000065d,0x00000001,
0x0000002e,0x0000065b,0x00000078,0x0000065a,0x00050085,0x00000006,0x0000065f,0x0000062c,
0x0000065d,0x00050083,0x00000006,0x00000662,0x00000078,0x00000550,0x0008000c,0x00000006,
0x00000663,0x00000001,0x0000002b,0x00000662,0x0000009a,0x00000078,0x00050083,0x00000006,
0x00000668,0x00000078,0x00000663,0x0008000c,0x00000006,0x0000066a,0x00000001,0x00000032,
0x00000fc7,0x00000668,0x00000663,0x0007000c,0x00000006,0x0000066c,0x00000001,0x00000028,
0x0000066a,0x0000065f,0x0008000c,0x00000006,0x0000066d,0x00000001,0x0000002b,0x0000066c,
0x0000009a,0x00000078,0x0005008e,0x00000007,0x00000671,0x000005ef,0x00000663,0x00050083,
0x00000006,0x00000673,0x00000078,0x00000fc7,0x0005008e,0x00000007,0x00000674,0x00000671,
0x00000673,0x0005008e,0x00000007,0x00000677,0x00000f59,0x00000fc7,0x00050081,0x00000007,
0x00000678,0x00000674,0x00000677,0x00050081,0x00000007,0x0000067a,0x00000678,0x000005b9,
0x00050085,0x00000007,0x00000680,0x0000067e,0x000005d7,0x0005008e,0x00000007,0x00000682,
0x00000680,0x0000066d,0x00060050,0x00000007,0x00000684,0x0000065f,0x0000065f,0x0000065f,
0x0008000c,0x00000007,0x00000685,0x00000001,0x0000002e,0x0000067a,0x00000682,0x00000684,
0x0007000c,0x00000006,0x00000689,0x00000001,0x00000028,0x0000066d,0x000003ea,0x00060050,
0x00000007,0x0000068a,0x00000689,0x00000689,0x00000689,0x00050088,0x00000007,0x0000068b,
0x00000685,0x0000068a,0x00060041,0x0000006b,0x00000eb1,0x00000068,0x00000069,0x00000059,
0x0004003d,0x00000006,0x00000eb2,0x00000eb1,0x0005008e,0x00000007,0x00000eb3,0x0000068b,
0x00000eb2,0x0007000c,0x00000007,0x00000eb4,0x00000001,0x00000028,0x00000eb3,0x000000fa,
0x0005008e,0x00000007,0x00000eb7,0x00000eb4,0x000000fd,0x00050081,0x00000007,0x00000eb9,
0x00000eb7,0x00000fe6,0x00050085,0x00000007,0x00000eba,0x00000eb4,0x00000eb9,0x0005008e,
0x00000007,0x00000ebd,0x00000eb4,0x00000105,0x00050081,0x00000007,0x00000ebf,0x00000ebd,
0x00000fe7,0x0008000c,0x00000007,0x00000ec2,0x00000001,0x00000032,0x00000eb4,0x00000ebf,
0x00000fe8,0x00050088,0x00000007,0x00000ec3,0x00000eba,0x00000ec2,0x0008000c,0x00000007,
0x00000ec6,0x00000001,0x0000002b,0x00000ec3,0x000000fa,0x00000fe9,0x00060041,0x0000044e,
0x0000068e,0x00000443,0x0000044d,0x00000056,0x0004003d,0x00000055,0x0000068f,0x0000068e,
0x000500c7,0x00000055,0x00000690,0x0000068f,0x0000006a,0x000500ab,0x00000080,0x00000691,
0x00000690,0x00000059,0x000300f7,0x00000693,0x00000000,0x000400fa,0x00000691,0x00000692,
0x00000693,0x000200f8,0x00000692,0x0005008e,0x00000007,0x00000696,0x00000ec6,0x00000694,
0x0007000c,0x00000007,0x0000069b,0x00000001,0x0000001a,0x00000ec6,0x0000069a,0x0005008e,
0x00000007,0x0000069c,0x0000069b,0x00000697,0x00050083,0x00000007,0x0000069f,0x0000069c,
0x00000fea,0x000500ba,0x000006a3,0x000006a4,0x00000ec6,0x000006a2,0x000600a9,0x00000007,
0x000006a5,0x000006a4,0x0000069f,0x00000696,0x000200f9,0x00000693,0x000200f8,0x00000693,
0x000700f5,0x00000007,0x00000fe4,0x00000ec6,0x0000060c,0x000006a5,0x00000692,0x0005008e,
0x00000007,0x000006a8,0x00000fe4,0x0000066d,0x00050051,0x00000006,0x000006aa,0x000006a8,
0x00000000,0x00050051,0x00000006,0x000006ab,0x000006a8,0x00000001,0x00050051,0x00000006,
0x000006ac,0x000006a8,0x00000002,0x00070050,0x0000005d,0x000006ad,0x000006aa,0x000006ab,
0x000006ac,0x0000066d,0x0003003e,0x00000438,0x000006ad,0x000200f9,0x000006b4,0x000200f8,
0x000006b4,0x000100fd,0x00010038,
};
inline constexpr uint32_t kWater_SurfaceFragSpirvSize = sizeof(kWater_SurfaceFragSpirv);

} // namespace ae::rhi::shaders
