// GERADO por tools/generate-embedded-shaders.ps1 com glslc -O (NDK pinado).
// Não editar este arquivo manualmente; altere os GLSL e regenere.
#pragma once

#include <cstdint>

namespace ae::rhi::shaders {

inline constexpr uint32_t kWater_SpectralVertSpirv[] = {
0x07230203,0x00010300,0x000d000a,0x00001272,0x00000000,0x00020011,0x00000001,0x0006000b,
0x00000001,0x4c534c47,0x6474732e,0x3035342e,0x00000000,0x0003000e,0x00000000,0x00000001,
0x001b000f,0x00000000,0x00000004,0x6e69616d,0x00000000,0x000002ec,0x000002ee,0x000002f0,
0x000002f3,0x000002f7,0x000002fb,0x00000300,0x00000303,0x00000318,0x000003ec,0x000003ef,
0x000003f2,0x00000634,0x00000642,0x00000665,0x00000667,0x00000669,0x0000066b,0x0000066c,
0x0000066e,0x0000067d,0x000006d3,0x00040047,0x00000055,0x00000006,0x00000004,0x00040048,
0x00000056,0x00000000,0x00000018,0x00050048,0x00000056,0x00000000,0x00000023,0x00000000,
0x00030047,0x00000056,0x00000002,0x00040047,0x00000058,0x00000022,0x00000001,0x00040047,
0x00000058,0x00000021,0x0000000f,0x00040047,0x00000066,0x00000006,0x00000040,0x00040047,
0x00000068,0x00000006,0x00000010,0x00040047,0x00000069,0x00000006,0x00000010,0x00040047,
0x0000006a,0x00000006,0x00000010,0x00040047,0x0000006b,0x00000006,0x00000010,0x00050048,
0x0000006c,0x00000000,0x00000023,0x00000000,0x00050048,0x0000006c,0x00000001,0x00000023,
0x00000010,0x00050048,0x0000006c,0x00000002,0x00000023,0x00000020,0x00050048,0x0000006c,
0x00000003,0x00000023,0x00000030,0x00050048,0x0000006c,0x00000004,0x00000023,0x00000040,
0x00050048,0x0000006c,0x00000005,0x00000023,0x00000050,0x00050048,0x0000006c,0x00000006,
0x00000023,0x00000060,0x00050048,0x0000006c,0x00000007,0x00000023,0x00000070,0x00050048,
0x0000006c,0x00000008,0x00000023,0x00000080,0x00050048,0x0000006c,0x00000009,0x00000023,
0x00000090,0x00050048,0x0000006c,0x0000000a,0x00000023,0x000000a0,0x00050048,0x0000006c,
0x0000000b,0x00000023,0x000000b0,0x00040048,0x0000006c,0x0000000c,0x00000005,0x00050048,
0x0000006c,0x0000000c,0x00000023,0x000000c0,0x00050048,0x0000006c,0x0000000c,0x00000007,
0x00000010,0x00050048,0x0000006c,0x0000000d,0x00000023,0x000001c0,0x00050048,0x0000006c,
0x0000000e,0x00000023,0x000001d0,0x00050048,0x0000006c,0x0000000f,0x00000023,0x000001e0,
0x00050048,0x0000006c,0x00000010,0x00000023,0x000001f0,0x00050048,0x0000006c,0x00000011,
0x00000023,0x00000200,0x00050048,0x0000006c,0x00000012,0x00000023,0x00000210,0x00050048,
0x0000006c,0x00000013,0x00000023,0x00000220,0x00050048,0x0000006c,0x00000014,0x00000023,
0x00000230,0x00050048,0x0000006c,0x00000015,0x00000023,0x00000240,0x00050048,0x0000006c,
0x00000016,0x00000023,0x00000250,0x00050048,0x0000006c,0x00000017,0x00000023,0x00000260,
0x00050048,0x0000006c,0x00000018,0x00000023,0x00000270,0x00050048,0x0000006c,0x00000019,
0x00000023,0x000002f0,0x00050048,0x0000006c,0x0000001a,0x00000023,0x00000370,0x00050048,
0x0000006c,0x0000001b,0x00000023,0x00000380,0x00050048,0x0000006c,0x0000001c,0x00000023,
0x00000400,0x00050048,0x0000006c,0x0000001d,0x00000023,0x00000480,0x00050048,0x0000006c,
0x0000001e,0x00000023,0x00000490,0x00030047,0x0000006c,0x00000002,0x00040047,0x0000006e,
0x00000022,0x00000001,0x00040047,0x0000006e,0x00000021,0x00000000,0x00040047,0x00000123,
0x00000006,0x00000010,0x00040048,0x00000124,0x00000000,0x00000018,0x00050048,0x00000124,
0x00000000,0x00000023,0x00000000,0x00030047,0x00000124,0x00000002,0x00040047,0x00000126,
0x00000022,0x00000001,0x00040047,0x00000126,0x00000021,0x00000007,0x00040047,0x00000130,
0x00000006,0x00000010,0x00040048,0x00000131,0x00000000,0x00000018,0x00050048,0x00000131,
0x00000000,0x00000023,0x00000000,0x00030047,0x00000131,0x00000002,0x00040047,0x00000133,
0x00000022,0x00000001,0x00040047,0x00000133,0x00000021,0x00000008,0x00040047,0x0000013c,
0x00000006,0x00000010,0x00040048,0x0000013d,0x00000000,0x00000018,0x00050048,0x0000013d,
0x00000000,0x00000023,0x00000000,0x00030047,0x0000013d,0x00000002,0x00040047,0x0000013f,
0x00000022,0x00000001,0x00040047,0x0000013f,0x00000021,0x00000009,0x00040047,0x00000144,
0x00000006,0x00000010,0x00040048,0x00000145,0x00000000,0x00000018,0x00050048,0x00000145,
0x00000000,0x00000023,0x00000000,0x00030047,0x00000145,0x00000002,0x00040047,0x00000147,
0x00000022,0x00000001,0x00040047,0x00000147,0x00000021,0x0000000a,0x00040047,0x000002ec,
0x0000001e,0x00000009,0x00030047,0x000002ee,0x00000000,0x00040047,0x000002ee,0x0000001e,
0x00000007,0x00040047,0x000002f0,0x0000001e,0x00000008,0x00040047,0x000002f3,0x0000001e,
0x00000000,0x00040047,0x000002f7,0x0000001e,0x00000001,0x00040047,0x000002fb,0x0000001e,
0x00000002,0x00040047,0x00000300,0x0000001e,0x00000003,0x00040047,0x00000303,0x0000001e,
0x00000004,0x00050048,0x00000309,0x00000000,0x00000023,0x00000000,0x00050048,0x00000309,
0x00000001,0x00000023,0x00000010,0x00050048,0x00000309,0x00000002,0x00000023,0x00000020,
0x00050048,0x00000309,0x00000003,0x00000023,0x00000030,0x00050048,0x00000309,0x00000004,
0x00000023,0x00000040,0x00050048,0x00000309,0x00000005,0x00000023,0x00000050,0x00050048,
0x00000309,0x00000006,0x00000023,0x00000060,0x00050048,0x00000309,0x00000007,0x00000023,
0x00000070,0x00030047,0x00000309,0x00000002,0x00040047,0x00000318,0x0000001e,0x00000006,
0x00040047,0x000003ec,0x0000001e,0x0000000b,0x00040047,0x000003ef,0x0000001e,0x0000000c,
0x00040047,0x000003f2,0x0000001e,0x0000000d,0x00030047,0x00000606,0x00000000,0x00030047,
0x00000634,0x00000000,0x00040047,0x00000634,0x0000001e,0x00000001,0x00030047,0x00000642,
0x00000000,0x00040047,0x00000642,0x0000001e,0x00000002,0x00040047,0x00000665,0x0000001e,
0x00000000,0x00040047,0x00000667,0x0000001e,0x00000003,0x00040047,0x00000669,0x0000001e,
0x00000004,0x00030047,0x0000066b,0x00000000,0x00040047,0x0000066b,0x0000001e,0x00000005,
0x00040047,0x0000066c,0x0000001e,0x00000005,0x00040047,0x0000066e,0x0000001e,0x0000000a,
0x00030047,0x0000067d,0x00000000,0x00040047,0x0000067d,0x0000001e,0x00000006,0x00050048,
0x000006d1,0x00000000,0x0000000b,0x00000000,0x00050048,0x000006d1,0x00000001,0x0000000b,
0x00000001,0x00050048,0x000006d1,0x00000002,0x0000000b,0x00000003,0x00050048,0x000006d1,
0x00000003,0x0000000b,0x00000004,0x00030047,0x000006d1,0x00000002,0x00030047,0x000011fc,
0x00000000,0x00030047,0x000011fb,0x00000000,0x00020013,0x00000002,0x00030021,0x00000003,
0x00000002,0x00040015,0x00000006,0x00000020,0x00000001,0x00030016,0x00000008,0x00000020,
0x00040017,0x0000000f,0x00000008,0x00000002,0x00040020,0x00000010,0x00000007,0x0000000f,
0x00040020,0x00000015,0x00000007,0x00000008,0x00040015,0x0000001b,0x00000020,0x00000000,
0x00040017,0x0000001d,0x00000008,0x00000004,0x00040017,0x00000036,0x00000008,0x00000003,
0x0004002b,0x00000006,0x00000043,0x00000000,0x00020014,0x00000044,0x0004002b,0x00000008,
0x00000053,0x00000000,0x0003001d,0x00000055,0x00000008,0x0003001e,0x00000056,0x00000055,
0x00040020,0x00000057,0x0000000c,0x00000056,0x0004003b,0x00000057,0x00000058,0x0000000c,
0x00040020,0x0000005e,0x0000000c,0x00000008,0x00040018,0x00000064,0x0000001d,0x00000004,
0x0004002b,0x0000001b,0x00000065,0x00000004,0x0004001c,0x00000066,0x00000064,0x00000065,
0x0004002b,0x0000001b,0x00000067,0x00000008,0x0004001c,0x00000068,0x0000001d,0x00000067,
0x0004001c,0x00000069,0x0000001d,0x00000067,0x0004001c,0x0000006a,0x0000001d,0x00000067,
0x0004001c,0x0000006b,0x0000001d,0x00000067,0x0021001e,0x0000006c,0x0000001d,0x0000001d,
0x0000001d,0x0000001d,0x0000001d,0x0000001d,0x0000001d,0x0000001d,0x0000001d,0x0000001d,
0x0000001d,0x0000001d,0x00000066,0x0000001d,0x0000001d,0x0000001d,0x0000001d,0x0000001d,
0x0000001d,0x0000001d,0x0000001d,0x0000001d,0x0000001d,0x0000001d,0x00000068,0x00000069,
0x0000001d,0x0000006a,0x0000006b,0x0000001d,0x0000001d,0x00040020,0x0000006d,0x00000002,
0x0000006c,0x0004003b,0x0000006d,0x0000006e,0x00000002,0x0004002b,0x00000006,0x0000006f,
0x0000001d,0x0004002b,0x0000001b,0x00000070,0x00000003,0x00040020,0x00000071,0x00000002,
0x00000008,0x0004002b,0x00000008,0x00000074,0x3f000000,0x0004002b,0x00000006,0x00000078,
0x00000002,0x0004002b,0x0000001b,0x0000007e,0x00000002,0x00040020,0x0000008d,0x00000002,
0x0000001d,0x0004002b,0x0000001b,0x00000095,0x00000000,0x0004002b,0x0000001b,0x0000009c,
0x00000001,0x0005002c,0x0000000f,0x000000b0,0x00000074,0x00000074,0x00040017,0x000000b2,
0x00000006,0x00000002,0x0004002b,0x00000006,0x000000c7,0x00000001,0x0004002b,0x00000008,
0x000000ed,0x40000000,0x0004002b,0x00000008,0x000000fd,0x38d1b717,0x0003001d,0x00000123,
0x0000001d,0x0003001e,0x00000124,0x00000123,0x00040020,0x00000125,0x0000000c,0x00000124,
0x0004003b,0x00000125,0x00000126,0x0000000c,0x00040020,0x00000128,0x0000000c,0x0000001d,
0x0003001d,0x00000130,0x0000001d,0x0003001e,0x00000131,0x00000130,0x00040020,0x00000132,
0x0000000c,0x00000131,0x0004003b,0x00000132,0x00000133,0x0000000c,0x0003001d,0x0000013c,
0x0000001d,0x0003001e,0x0000013d,0x0000013c,0x00040020,0x0000013e,0x0000000c,0x0000013d,
0x0004003b,0x0000013e,0x0000013f,0x0000000c,0x0003001d,0x00000144,0x0000001d,0x0003001e,
0x00000145,0x00000144,0x00040020,0x00000146,0x0000000c,0x00000145,0x0004003b,0x00000146,
0x00000147,0x0000000c,0x00040017,0x00000156,0x0000001b,0x00000002,0x00040020,0x00000163,
0x00000007,0x0000001d,0x0005002c,0x0000000f,0x00000217,0x00000053,0x00000053,0x0006002c,
0x00000036,0x00000218,0x00000053,0x00000053,0x00000053,0x0004002b,0x00000006,0x00000220,
0x00000004,0x0004002b,0x00000006,0x00000223,0x00000013,0x0004002b,0x00000006,0x0000022c,
0x00000018,0x0004002b,0x00000006,0x00000231,0x00000019,0x0004002b,0x00000008,0x00000238,
0x40a00000,0x0004002b,0x00000008,0x0000023b,0x3a83126f,0x00040018,0x00000248,0x0000000f,
0x00000002,0x0004002b,0x00000008,0x00000250,0x3f800000,0x00040020,0x000002eb,0x00000003,
0x0000000f,0x0004003b,0x000002eb,0x000002ec,0x00000003,0x00040020,0x000002ed,0x00000003,
0x00000008,0x0004003b,0x000002ed,0x000002ee,0x00000003,0x00040020,0x000002ef,0x00000003,
0x00000036,0x0004003b,0x000002ef,0x000002f0,0x00000003,0x00040020,0x000002f2,0x00000001,
0x00000036,0x0004003b,0x000002f2,0x000002f3,0x00000001,0x00040020,0x000002f6,0x00000001,
0x0000001d,0x0004003b,0x000002f6,0x000002f7,0x00000001,0x0004003b,0x000002f6,0x000002fb,
0x00000001,0x00040020,0x000002ff,0x00000001,0x0000000f,0x0004003b,0x000002ff,0x00000300,
0x00000001,0x0004003b,0x000002ff,0x00000303,0x00000001,0x00040017,0x00000308,0x0000001b,
0x00000004,0x000a001e,0x00000309,0x0000001d,0x0000001d,0x0000001d,0x0000001d,0x0000001d,
0x00000308,0x00000308,0x0000001d,0x00040020,0x0000030a,0x00000009,0x00000309,0x0004003b,
0x0000030a,0x0000030b,0x00000009,0x0004002b,0x00000006,0x0000030c,0x00000006,0x00040020,
0x0000030d,0x00000009,0x0000001b,0x0004002b,0x0000001b,0x00000310,0x00000100,0x00040020,
0x00000317,0x00000001,0x00000064,0x0004003b,0x00000317,0x00000318,0x00000001,0x0004002b,
0x00000006,0x00000319,0x00000003,0x00040020,0x00000320,0x00000009,0x0000001d,0x0004002b,
0x00000008,0x0000032a,0x3727c5ac,0x00040020,0x00000334,0x00000009,0x00000008,0x00040018,
0x0000034a,0x00000036,0x00000003,0x0006002c,0x00000036,0x0000034e,0x00000053,0x00000250,
0x00000053,0x0004002b,0x0000001b,0x0000036b,0x00000010,0x0004002b,0x0000001b,0x00000370,
0x0000000f,0x0004002b,0x0000001b,0x00000374,0x0000000c,0x0004002b,0x00000008,0x00000395,
0x40c90fdb,0x0005002c,0x0000000f,0x000003c5,0x0000032a,0x0000032a,0x0004002b,0x00000008,
0x000003c6,0x3f7fff58,0x0005002c,0x0000000f,0x000003c7,0x000003c6,0x000003c6,0x0004003b,
0x000002f6,0x000003ec,0x00000001,0x0004003b,0x000002f6,0x000003ef,0x00000001,0x0004003b,
0x000002f6,0x000003f2,0x00000001,0x0004002b,0x0000001b,0x00000404,0x00000200,0x0004002b,
0x0000001b,0x0000040c,0x00000800,0x0004002b,0x0000001b,0x00000412,0x00001000,0x0007002c,
0x0000001d,0x0000041d,0x00000250,0x00000250,0x00000250,0x00000250,0x00040020,0x00000423,
0x00000001,0x00000008,0x0004002b,0x00000008,0x00000433,0x44000000,0x0004002b,0x0000001b,
0x00000464,0x00000400,0x0004002b,0x00000006,0x0000046a,0x00000016,0x0004002b,0x00000006,
0x000004af,0x0000001a,0x0004002b,0x00000006,0x000004b4,0x00000007,0x0004002b,0x00000006,
0x000004ee,0x0000001e,0x0004002b,0x00000008,0x000004f8,0x3e4ccccd,0x0004001c,0x00000504,
0x00000008,0x00000070,0x0004002b,0x00000008,0x00000505,0x3f2147ae,0x0004002b,0x00000008,
0x00000506,0x3ec7ae14,0x0006002c,0x00000504,0x00000507,0x00000250,0x00000505,0x00000506,
0x00040020,0x00000509,0x00000007,0x00000504,0x0004001c,0x00000519,0x0000000f,0x00000070,
0x0004002b,0x00000008,0x0000051a,0x3f696765,0x0004002b,0x00000008,0x0000051b,0x3ed251eb,
0x0005002c,0x0000000f,0x0000051c,0x0000051a,0x0000051b,0x0004002b,0x00000008,0x0000051d,
0xbea370a8,0x0004002b,0x00000008,0x0000051e,0x3f729b39,0x0005002c,0x0000000f,0x0000051f,
0x0000051d,0x0000051e,0x0004002b,0x00000008,0x00000520,0x3f2e7d94,0x0004002b,0x00000008,
0x00000521,0xbf3b521b,0x0005002c,0x0000000f,0x00000522,0x00000520,0x00000521,0x0006002c,
0x00000519,0x00000523,0x0000051c,0x0000051f,0x00000522,0x00040020,0x00000525,0x00000007,
0x00000519,0x0004002b,0x00000008,0x0000052f,0x3fd9999a,0x0004002b,0x00000008,0x00000532,
0x3edc28f6,0x0004002b,0x00000008,0x00000539,0x3ef5c28f,0x0004002b,0x00000008,0x0000053a,
0x3ea3d70a,0x0006002c,0x00000504,0x0000053b,0x00000539,0x0000053a,0x000004f8,0x0004002b,
0x00000006,0x0000055d,0x00000008,0x0004002b,0x00000006,0x00000569,0x0000001b,0x0004002b,
0x00000006,0x0000056e,0x0000001c,0x0004002b,0x00000008,0x00000595,0x3dcccccd,0x0004002b,
0x00000008,0x000005a0,0x3eb33333,0x0004002b,0x00000008,0x000005a3,0x3f0ccccd,0x0004002b,
0x00000008,0x000005f8,0x3e800000,0x0004003b,0x000002ef,0x00000634,0x00000003,0x0004002b,
0x00000008,0x00000638,0x2b8cbccc,0x00040020,0x00000641,0x00000003,0x0000001d,0x0004003b,
0x00000641,0x00000642,0x00000003,0x0006002c,0x00000036,0x0000064d,0x00000250,0x00000053,
0x00000053,0x0004003b,0x000002ef,0x00000665,0x00000003,0x0004003b,0x000002eb,0x00000667,
0x00000003,0x0004003b,0x000002eb,0x00000669,0x00000003,0x0004003b,0x00000641,0x0000066b,
0x00000003,0x0004003b,0x000002f6,0x0000066c,0x00000001,0x0004003b,0x000002f6,0x0000066e,
0x00000001,0x0004003b,0x000002ed,0x0000067d,0x00000003,0x0004002b,0x00000006,0x0000068c,
0x00000009,0x0004002b,0x00000006,0x00000692,0x0000000a,0x0004002b,0x00000006,0x000006a1,
0x00000011,0x0004002b,0x00000008,0x000006ab,0x3fddb3d7,0x0004002b,0x00000006,0x000006c7,
0x00000010,0x0004001c,0x000006d0,0x00000008,0x0000009c,0x0006001e,0x000006d1,0x0000001d,
0x00000008,0x000006d0,0x000006d0,0x00040020,0x000006d2,0x00000003,0x000006d1,0x0004003b,
0x000006d2,0x000006d3,0x00000003,0x0005002c,0x00000156,0x00001259,0x0000009c,0x0000009c,
0x0003002e,0x00000036,0x0000125b,0x0004002b,0x00000008,0x0000125c,0x3e22f983,0x00040017,
0x0000126e,0x00000044,0x00000003,0x00050036,0x00000002,0x00000004,0x00000000,0x00000003,
0x000200f8,0x00000005,0x0004003b,0x00000163,0x00000a63,0x00000007,0x0004003b,0x00000163,
0x00000a32,0x00000007,0x0004003b,0x00000163,0x00000a01,0x00000007,0x0004003b,0x00000163,
0x000009d0,0x00000007,0x0004003b,0x00000509,0x0000050a,0x00000007,0x0004003b,0x00000525,
0x00000526,0x00000007,0x0004003b,0x00000509,0x0000053d,0x00000007,0x0004003b,0x00000525,
0x0000054a,0x00000007,0x0003003e,0x000002ec,0x00000217,0x0003003e,0x000002ee,0x00000053,
0x0003003e,0x000002f0,0x00000218,0x0004003d,0x00000036,0x000002f4,0x000002f3,0x0004003d,
0x0000001d,0x000002f8,0x000002f7,0x0008004f,0x00000036,0x000002f9,0x000002f8,0x000002f8,
0x00000000,0x00000001,0x00000002,0x0004003d,0x0000001d,0x000002fc,0x000002fb,0x0008004f,
0x00000036,0x000002fd,0x000002fc,0x000002fc,0x00000000,0x00000001,0x00000002,0x0004003d,
0x0000000f,0x00000301,0x00000300,0x0004003d,0x0000000f,0x00000304,0x00000303,0x00060041,
0x0000030d,0x0000030e,0x0000030b,0x0000030c,0x00000095,0x0004003d,0x0000001b,0x0000030f,
0x0000030e,0x000500c7,0x0000001b,0x00000311,0x0000030f,0x00000310,0x000500ab,0x00000044,
0x00000312,0x00000311,0x00000095,0x000300f7,0x00000315,0x00000000,0x000400fa,0x00000312,
0x00000314,0x00000315,0x000200f8,0x00000314,0x00050041,0x000002f6,0x0000031a,0x00000318,
0x00000319,0x0004003d,0x0000001d,0x0000031b,0x0000031a,0x0007004f,0x0000000f,0x0000031f,
0x0000031b,0x0000125b,0x00000000,0x00000002,0x00050041,0x00000320,0x00000321,0x0000030b,
0x00000078,0x0004003d,0x0000001d,0x00000322,0x00000321,0x0007004f,0x0000000f,0x00000323,
0x00000322,0x00000322,0x00000000,0x00000002,0x00050083,0x0000000f,0x00000324,0x0000031f,
0x00000323,0x0006000c,0x00000008,0x00000327,0x00000001,0x00000042,0x00000324,0x000500ba,
0x00000044,0x0000032b,0x00000327,0x0000032a,0x000300f7,0x0000032e,0x00000000,0x000400fa,
0x0000032b,0x0000032d,0x00000333,0x000200f8,0x0000032d,0x00050050,0x0000000f,0x00000331,
0x00000327,0x00000327,0x00050088,0x0000000f,0x00000332,0x00000324,0x00000331,0x000200f9,
0x0000032e,0x000200f8,0x00000333,0x00060041,0x00000334,0x00000335,0x0000030b,0x00000043,
0x0000009c,0x0004003d,0x00000008,0x00000336,0x00000335,0x0006000c,0x00000008,0x00000337,
0x00000001,0x0000000d,0x00000336,0x0006000c,0x00000008,0x0000033a,0x00000001,0x0000000e,
0x00000336,0x00050050,0x0000000f,0x0000033b,0x00000337,0x0000033a,0x000200f9,0x0000032e,
0x000200f8,0x0000032e,0x000700f5,0x0000000f,0x0000102e,0x00000332,0x0000032d,0x0000033b,
0x00000333,0x00050051,0x00000008,0x0000033f,0x0000102e,0x00000000,0x00050051,0x00000008,
0x00000341,0x0000102e,0x00000001,0x0004007f,0x00000008,0x00000348,0x0000033f,0x00060050,
0x00000036,0x00000359,0x00000341,0x00000053,0x00000348,0x00060050,0x00000036,0x0000035b,
0x0000033f,0x00000053,0x00000341,0x00060050,0x0000034a,0x0000035c,0x00000359,0x0000034e,
0x0000035b,0x00050091,0x00000036,0x0000035f,0x0000035c,0x000002f4,0x00050091,0x00000036,
0x00000363,0x0000035c,0x000002f9,0x00050091,0x00000036,0x00000367,0x0000035c,0x000002fd,
0x00060041,0x0000030d,0x00000369,0x0000030b,0x0000030c,0x0000009c,0x0004003d,0x0000001b,
0x0000036a,0x00000369,0x000500c2,0x0000001b,0x0000036c,0x0000036a,0x0000036b,0x000500c2,
0x0000001b,0x0000036f,0x0000036c,0x00000067,0x000500c7,0x0000001b,0x00000371,0x0000036f,
0x00000370,0x000500c2,0x0000001b,0x00000375,0x0000036c,0x00000374,0x000500c7,0x0000001b,
0x00000376,0x00000375,0x00000370,0x000500ac,0x00000044,0x00000378,0x00000371,0x00000095,
0x000500ac,0x00000044,0x0000037a,0x00000376,0x00000095,0x000500a7,0x00000044,0x0000037b,
0x00000378,0x0000037a,0x000300f7,0x0000037d,0x00000000,0x000400fa,0x0000037b,0x0000037c,
0x0000037d,0x000200f8,0x0000037c,0x000500c7,0x0000001b,0x00000380,0x0000036c,0x00000370,
0x00040070,0x00000008,0x00000381,0x00000380,0x000500c2,0x0000001b,0x00000383,0x0000036c,
0x00000065,0x000500c7,0x0000001b,0x00000384,0x00000383,0x00000370,0x00040070,0x00000008,
0x00000385,0x00000384,0x00050050,0x0000000f,0x00000386,0x00000381,0x00000385,0x0004007f,
0x0000000f,0x00000387,0x00000386,0x0006000c,0x0000000f,0x00000388,0x00000001,0x0000001d,
0x00000387,0x00050084,0x0000001b,0x0000038c,0x00000371,0x00000376,0x0007000c,0x00000008,
0x00000392,0x00000001,0x00000019,0x0000033f,0x00000341,0x0008000c,0x00000008,0x00000397,
0x00000001,0x00000032,0x00000392,0x0000125c,0x00000250,0x0006000c,0x00000008,0x00000398,
0x00000001,0x0000000a,0x00000397,0x00040070,0x00000008,0x0000039a,0x0000038c,0x00050085,
0x00000008,0x0000039b,0x00000398,0x0000039a,0x0006000c,0x00000008,0x0000039e,0x00000001,
0x00000008,0x0000039b,0x0004006d,0x0000001b,0x0000039f,0x0000039e,0x00050089,0x0000001b,
0x000003a1,0x0000039f,0x0000038c,0x00050080,0x0000001b,0x000003a4,0x000003a1,0x0000009c,
0x00050089,0x0000001b,0x000003a6,0x000003a4,0x0000038c,0x00040070,0x00000008,0x000003aa,
0x00000371,0x00040070,0x00000008,0x000003ac,0x00000376,0x00050050,0x0000000f,0x000003ad,
0x000003aa,0x000003ac,0x00050088,0x0000000f,0x000003ae,0x00000388,0x000003ad,0x00050089,
0x0000001b,0x000003b2,0x000003a1,0x00000371,0x00040070,0x00000008,0x000003b3,0x000003b2,
0x00050086,0x0000001b,0x000003b6,0x000003a1,0x00000371,0x00040070,0x00000008,0x000003b7,
0x000003b6,0x00050050,0x0000000f,0x000003b8,0x000003b3,0x000003b7,0x00050089,0x0000001b,
0x000003bc,0x000003a6,0x00000371,0x00040070,0x00000008,0x000003bd,0x000003bc,0x00050086,
0x0000001b,0x000003c0,0x000003a6,0x00000371,0x00040070,0x00000008,0x000003c1,0x000003c0,
0x00050050,0x0000000f,0x000003c2,0x000003bd,0x000003c1,0x0008000c,0x0000000f,0x000003c8,
0x00000001,0x0000002b,0x00000301,0x000003c5,0x000003c7,0x00050081,0x0000000f,0x000003cc,
0x000003b8,0x000003c8,0x0008000c,0x0000000f,0x000003cf,0x00000001,0x00000032,0x000003cc,
0x000003ae,0x00000304,0x00050081,0x0000000f,0x000003d3,0x000003c2,0x000003c8,0x0008000c,
0x0000000f,0x000003d6,0x00000001,0x00000032,0x000003d3,0x000003ae,0x00000304,0x0006000c,
0x00000008,0x000003d8,0x00000001,0x0000000a,0x0000039b,0x000200f9,0x0000037d,0x000200f8,
0x0000037d,0x000700f5,0x00000008,0x000011fc,0x00000053,0x0000032e,0x000003d8,0x0000037c,
0x000700f5,0x0000000f,0x000011c1,0x00000304,0x0000032e,0x000003d6,0x0000037c,0x000700f5,
0x0000000f,0x0000103c,0x00000301,0x0000032e,0x000003cf,0x0000037c,0x000200f9,0x00000315,
0x000200f8,0x00000315,0x000700f5,0x00000008,0x000011fb,0x00000053,0x00000005,0x000011fc,
0x0000037d,0x000700f5,0x0000000f,0x000011c0,0x00000304,0x00000005,0x000011c1,0x0000037d,
0x000700f5,0x0000000f,0x0000103b,0x00000301,0x00000005,0x0000103c,0x0000037d,0x000700f5,
0x00000036,0x00001033,0x000002fd,0x00000005,0x00000367,0x0000037d,0x000700f5,0x00000036,
0x00001031,0x000002f9,0x00000005,0x00000363,0x0000037d,0x000700f5,0x00000036,0x0000102f,
0x000002f4,0x00000005,0x0000035f,0x0000037d,0x0004003d,0x00000064,0x000003da,0x00000318,
0x00050051,0x00000008,0x000003dc,0x0000102f,0x00000000,0x00050051,0x00000008,0x000003dd,
0x0000102f,0x00000001,0x00050051,0x00000008,0x000003de,0x0000102f,0x00000002,0x00070050,
0x0000001d,0x000003df,0x000003dc,0x000003dd,0x000003de,0x00000250,0x00050091,0x0000001d,
0x000003e0,0x000003da,0x000003df,0x0008004f,0x00000036,0x000003e1,0x000003e0,0x000003e0,
0x00000000,0x00000001,0x00000002,0x00050051,0x0000001d,0x000003e4,0x000003da,0x00000000,
0x0008004f,0x00000036,0x000003e5,0x000003e4,0x000003e4,0x00000000,0x00000001,0x00000002,
0x00050051,0x0000001d,0x000003e6,0x000003da,0x00000001,0x0008004f,0x00000036,0x000003e7,
0x000003e6,0x000003e6,0x00000000,0x00000001,0x00000002,0x00050051,0x0000001d,0x000003e8,
0x000003da,0x00000002,0x0008004f,0x00000036,0x000003e9,0x000003e8,0x000003e8,0x00000000,
0x00000001,0x00000002,0x00060050,0x0000034a,0x000003ea,0x000003e5,0x000003e7,0x000003e9,
0x0004003d,0x0000001d,0x000003ed,0x000003ec,0x0004003d,0x0000001d,0x000003f0,0x000003ef,
0x0004003d,0x0000001d,0x000003f3,0x000003f2,0x00050051,0x00000008,0x000003f5,0x000003ed,
0x00000000,0x00050051,0x00000008,0x000003f6,0x000003ed,0x00000001,0x00050051,0x00000008,
0x000003f7,0x000003ed,0x00000002,0x00050051,0x00000008,0x000003f8,0x000003f0,0x00000000,
0x00050051,0x00000008,0x000003f9,0x000003f0,0x00000001,0x00050051,0x00000008,0x000003fa,
0x000003f0,0x00000002,0x00050051,0x00000008,0x000003fb,0x000003f3,0x00000000,0x00050051,
0x00000008,0x000003fc,0x000003f3,0x00000001,0x00050051,0x00000008,0x000003fd,0x000003f3,
0x00000002,0x00060050,0x00000036,0x000003fe,0x000003f5,0x000003f6,0x000003f7,0x00060050,
0x00000036,0x000003ff,0x000003f8,0x000003f9,0x000003fa,0x00060050,0x00000036,0x00000400,
0x000003fb,0x000003fc,0x000003fd,0x00060050,0x0000034a,0x00000401,0x000003fe,0x000003ff,
0x00000400,0x000500c7,0x0000001b,0x00000405,0x0000030f,0x00000404,0x000500ab,0x00000044,
0x00000406,0x00000405,0x00000095,0x000300f7,0x00000408,0x00000000,0x000400fa,0x00000406,
0x00000407,0x00000653,0x000200f8,0x00000407,0x000500c7,0x0000001b,0x0000040d,0x0000030f,
0x0000040c,0x000500ab,0x00000044,0x0000040e,0x0000040d,0x00000095,0x000500c7,0x0000001b,
0x00000413,0x0000030f,0x00000412,0x000500ab,0x00000044,0x00000414,0x00000413,0x00000095,
0x000300f7,0x00000419,0x00000000,0x000400fa,0x0000040e,0x00000418,0x0000041c,0x000200f8,
0x00000418,0x00050041,0x00000320,0x0000041a,0x0000030b,0x00000220,0x0004003d,0x0000001d,
0x0000041b,0x0000041a,0x000200f9,0x00000419,0x000200f8,0x0000041c,0x000200f9,0x00000419,
0x000200f8,0x00000419,0x000700f5,0x0000001d,0x00001035,0x0000041b,0x00000418,0x0000041d,
0x0000041c,0x000300f7,0x00000422,0x00000000,0x000400fa,0x0000040e,0x00000421,0x00000422,
0x000200f8,0x00000421,0x00050041,0x00000423,0x00000424,0x00000303,0x00000095,0x0004003d,
0x00000008,0x00000425,0x00000424,0x0006000c,0x00000008,0x00000428,0x00000001,0x00000042,
0x000003e5,0x0006000c,0x00000008,0x0000042b,0x00000001,0x00000042,0x000003e9,0x0007000c,
0x00000008,0x0000042c,0x00000001,0x00000028,0x00000428,0x0000042b,0x00050085,0x00000008,
0x0000042d,0x00000425,0x0000042c,0x000200f9,0x00000422,0x000200f8,0x00000422,0x000700f5,
0x00000008,0x0000104f,0x00000053,0x00000419,0x0000042d,0x00000421,0x000300f7,0x00000430,
0x00000000,0x000400fa,0x00000414,0x0000042f,0x00000430,0x000200f8,0x0000042f,0x00050041,
0x00000423,0x00000431,0x000002f7,0x00000070,0x0004003d,0x00000008,0x00000432,0x00000431,
0x00050085,0x00000008,0x00000434,0x00000432,0x00000433,0x0006000c,0x00000008,0x00000437,
0x00000001,0x00000042,0x000003e5,0x0006000c,0x00000008,0x0000043a,0x00000001,0x00000042,
0x000003e9,0x0007000c,0x00000008,0x0000043b,0x00000001,0x00000028,0x00000437,0x0000043a,
0x00050085,0x00000008,0x0000043c,0x00000434,0x0000043b,0x000200f9,0x00000430,0x000200f8,
0x00000430,0x000700f5,0x00000008,0x0000104e,0x0000104f,0x00000422,0x0000043c,0x0000042f,
0x000300f7,0x0000043f,0x00000000,0x000400fa,0x00000414,0x0000043e,0x0000043f,0x000200f8,
0x0000043e,0x0007004f,0x0000000f,0x00000443,0x000003e4,0x0000125b,0x00000000,0x00000002,
0x00050041,0x00000423,0x00000444,0x00000303,0x00000095,0x0004003d,0x00000008,0x00000445,
0x00000444,0x0005008e,0x0000000f,0x00000446,0x00000443,0x00000445,0x0007004f,0x0000000f,
0x00000449,0x000003e8,0x0000125b,0x00000000,0x00000002,0x00050041,0x00000423,0x0000044a,
0x00000303,0x0000009c,0x0004003d,0x00000008,0x0000044b,0x0000044a,0x0005008e,0x0000000f,
0x0000044c,0x00000449,0x0000044b,0x00050081,0x0000000f,0x0000044d,0x00000446,0x0000044c,
0x0006000c,0x00000008,0x0000044f,0x00000001,0x00000042,0x0000044d,0x000500ba,0x00000044,
0x00000450,0x0000044f,0x000000fd,0x000300f7,0x00000453,0x00000000,0x000400fa,0x00000450,
0x00000452,0x00000459,0x000200f8,0x00000452,0x0006000c,0x0000000f,0x00000455,0x00000001,
0x00000045,0x0000044d,0x0006000c,0x00000008,0x00000457,0x00000001,0x00000042,0x00000304,
0x0005008e,0x0000000f,0x00000458,0x00000455,0x00000457,0x000200f9,0x00000453,0x000200f8,
0x00000459,0x000200f9,0x00000453,0x000200f8,0x00000453,0x000700f5,0x0000000f,0x00001036,
0x00000458,0x00000452,0x00000217,0x00000459,0x0006000c,0x00000008,0x0000045d,0x00000001,
0x00000042,0x000003e7,0x00050051,0x00000008,0x0000045f,0x0000103b,0x00000001,0x00050085,
0x00000008,0x00000460,0x0000045f,0x0000045d,0x00060052,0x0000000f,0x00000f8f,0x00000460,
0x0000103b,0x00000001,0x000200f9,0x0000043f,0x000200f8,0x0000043f,0x000700f5,0x0000000f,
0x000011bc,0x000011c0,0x00000430,0x00001036,0x00000453,0x000700f5,0x0000000f,0x00001188,
0x0000103b,0x00000430,0x00000f8f,0x00000453,0x000500c7,0x0000001b,0x00000465,0x0000030f,
0x00000464,0x000500ab,0x00000044,0x00000466,0x00000465,0x00000095,0x000300f7,0x00000468,
0x00000000,0x000400fa,0x00000466,0x00000467,0x00000468,0x000200f8,0x00000467,0x00060041,
0x00000071,0x0000046b,0x0000006e,0x0000046a,0x00000070,0x0004003d,0x00000008,0x0000046c,
0x0000046b,0x00050041,0x00000423,0x0000046d,0x00000303,0x0000009c,0x0004003d,0x00000008,
0x0000046e,0x0000046d,0x0007000c,0x00000008,0x0000046f,0x00000001,0x00000028,0x0000046e,
0x00000250,0x00050088,0x00000008,0x00000470,0x0000046c,0x0000046f,0x00050041,0x00000320,
0x00000471,0x0000030b,0x00000078,0x0004003d,0x0000001d,0x00000472,0x00000471,0x0007004f,
0x0000000f,0x00000473,0x00000472,0x00000472,0x00000000,0x00000002,0x0007004f,0x0000000f,
0x00000475,0x000002f4,0x000002f4,0x00000000,0x00000002,0x0005008e,0x0000000f,0x00000477,
0x00000475,0x00000470,0x00050081,0x0000000f,0x00000478,0x00000473,0x00000477,0x00050051,
0x00000008,0x0000047a,0x00000478,0x00000000,0x00060052,0x00000036,0x00000f91,0x0000047a,
0x000003e1,0x00000000,0x00050051,0x00000008,0x0000047c,0x00000478,0x00000001,0x00060052,
0x00000036,0x00000f93,0x0000047c,0x00000f91,0x00000002,0x00050041,0x00000423,0x0000047d,
0x00000303,0x00000095,0x0004003d,0x00000008,0x0000047e,0x0000047d,0x00050085,0x00000008,
0x00000480,0x0000047e,0x00000470,0x000200f9,0x00000468,0x000200f8,0x00000468,0x000700f5,
0x00000008,0x0000104c,0x0000104e,0x0000043f,0x00000480,0x00000467,0x000700f5,0x00000036,
0x00001043,0x000003e1,0x0000043f,0x00000f93,0x00000467,0x00060041,0x00000071,0x00000482,
0x0000006e,0x00000223,0x0000009c,0x0004003d,0x00000008,0x00000483,0x00000482,0x000300f7,
0x00000487,0x00000000,0x000400fa,0x0000040e,0x00000486,0x00000487,0x000200f8,0x00000486,
0x00050051,0x00000008,0x00000489,0x00001043,0x00000001,0x00050081,0x00000008,0x0000048b,
0x00000483,0x00000489,0x00060050,0x0000126e,0x0000126f,0x00000414,0x00000414,0x00000414,
0x000600a9,0x00000036,0x00001270,0x0000126f,0x000002f9,0x0000034e,0x00050091,0x00000036,
0x00000496,0x00000401,0x00001270,0x0006000c,0x00000036,0x00000497,0x00000001,0x00000045,
0x00000496,0x00050051,0x00000008,0x00000499,0x00000497,0x00000001,0x0006000c,0x00000008,
0x0000049a,0x00000001,0x00000004,0x00000499,0x000500ba,0x00000044,0x0000049b,0x0000049a,
0x0000023b,0x000300f7,0x0000049d,0x00000000,0x000400fa,0x0000049b,0x0000049c,0x0000049d,
0x000200f8,0x0000049c,0x0007004f,0x0000000f,0x0000049f,0x00000497,0x00000497,0x00000000,
0x00000002,0x0004007f,0x0000000f,0x000004a0,0x0000049f,0x00050050,0x0000000f,0x000004a3,
0x00000499,0x00000499,0x00050088,0x0000000f,0x000004a4,0x000004a0,0x000004a3,0x000200f9,
0x0000049d,0x000200f8,0x0000049d,0x000700f5,0x0000000f,0x00001046,0x00000217,0x00000486,
0x000004a4,0x0000049c,0x000200f9,0x00000487,0x000200f8,0x00000487,0x000700f5,0x00000008,
0x00001053,0x00000483,0x00000468,0x0000048b,0x0000049d,0x000700f5,0x0000000f,0x00001045,
0x00000217,0x00000468,0x00001046,0x0000049d,0x0003003e,0x000002ee,0x00000053,0x0007004f,
0x0000000f,0x000004aa,0x00001043,0x00001043,0x00000000,0x00000002,0x00050051,0x00000008,
0x000004ac,0x00001043,0x00000000,0x00050051,0x00000008,0x000004ad,0x00001043,0x00000002,
0x00060050,0x00000036,0x000004ae,0x000004ac,0x000004ad,0x0000104c,0x0003003e,0x000002f0,
0x000004ae,0x00060041,0x00000071,0x000004b0,0x0000006e,0x000004af,0x0000009c,0x0004003d,
0x00000008,0x000004b1,0x000004b0,0x00050081,0x00000008,0x000004b2,0x000004b1,0x00000074,
0x0004006e,0x00000006,0x000004b3,0x000004b2,0x000500ab,0x00000044,0x000004b5,0x000004b3,
0x000004b4,0x000300f7,0x000004b7,0x00000000,0x000400fa,0x000004b5,0x000004b6,0x000004b7,
0x000200f8,0x000004b6,0x000200f9,0x0000070f,0x000200f8,0x0000070f,0x000700f5,0x00000008,
0x0000108f,0x00000053,0x000004b6,0x000007bc,0x000007bd,0x000700f5,0x00000036,0x00001086,
0x00000218,0x000004b6,0x000007ae,0x000007bd,0x000700f5,0x0000000f,0x0000107d,0x00000217,
0x000004b6,0x00000766,0x000007bd,0x000700f5,0x0000000f,0x00001074,0x00001045,0x000004b6,
0x0000075b,0x000007bd,0x000700f5,0x00000008,0x0000106b,0x00001053,0x000004b6,0x00000750,
0x000007bd,0x000700f5,0x00000006,0x00001056,0x00000043,0x000004b6,0x000007bf,0x000007bd,
0x000500b1,0x00000044,0x00000712,0x00001056,0x00000220,0x000400f6,0x000007c0,0x000007bd,
0x00000000,0x000400fa,0x00000712,0x00000713,0x000007c0,0x000200f8,0x00000713,0x00060041,
0x00000071,0x00000715,0x0000006e,0x00000223,0x00000095,0x0004003d,0x00000008,0x00000716,
0x00000715,0x0004006e,0x00000006,0x00000717,0x00000716,0x000500af,0x00000044,0x00000718,
0x00001056,0x00000717,0x000300f7,0x0000071a,0x00000000,0x000400fa,0x00000718,0x00000719,
0x0000071a,0x000200f8,0x00000719,0x000200f9,0x000007c0,0x000200f8,0x0000071a,0x00060041,
0x0000008d,0x0000071c,0x0000006e,0x0000022c,0x00001056,0x0004003d,0x0000001d,0x0000071d,
0x0000071c,0x00070041,0x00000071,0x0000071f,0x0000006e,0x00000231,0x00001056,0x00000095,
0x0004003d,0x00000008,0x00000720,0x0000071f,0x00050051,0x00000008,0x00000722,0x0000071d,
0x00000002,0x0007000c,0x00000008,0x00000725,0x00000001,0x00000028,0x0000104c,0x0000023b,
0x00050088,0x00000008,0x00000726,0x00000720,0x00000725,0x0008000c,0x00000008,0x00000727,
0x00000001,0x00000031,0x000000ed,0x00000238,0x00000726,0x00050085,0x00000008,0x00000728,
0x00000722,0x00000727,0x00070041,0x00000071,0x0000072a,0x0000006e,0x00000231,0x00001056,
0x0000009c,0x0004003d,0x00000008,0x0000072b,0x0000072a,0x00070041,0x00000071,0x0000072d,
0x0000006e,0x00000231,0x00001056,0x0000007e,0x0004003d,0x00000008,0x0000072e,0x0000072d,
0x0004007f,0x00000008,0x00000732,0x0000072e,0x00050050,0x0000000f,0x00000734,0x0000072b,
0x0000072e,0x00050050,0x0000000f,0x00000735,0x00000732,0x0000072b,0x00050050,0x00000248,
0x00000736,0x00000734,0x00000735,0x00040054,0x00000248,0x00000738,0x00000736,0x00050091,
0x0000000f,0x0000073a,0x00000738,0x000004aa,0x00050051,0x00000008,0x0000073c,0x0000071d,
0x00000001,0x00050050,0x0000000f,0x0000073d,0x0000073c,0x0000073c,0x00050088,0x0000000f,
0x0000073e,0x0000073a,0x0000073d,0x00050051,0x00000008,0x00000740,0x0000071d,0x00000000,
0x0004006d,0x0000001b,0x00000741,0x00000740,0x0006000c,0x0000000f,0x000007d4,0x00000001,
0x0000000a,0x0000073e,0x00040070,0x00000008,0x000007d6,0x00000741,0x0005008e,0x0000000f,
0x000007d7,0x000007d4,0x000007d6,0x0006000c,0x0000000f,0x000007d9,0x00000001,0x0000000a,
0x000007d7,0x0006000c,0x0000000f,0x000007db,0x00000001,0x00000008,0x000007d7,0x0004006d,
0x00000156,0x000007dc,0x000007db,0x00050080,0x00000156,0x000007df,0x000007dc,0x00001259,
0x00050050,0x00000156,0x000007e1,0x00000741,0x00000741,0x00050089,0x00000156,0x000007e2,
0x000007df,0x000007e1,0x00050051,0x0000001b,0x000007e4,0x000007dc,0x00000001,0x00050084,
0x0000001b,0x000007e6,0x000007e4,0x00000741,0x00050051,0x0000001b,0x000007e8,0x000007dc,
0x00000000,0x00050080,0x0000001b,0x000007e9,0x000007e6,0x000007e8,0x00050084,0x0000001b,
0x000007ea,0x0000007e,0x000007e9,0x000300f7,0x00000840,0x00000000,0x000300fb,0x00000095,
0x00000827,0x000200f8,0x00000827,0x000500aa,0x00000044,0x00000829,0x00001056,0x00000043,
0x000300f7,0x0000082e,0x00000000,0x000400fa,0x00000829,0x0000082a,0x0000082e,0x000200f8,
0x0000082a,0x00060041,0x00000128,0x0000082c,0x00000126,0x00000043,0x000007ea,0x0004003d,
0x0000001d,0x0000082d,0x0000082c,0x000200f9,0x00000840,0x000200f8,0x0000082e,0x000500aa,
0x00000044,0x00000830,0x00001056,0x000000c7,0x000300f7,0x00000835,0x00000000,0x000400fa,
0x00000830,0x00000831,0x00000835,0x000200f8,0x00000831,0x00060041,0x00000128,0x00000833,
0x00000133,0x00000043,0x000007ea,0x0004003d,0x0000001d,0x00000834,0x00000833,0x000200f9,
0x00000840,0x000200f8,0x00000835,0x000500aa,0x00000044,0x00000837,0x00001056,0x00000078,
0x000300f7,0x0000083c,0x00000000,0x000400fa,0x00000837,0x00000838,0x0000083c,0x000200f8,
0x00000838,0x00060041,0x00000128,0x0000083a,0x0000013f,0x00000043,0x000007ea,0x0004003d,
0x0000001d,0x0000083b,0x0000083a,0x000200f9,0x00000840,0x000200f8,0x0000083c,0x00060041,
0x00000128,0x0000083e,0x00000147,0x00000043,0x000007ea,0x0004003d,0x0000001d,0x0000083f,
0x0000083e,0x000200f9,0x00000840,0x000200f8,0x00000840,0x000b00f5,0x0000001d,0x00001057,
0x0000082d,0x0000082a,0x00000834,0x00000831,0x0000083b,0x00000838,0x0000083f,0x0000083c,
0x00050051,0x0000001b,0x000007f4,0x000007e2,0x00000000,0x00050080,0x0000001b,0x000007f5,
0x000007e6,0x000007f4,0x00050084,0x0000001b,0x000007f6,0x0000007e,0x000007f5,0x000300f7,
0x0000085f,0x00000000,0x000300fb,0x00000095,0x00000846,0x000200f8,0x00000846,0x000300f7,
0x0000084d,0x00000000,0x000400fa,0x00000829,0x00000849,0x0000084d,0x000200f8,0x00000849,
0x00060041,0x00000128,0x0000084b,0x00000126,0x00000043,0x000007f6,0x0004003d,0x0000001d,
0x0000084c,0x0000084b,0x000200f9,0x0000085f,0x000200f8,0x0000084d,0x000500aa,0x00000044,
0x0000084f,0x00001056,0x000000c7,0x000300f7,0x00000854,0x00000000,0x000400fa,0x0000084f,
0x00000850,0x00000854,0x000200f8,0x00000850,0x00060041,0x00000128,0x00000852,0x00000133,
0x00000043,0x000007f6,0x0004003d,0x0000001d,0x00000853,0x00000852,0x000200f9,0x0000085f,
0x000200f8,0x00000854,0x000500aa,0x00000044,0x00000856,0x00001056,0x00000078,0x000300f7,
0x0000085b,0x00000000,0x000400fa,0x00000856,0x00000857,0x0000085b,0x000200f8,0x00000857,
0x00060041,0x00000128,0x00000859,0x0000013f,0x00000043,0x000007f6,0x0004003d,0x0000001d,
0x0000085a,0x00000859,0x000200f9,0x0000085f,0x000200f8,0x0000085b,0x00060041,0x00000128,
0x0000085d,0x00000147,0x00000043,0x000007f6,0x0004003d,0x0000001d,0x0000085e,0x0000085d,
0x000200f9,0x0000085f,0x000200f8,0x0000085f,0x000b00f5,0x0000001d,0x00001058,0x0000084c,
0x00000849,0x00000853,0x00000850,0x0000085a,0x00000857,0x0000085e,0x0000085b,0x00050051,
0x0000001b,0x000007fc,0x000007e2,0x00000001,0x00050084,0x0000001b,0x000007fe,0x000007fc,
0x00000741,0x00050080,0x0000001b,0x00000801,0x000007fe,0x000007e8,0x00050084,0x0000001b,
0x00000802,0x0000007e,0x00000801,0x000300f7,0x0000087e,0x00000000,0x000300fb,0x00000095,
0x00000865,0x000200f8,0x00000865,0x000300f7,0x0000086c,0x00000000,0x000400fa,0x00000829,
0x00000868,0x0000086c,0x000200f8,0x00000868,0x00060041,0x00000128,0x0000086a,0x00000126,
0x00000043,0x00000802,0x0004003d,0x0000001d,0x0000086b,0x0000086a,0x000200f9,0x0000087e,
0x000200f8,0x0000086c,0x000500aa,0x00000044,0x0000086e,0x00001056,0x000000c7,0x000300f7,
0x00000873,0x00000000,0x000400fa,0x0000086e,0x0000086f,0x00000873,0x000200f8,0x0000086f,
0x00060041,0x00000128,0x00000871,0x00000133,0x00000043,0x00000802,0x0004003d,0x0000001d,
0x00000872,0x00000871,0x000200f9,0x0000087e,0x000200f8,0x00000873,0x000500aa,0x00000044,
0x00000875,0x00001056,0x00000078,0x000300f7,0x0000087a,0x00000000,0x000400fa,0x00000875,
0x00000876,0x0000087a,0x000200f8,0x00000876,0x00060041,0x00000128,0x00000878,0x0000013f,
0x00000043,0x00000802,0x0004003d,0x0000001d,0x00000879,0x00000878,0x000200f9,0x0000087e,
0x000200f8,0x0000087a,0x00060041,0x00000128,0x0000087c,0x00000147,0x00000043,0x00000802,
0x0004003d,0x0000001d,0x0000087d,0x0000087c,0x000200f9,0x0000087e,0x000200f8,0x0000087e,
0x000b00f5,0x0000001d,0x00001059,0x0000086b,0x00000868,0x00000872,0x0000086f,0x00000879,
0x00000876,0x0000087d,0x0000087a,0x00050080,0x0000001b,0x0000080d,0x000007fe,0x000007f4,
0x00050084,0x0000001b,0x0000080e,0x0000007e,0x0000080d,0x000300f7,0x0000089d,0x00000000,
0x000300fb,0x00000095,0x00000884,0x000200f8,0x00000884,0x000300f7,0x0000088b,0x00000000,
0x000400fa,0x00000829,0x00000887,0x0000088b,0x000200f8,0x00000887,0x00060041,0x00000128,
0x00000889,0x00000126,0x00000043,0x0000080e,0x0004003d,0x0000001d,0x0000088a,0x00000889,
0x000200f9,0x0000089d,0x000200f8,0x0000088b,0x000500aa,0x00000044,0x0000088d,0x00001056,
0x000000c7,0x000300f7,0x00000892,0x00000000,0x000400fa,0x0000088d,0x0000088e,0x00000892,
0x000200f8,0x0000088e,0x00060041,0x00000128,0x00000890,0x00000133,0x00000043,0x0000080e,
0x0004003d,0x0000001d,0x00000891,0x00000890,0x000200f9,0x0000089d,0x000200f8,0x00000892,
0x000500aa,0x00000044,0x00000894,0x00001056,0x00000078,0x000300f7,0x00000899,0x00000000,
0x000400fa,0x00000894,0x00000895,0x00000899,0x000200f8,0x00000895,0x00060041,0x00000128,
0x00000897,0x0000013f,0x00000043,0x0000080e,0x0004003d,0x0000001d,0x00000898,0x00000897,
0x000200f9,0x0000089d,0x000200f8,0x00000899,0x00060041,0x00000128,0x0000089b,0x00000147,
0x00000043,0x0000080e,0x0004003d,0x0000001d,0x0000089c,0x0000089b,0x000200f9,0x0000089d,
0x000200f8,0x0000089d,0x000b00f5,0x0000001d,0x0000105a,0x0000088a,0x00000887,0x00000891,
0x0000088e,0x00000898,0x00000895,0x0000089c,0x00000899,0x00050051,0x00000008,0x00000816,
0x000007d9,0x00000000,0x00070050,0x0000001d,0x00000817,0x00000816,0x00000816,0x00000816,
0x00000816,0x0008000c,0x0000001d,0x00000818,0x00000001,0x0000002e,0x00001057,0x00001058,
0x00000817,0x0008000c,0x0000001d,0x0000081e,0x00000001,0x0000002e,0x00001059,0x0000105a,
0x00000817,0x00050051,0x00000008,0x00000820,0x000007d9,0x00000001,0x00070050,0x0000001d,
0x00000821,0x00000820,0x00000820,0x00000820,0x00000820,0x0008000c,0x0000001d,0x00000822,
0x00000001,0x0000002e,0x00000818,0x0000081e,0x00000821,0x00050080,0x0000001b,0x000008ca,
0x000007ea,0x0000009c,0x000300f7,0x0000091e,0x00000000,0x000300fb,0x00000095,0x00000905,
0x000200f8,0x00000905,0x000300f7,0x0000090c,0x00000000,0x000400fa,0x00000829,0x00000908,
0x0000090c,0x000200f8,0x00000908,0x00060041,0x00000128,0x0000090a,0x00000126,0x00000043,
0x000008ca,0x0004003d,0x0000001d,0x0000090b,0x0000090a,0x000200f9,0x0000091e,0x000200f8,
0x0000090c,0x000500aa,0x00000044,0x0000090e,0x00001056,0x000000c7,0x000300f7,0x00000913,
0x00000000,0x000400fa,0x0000090e,0x0000090f,0x00000913,0x000200f8,0x0000090f,0x00060041,
0x00000128,0x00000911,0x00000133,0x00000043,0x000008ca,0x0004003d,0x0000001d,0x00000912,
0x00000911,0x000200f9,0x0000091e,0x000200f8,0x00000913,0x000500aa,0x00000044,0x00000915,
0x00001056,0x00000078,0x000300f7,0x0000091a,0x00000000,0x000400fa,0x00000915,0x00000916,
0x0000091a,0x000200f8,0x00000916,0x00060041,0x00000128,0x00000918,0x0000013f,0x00000043,
0x000008ca,0x0004003d,0x0000001d,0x00000919,0x00000918,0x000200f9,0x0000091e,0x000200f8,
0x0000091a,0x00060041,0x00000128,0x0000091c,0x00000147,0x00000043,0x000008ca,0x0004003d,
0x0000001d,0x0000091d,0x0000091c,0x000200f9,0x0000091e,0x000200f8,0x0000091e,0x000b00f5,
0x0000001d,0x0000105f,0x0000090b,0x00000908,0x00000912,0x0000090f,0x00000919,0x00000916,
0x0000091d,0x0000091a,0x00050080,0x0000001b,0x000008d6,0x000007f6,0x0000009c,0x000300f7,
0x0000093d,0x00000000,0x000300fb,0x00000095,0x00000924,0x000200f8,0x00000924,0x000300f7,
0x0000092b,0x00000000,0x000400fa,0x00000829,0x00000927,0x0000092b,0x000200f8,0x00000927,
0x00060041,0x00000128,0x00000929,0x00000126,0x00000043,0x000008d6,0x0004003d,0x0000001d,
0x0000092a,0x00000929,0x000200f9,0x0000093d,0x000200f8,0x0000092b,0x000500aa,0x00000044,
0x0000092d,0x00001056,0x000000c7,0x000300f7,0x00000932,0x00000000,0x000400fa,0x0000092d,
0x0000092e,0x00000932,0x000200f8,0x0000092e,0x00060041,0x00000128,0x00000930,0x00000133,
0x00000043,0x000008d6,0x0004003d,0x0000001d,0x00000931,0x00000930,0x000200f9,0x0000093d,
0x000200f8,0x00000932,0x000500aa,0x00000044,0x00000934,0x00001056,0x00000078,0x000300f7,
0x00000939,0x00000000,0x000400fa,0x00000934,0x00000935,0x00000939,0x000200f8,0x00000935,
0x00060041,0x00000128,0x00000937,0x0000013f,0x00000043,0x000008d6,0x0004003d,0x0000001d,
0x00000938,0x00000937,0x000200f9,0x0000093d,0x000200f8,0x00000939,0x00060041,0x00000128,
0x0000093b,0x00000147,0x00000043,0x000008d6,0x0004003d,0x0000001d,0x0000093c,0x0000093b,
0x000200f9,0x0000093d,0x000200f8,0x0000093d,0x000b00f5,0x0000001d,0x00001060,0x0000092a,
0x00000927,0x00000931,0x0000092e,0x00000938,0x00000935,0x0000093c,0x00000939,0x00050080,
0x0000001b,0x000008e2,0x00000802,0x0000009c,0x000300f7,0x0000095c,0x00000000,0x000300fb,
0x00000095,0x00000943,0x000200f8,0x00000943,0x000300f7,0x0000094a,0x00000000,0x000400fa,
0x00000829,0x00000946,0x0000094a,0x000200f8,0x00000946,0x00060041,0x00000128,0x00000948,
0x00000126,0x00000043,0x000008e2,0x0004003d,0x0000001d,0x00000949,0x00000948,0x000200f9,
0x0000095c,0x000200f8,0x0000094a,0x000500aa,0x00000044,0x0000094c,0x00001056,0x000000c7,
0x000300f7,0x00000951,0x00000000,0x000400fa,0x0000094c,0x0000094d,0x00000951,0x000200f8,
0x0000094d,0x00060041,0x00000128,0x0000094f,0x00000133,0x00000043,0x000008e2,0x0004003d,
0x0000001d,0x00000950,0x0000094f,0x000200f9,0x0000095c,0x000200f8,0x00000951,0x000500aa,
0x00000044,0x00000953,0x00001056,0x00000078,0x000300f7,0x00000958,0x00000000,0x000400fa,
0x00000953,0x00000954,0x00000958,0x000200f8,0x00000954,0x00060041,0x00000128,0x00000956,
0x0000013f,0x00000043,0x000008e2,0x0004003d,0x0000001d,0x00000957,0x00000956,0x000200f9,
0x0000095c,0x000200f8,0x00000958,0x00060041,0x00000128,0x0000095a,0x00000147,0x00000043,
0x000008e2,0x0004003d,0x0000001d,0x0000095b,0x0000095a,0x000200f9,0x0000095c,0x000200f8,
0x0000095c,0x000b00f5,0x0000001d,0x00001061,0x00000949,0x00000946,0x00000950,0x0000094d,
0x00000957,0x00000954,0x0000095b,0x00000958,0x00050080,0x0000001b,0x000008ee,0x0000080e,
0x0000009c,0x000300f7,0x0000097b,0x00000000,0x000300fb,0x00000095,0x00000962,0x000200f8,
0x00000962,0x000300f7,0x00000969,0x00000000,0x000400fa,0x00000829,0x00000965,0x00000969,
0x000200f8,0x00000965,0x00060041,0x00000128,0x00000967,0x00000126,0x00000043,0x000008ee,
0x0004003d,0x0000001d,0x00000968,0x00000967,0x000200f9,0x0000097b,0x000200f8,0x00000969,
0x000500aa,0x00000044,0x0000096b,0x00001056,0x000000c7,0x000300f7,0x00000970,0x00000000,
0x000400fa,0x0000096b,0x0000096c,0x00000970,0x000200f8,0x0000096c,0x00060041,0x00000128,
0x0000096e,0x00000133,0x00000043,0x000008ee,0x0004003d,0x0000001d,0x0000096f,0x0000096e,
0x000200f9,0x0000097b,0x000200f8,0x00000970,0x000500aa,0x00000044,0x00000972,0x00001056,
0x00000078,0x000300f7,0x00000977,0x00000000,0x000400fa,0x00000972,0x00000973,0x00000977,
0x000200f8,0x00000973,0x00060041,0x00000128,0x00000975,0x0000013f,0x00000043,0x000008ee,
0x0004003d,0x0000001d,0x00000976,0x00000975,0x000200f9,0x0000097b,0x000200f8,0x00000977,
0x00060041,0x00000128,0x00000979,0x00000147,0x00000043,0x000008ee,0x0004003d,0x0000001d,
0x0000097a,0x00000979,0x000200f9,0x0000097b,0x000200f8,0x0000097b,0x000b00f5,0x0000001d,
0x00001062,0x00000968,0x00000965,0x0000096f,0x0000096c,0x00000976,0x00000973,0x0000097a,
0x00000977,0x0008000c,0x0000001d,0x000008f6,0x00000001,0x0000002e,0x0000105f,0x00001060,
0x00000817,0x0008000c,0x0000001d,0x000008fc,0x00000001,0x0000002e,0x00001061,0x00001062,
0x00000817,0x0008000c,0x0000001d,0x00000900,0x00000001,0x0000002e,0x000008f6,0x000008fc,
0x00000821,0x00050051,0x00000008,0x0000074c,0x00000822,0x00000000,0x0008000c,0x00000008,
0x00000750,0x00000001,0x00000032,0x0000074c,0x00000728,0x0000106b,0x00050051,0x00000008,
0x00000753,0x00000822,0x00000003,0x00050051,0x00000008,0x00000755,0x00000900,0x00000000,
0x00050050,0x0000000f,0x00000756,0x00000753,0x00000755,0x00050091,0x0000000f,0x00000757,
0x00000736,0x00000756,0x0005008e,0x0000000f,0x00000759,0x00000757,0x00000728,0x00050081,
0x0000000f,0x0000075b,0x00001074,0x00000759,0x0007004f,0x0000000f,0x0000075e,0x00000822,
0x00000822,0x00000001,0x00000002,0x00050091,0x0000000f,0x0000075f,0x00000736,0x0000075e,
0x00050051,0x00000008,0x00000762,0x0000071d,0x00000003,0x00050085,0x00000008,0x00000763,
0x00000728,0x00000762,0x0005008e,0x0000000f,0x00000764,0x0000075f,0x00000763,0x00050081,
0x0000000f,0x00000766,0x0000107d,0x00000764,0x00050085,0x00000008,0x0000076b,0x0000072b,
0x0000072b,0x00050051,0x00000008,0x0000076d,0x00000900,0x00000001,0x00050085,0x00000008,
0x00000770,0x000000ed,0x0000072b,0x00050085,0x00000008,0x00000772,0x00000770,0x0000072e,
0x00050051,0x00000008,0x00000774,0x00000900,0x00000002,0x00050085,0x00000008,0x00000775,
0x00000772,0x00000774,0x0004007f,0x00000008,0x0000125d,0x00000775,0x0008000c,0x00000008,
0x00000776,0x00000001,0x00000032,0x0000076b,0x0000076d,0x0000125d,0x00050085,0x00000008,
0x00000779,0x0000072e,0x0000072e,0x00050051,0x00000008,0x0000077b,0x00000900,0x00000003,
0x0008000c,0x00000008,0x0000077d,0x00000001,0x00000032,0x00000779,0x0000077b,0x00000776,
0x00050085,0x00000008,0x00000780,0x0000072b,0x0000072e,0x00050083,0x00000008,0x00000785,
0x0000076d,0x0000077b,0x0004007f,0x00000008,0x0000125e,0x00000779,0x0008000c,0x00000008,
0x0000078d,0x00000001,0x00000032,0x0000072b,0x0000072b,0x0000125e,0x00050085,0x00000008,
0x00000790,0x0000078d,0x00000774,0x0008000c,0x00000008,0x00000791,0x00000001,0x00000032,
0x00000780,0x00000785,0x00000790,0x0008000c,0x00000008,0x0000079f,0x00000001,0x00000032,
0x00000779,0x0000076d,0x00000775,0x0008000c,0x00000008,0x000007a6,0x00000001,0x00000032,
0x0000076b,0x0000077b,0x0000079f,0x00060050,0x00000036,0x000007a7,0x0000077d,0x00000791,
0x000007a6,0x0005008e,0x00000036,0x000007ac,0x000007a7,0x00000763,0x00050081,0x00000036,
0x000007ae,0x00001086,0x000007ac,0x00050084,0x0000001b,0x000009d6,0x0000007e,0x00000741,
0x00050084,0x0000001b,0x000009d8,0x000009d6,0x00000741,0x00050086,0x0000001b,0x000009da,
0x000007e9,0x00000065,0x00050080,0x0000001b,0x000009db,0x000009d8,0x000009da,0x000300f7,
0x000009ff,0x00000000,0x000300fb,0x00000095,0x000009e6,0x000200f8,0x000009e6,0x000300f7,
0x000009ed,0x00000000,0x000400fa,0x00000829,0x000009e9,0x000009ed,0x000200f8,0x000009e9,
0x00060041,0x00000128,0x000009eb,0x00000126,0x00000043,0x000009db,0x0004003d,0x0000001d,
0x000009ec,0x000009eb,0x000200f9,0x000009ff,0x000200f8,0x000009ed,0x000500aa,0x00000044,
0x000009ef,0x00001056,0x000000c7,0x000300f7,0x000009f4,0x00000000,0x000400fa,0x000009ef,
0x000009f0,0x000009f4,0x000200f8,0x000009f0,0x00060041,0x00000128,0x000009f2,0x00000133,
0x00000043,0x000009db,0x0004003d,0x0000001d,0x000009f3,0x000009f2,0x000200f9,0x000009ff,
0x000200f8,0x000009f4,0x000500aa,0x00000044,0x000009f6,0x00001056,0x00000078,0x000300f7,
0x000009fb,0x00000000,0x000400fa,0x000009f6,0x000009f7,0x000009fb,0x000200f8,0x000009f7,
0x00060041,0x00000128,0x000009f9,0x0000013f,0x00000043,0x000009db,0x0004003d,0x0000001d,
0x000009fa,0x000009f9,0x000200f9,0x000009ff,0x000200f8,0x000009fb,0x00060041,0x00000128,
0x000009fd,0x00000147,0x00000043,0x000009db,0x0004003d,0x0000001d,0x000009fe,0x000009fd,
0x000200f9,0x000009ff,0x000200f8,0x000009ff,0x000b00f5,0x0000001d,0x00001094,0x000009ec,
0x000009e9,0x000009f3,0x000009f0,0x000009fa,0x000009f7,0x000009fe,0x000009fb,0x0003003e,
0x000009d0,0x00001094,0x00050089,0x0000001b,0x000009df,0x000007e9,0x00000065,0x00050041,
0x00000015,0x000009e0,0x000009d0,0x000009df,0x0004003d,0x00000008,0x000009e1,0x000009e0,
0x00050086,0x0000001b,0x00000a0b,0x000007f5,0x00000065,0x00050080,0x0000001b,0x00000a0c,
0x000009d8,0x00000a0b,0x000300f7,0x00000a30,0x00000000,0x000300fb,0x00000095,0x00000a17,
0x000200f8,0x00000a17,0x000300f7,0x00000a1e,0x00000000,0x000400fa,0x00000829,0x00000a1a,
0x00000a1e,0x000200f8,0x00000a1a,0x00060041,0x00000128,0x00000a1c,0x00000126,0x00000043,
0x00000a0c,0x0004003d,0x0000001d,0x00000a1d,0x00000a1c,0x000200f9,0x00000a30,0x000200f8,
0x00000a1e,0x000500aa,0x00000044,0x00000a20,0x00001056,0x000000c7,0x000300f7,0x00000a25,
0x00000000,0x000400fa,0x00000a20,0x00000a21,0x00000a25,0x000200f8,0x00000a21,0x00060041,
0x00000128,0x00000a23,0x00000133,0x00000043,0x00000a0c,0x0004003d,0x0000001d,0x00000a24,
0x00000a23,0x000200f9,0x00000a30,0x000200f8,0x00000a25,0x000500aa,0x00000044,0x00000a27,
0x00001056,0x00000078,0x000300f7,0x00000a2c,0x00000000,0x000400fa,0x00000a27,0x00000a28,
0x00000a2c,0x000200f8,0x00000a28,0x00060041,0x00000128,0x00000a2a,0x0000013f,0x00000043,
0x00000a0c,0x0004003d,0x0000001d,0x00000a2b,0x00000a2a,0x000200f9,0x00000a30,0x000200f8,
0x00000a2c,0x00060041,0x00000128,0x00000a2e,0x00000147,0x00000043,0x00000a0c,0x0004003d,
0x0000001d,0x00000a2f,0x00000a2e,0x000200f9,0x00000a30,0x000200f8,0x00000a30,0x000b00f5,
0x0000001d,0x00001095,0x00000a1d,0x00000a1a,0x00000a24,0x00000a21,0x00000a2b,0x00000a28,
0x00000a2f,0x00000a2c,0x0003003e,0x00000a01,0x00001095,0x00050089,0x0000001b,0x00000a10,
0x000007f5,0x00000065,0x00050041,0x00000015,0x00000a11,0x00000a01,0x00000a10,0x0004003d,
0x00000008,0x00000a12,0x00000a11,0x0008000c,0x00000008,0x000009b5,0x00000001,0x0000002e,
0x000009e1,0x00000a12,0x00000816,0x00050086,0x0000001b,0x00000a3c,0x00000801,0x00000065,
0x00050080,0x0000001b,0x00000a3d,0x000009d8,0x00000a3c,0x000300f7,0x00000a61,0x00000000,
0x000300fb,0x00000095,0x00000a48,0x000200f8,0x00000a48,0x000300f7,0x00000a4f,0x00000000,
0x000400fa,0x00000829,0x00000a4b,0x00000a4f,0x000200f8,0x00000a4b,0x00060041,0x00000128,
0x00000a4d,0x00000126,0x00000043,0x00000a3d,0x0004003d,0x0000001d,0x00000a4e,0x00000a4d,
0x000200f9,0x00000a61,0x000200f8,0x00000a4f,0x000500aa,0x00000044,0x00000a51,0x00001056,
0x000000c7,0x000300f7,0x00000a56,0x00000000,0x000400fa,0x00000a51,0x00000a52,0x00000a56,
0x000200f8,0x00000a52,0x00060041,0x00000128,0x00000a54,0x00000133,0x00000043,0x00000a3d,
0x0004003d,0x0000001d,0x00000a55,0x00000a54,0x000200f9,0x00000a61,0x000200f8,0x00000a56,
0x000500aa,0x00000044,0x00000a58,0x00001056,0x00000078,0x000300f7,0x00000a5d,0x00000000,
0x000400fa,0x00000a58,0x00000a59,0x00000a5d,0x000200f8,0x00000a59,0x00060041,0x00000128,
0x00000a5b,0x0000013f,0x00000043,0x00000a3d,0x0004003d,0x0000001d,0x00000a5c,0x00000a5b,
0x000200f9,0x00000a61,0x000200f8,0x00000a5d,0x00060041,0x00000128,0x00000a5f,0x00000147,
0x00000043,0x00000a3d,0x0004003d,0x0000001d,0x00000a60,0x00000a5f,0x000200f9,0x00000a61,
0x000200f8,0x00000a61,0x000b00f5,0x0000001d,0x00001096,0x00000a4e,0x00000a4b,0x00000a55,
0x00000a52,0x00000a5c,0x00000a59,0x00000a60,0x00000a5d,0x0003003e,0x00000a32,0x00001096,
0x00050089,0x0000001b,0x00000a41,0x00000801,0x00000065,0x00050041,0x00000015,0x00000a42,
0x00000a32,0x00000a41,0x0004003d,0x00000008,0x00000a43,0x00000a42,0x00050086,0x0000001b,
0x00000a6d,0x0000080d,0x00000065,0x00050080,0x0000001b,0x00000a6e,0x000009d8,0x00000a6d,
0x000300f7,0x00000a92,0x00000000,0x000300fb,0x00000095,0x00000a79,0x000200f8,0x00000a79,
0x000300f7,0x00000a80,0x00000000,0x000400fa,0x00000829,0x00000a7c,0x00000a80,0x000200f8,
0x00000a7c,0x00060041,0x00000128,0x00000a7e,0x00000126,0x00000043,0x00000a6e,0x0004003d,
0x0000001d,0x00000a7f,0x00000a7e,0x000200f9,0x00000a92,0x000200f8,0x00000a80,0x000500aa,
0x00000044,0x00000a82,0x00001056,0x000000c7,0x000300f7,0x00000a87,0x00000000,0x000400fa,
0x00000a82,0x00000a83,0x00000a87,0x000200f8,0x00000a83,0x00060041,0x00000128,0x00000a85,
0x00000133,0x00000043,0x00000a6e,0x0004003d,0x0000001d,0x00000a86,0x00000a85,0x000200f9,
0x00000a92,0x000200f8,0x00000a87,0x000500aa,0x00000044,0x00000a89,0x00001056,0x00000078,
0x000300f7,0x00000a8e,0x00000000,0x000400fa,0x00000a89,0x00000a8a,0x00000a8e,0x000200f8,
0x00000a8a,0x00060041,0x00000128,0x00000a8c,0x0000013f,0x00000043,0x00000a6e,0x0004003d,
0x0000001d,0x00000a8d,0x00000a8c,0x000200f9,0x00000a92,0x000200f8,0x00000a8e,0x00060041,
0x00000128,0x00000a90,0x00000147,0x00000043,0x00000a6e,0x0004003d,0x0000001d,0x00000a91,
0x00000a90,0x000200f9,0x00000a92,0x000200f8,0x00000a92,0x000b00f5,0x0000001d,0x00001097,
0x00000a7f,0x00000a7c,0x00000a86,0x00000a83,0x00000a8d,0x00000a8a,0x00000a91,0x00000a8e,
0x0003003e,0x00000a63,0x00001097,0x00050089,0x0000001b,0x00000a72,0x0000080d,0x00000065,
0x00050041,0x00000015,0x00000a73,0x00000a63,0x00000a72,0x0004003d,0x00000008,0x00000a74,
0x00000a73,0x0008000c,0x00000008,0x000009cc,0x00000001,0x0000002e,0x00000a43,0x00000a74,
0x00000816,0x0008000c,0x00000008,0x000009cf,0x00000001,0x0000002e,0x000009b5,0x000009cc,
0x00000820,0x00050085,0x00000008,0x000007bb,0x000009cf,0x00000727,0x0007000c,0x00000008,
0x000007bc,0x00000001,0x00000028,0x0000108f,0x000007bb,0x000200f9,0x000007bd,0x000200f8,
0x000007bd,0x00050080,0x00000006,0x000007bf,0x00001056,0x000000c7,0x000200f9,0x0000070f,
0x000200f8,0x000007c0,0x0003003e,0x000002ee,0x0000108f,0x000200f9,0x000004b7,0x000200f8,
0x000004b7,0x000700f5,0x00000036,0x000010b8,0x00000218,0x00000487,0x00001086,0x000007c0,
0x000700f5,0x0000000f,0x000010b6,0x00000217,0x00000487,0x0000107d,0x000007c0,0x000700f5,
0x0000000f,0x000010b4,0x00001045,0x00000487,0x00001074,0x000007c0,0x000700f5,0x00000008,
0x000010b2,0x00001053,0x00000487,0x0000106b,0x000007c0,0x000300f7,0x000004d0,0x00000000,
0x000400fa,0x0000040e,0x000004cf,0x000004d3,0x000200f8,0x000004cf,0x00050051,0x00000008,
0x000004d2,0x00001043,0x00000001,0x000200f9,0x000004d0,0x000200f8,0x000004d3,0x000200f9,
0x000004d0,0x000200f8,0x000004d0,0x000700f5,0x00000008,0x000010b0,0x000004d2,0x000004cf,
0x00000053,0x000004d3,0x00050081,0x00000008,0x000004d5,0x00000483,0x000010b0,0x00050051,
0x00000008,0x000004d9,0x00001035,0x00000000,0x0008000c,0x00000008,0x000004da,0x00000001,
0x0000002e,0x000004d5,0x000010b2,0x000004d9,0x00050083,0x0000000f,0x000004de,0x000010b4,
0x00001045,0x0005008e,0x0000000f,0x000004e1,0x000004de,0x000004d9,0x00050081,0x0000000f,
0x000004e2,0x00001045,0x000004e1,0x0005008e,0x0000000f,0x000004e6,0x000010b6,0x000004d9,
0x0005008e,0x00000036,0x000004ea,0x000010b8,0x000004d9,0x00060041,0x00000071,0x000004ef,
0x0000006e,0x000004ee,0x0000007e,0x0004003d,0x00000008,0x000004f0,0x000004ef,0x00050085,
0x00000008,0x000004f1,0x000004d9,0x000004f0,0x00060041,0x00000071,0x000004f2,0x0000006e,
0x00000223,0x00000070,0x0004003d,0x00000008,0x000004f3,0x000004f2,0x00050085,0x00000008,
0x000004f4,0x000004f1,0x000004f3,0x00060041,0x00000071,0x000004f6,0x0000006e,0x000004ee,
0x00000070,0x0004003d,0x00000008,0x000004f7,0x000004f6,0x0007000c,0x00000008,0x000004f9,
0x00000001,0x00000028,0x000004f7,0x000004f8,0x000200f9,0x000004fb,0x000200f8,0x000004fb,
0x000700f5,0x0000000f,0x00001100,0x000004e2,0x000004d0,0x00000555,0x000004fc,0x000700f5,
0x00000008,0x000010c5,0x000004da,0x000004d0,0x00000548,0x000004fc,0x000700f5,0x00000006,
0x000010b9,0x00000043,0x000004d0,0x00000557,0x000004fc,0x000500b1,0x00000044,0x00000501,
0x000010b9,0x00000319,0x000400f6,0x000004fd,0x000004fc,0x00000000,0x000400fa,0x00000501,
0x000004fc,0x000004fd,0x000200f8,0x000004fc,0x0003003e,0x0000050a,0x00000507,0x00050041,
0x00000015,0x0000050b,0x0000050a,0x000010b9,0x0004003d,0x00000008,0x0000050c,0x0000050b,
0x00050085,0x00000008,0x0000050d,0x000004f9,0x0000050c,0x0007000c,0x00000008,0x00000511,
0x00000001,0x00000028,0x0000104c,0x0000023b,0x00050088,0x00000008,0x00000512,0x0000050d,
0x00000511,0x0008000c,0x00000008,0x00000513,0x00000001,0x00000031,0x000000ed,0x00000238,
0x00000512,0x00050088,0x00000008,0x00000516,0x00000395,0x0000050d,0x0003003e,0x00000526,
0x00000523,0x00050041,0x00000010,0x00000527,0x00000526,0x000010b9,0x0004003d,0x0000000f,
0x00000528,0x00000527,0x00050094,0x00000008,0x0000052b,0x00000528,0x000004aa,0x00060041,
0x00000071,0x0000052d,0x0000006e,0x00000223,0x0000007e,0x0004003d,0x00000008,0x0000052e,
0x0000052d,0x0004006f,0x00000008,0x00000531,0x000010b9,0x0008000c,0x00000008,0x00000534,
0x00000001,0x00000032,0x00000531,0x00000532,0x0000052f,0x00050085,0x00000008,0x00000535,
0x0000052e,0x00000534,0x0004007f,0x00000008,0x0000126d,0x00000535,0x0008000c,0x00000008,
0x00000536,0x00000001,0x00000032,0x00000516,0x0000052b,0x0000126d,0x0003003e,0x0000053d,
0x0000053b,0x00050041,0x00000015,0x0000053e,0x0000053d,0x000010b9,0x0004003d,0x00000008,
0x0000053f,0x0000053e,0x00050085,0x00000008,0x00000540,0x000004f4,0x0000053f,0x00050085,
0x00000008,0x00000542,0x00000540,0x00000513,0x0006000c,0x00000008,0x00000544,0x00000001,
0x0000000d,0x00000536,0x0008000c,0x00000008,0x00000548,0x00000001,0x00000032,0x00000544,
0x00000542,0x000010c5,0x0003003e,0x0000054a,0x00000523,0x00050041,0x00000010,0x0000054b,
0x0000054a,0x000010b9,0x0004003d,0x0000000f,0x0000054c,0x0000054b,0x0006000c,0x00000008,
0x0000054e,0x00000001,0x0000000e,0x00000536,0x00050085,0x00000008,0x00000550,0x0000054e,
0x00000542,0x00050085,0x00000008,0x00000552,0x00000550,0x00000516,0x0005008e,0x0000000f,
0x00000553,0x0000054c,0x00000552,0x00050081,0x0000000f,0x00000555,0x00001100,0x00000553,
0x00050080,0x00000006,0x00000557,0x000010b9,0x000000c7,0x000200f9,0x000004fb,0x000200f8,
0x000004fd,0x00060041,0x00000071,0x00000559,0x0000006e,0x000004af,0x00000095,0x0004003d,
0x00000008,0x0000055a,0x00000559,0x00050081,0x00000008,0x0000055b,0x0000055a,0x00000074,
0x0004006e,0x00000006,0x0000055c,0x0000055b,0x0008000c,0x00000006,0x0000055e,0x00000001,
0x0000002d,0x0000055c,0x00000043,0x0000055d,0x000200f9,0x00000560,0x000200f8,0x00000560,
0x000700f5,0x0000000f,0x000010ff,0x00001100,0x000004fd,0x00001247,0x00000563,0x000700f5,
0x00000008,0x000010c4,0x000010c5,0x000004fd,0x00001242,0x00000563,0x000700f5,0x00000006,
0x000010ba,0x00000043,0x000004fd,0x000005e7,0x00000563,0x000500b1,0x00000044,0x00000567,
0x000010ba,0x0000055e,0x000400f6,0x00000562,0x00000563,0x00000000,0x000400fa,0x00000567,
0x00000561,0x00000562,0x000200f8,0x00000561,0x00060041,0x0000008d,0x0000056b,0x0000006e,
0x00000569,0x000010ba,0x0004003d,0x0000001d,0x0000056c,0x0000056b,0x00060041,0x0000008d,
0x00000570,0x0000006e,0x0000056e,0x000010ba,0x0004003d,0x0000001d,0x00000571,0x00000570,
0x00060041,0x00000071,0x00000573,0x0000006e,0x00000223,0x0000007e,0x0004003d,0x00000008,
0x00000574,0x00000573,0x00050051,0x00000008,0x00000576,0x0000056c,0x00000002,0x00050083,
0x00000008,0x00000577,0x00000574,0x00000576,0x00050051,0x00000008,0x00000579,0x0000056c,
0x00000003,0x000500b4,0x00000044,0x0000057a,0x00000579,0x00000053,0x000500b8,0x00000044,
0x0000057c,0x00000577,0x00000053,0x000500a6,0x00000044,0x0000057d,0x0000057a,0x0000057c,
0x000400a8,0x00000044,0x0000057e,0x0000057d,0x000300f7,0x00000580,0x00000000,0x000400fa,
0x0000057e,0x0000057f,0x00000580,0x000200f8,0x0000057f,0x00050051,0x00000008,0x00000583,
0x00000571,0x00000003,0x000500ba,0x00000044,0x00000584,0x00000577,0x00000583,0x000200f9,
0x00000580,0x000200f8,0x00000580,0x000700f5,0x00000044,0x00000585,0x0000057d,0x00000561,
0x00000584,0x0000057f,0x000300f7,0x00000587,0x00000000,0x000400fa,0x00000585,0x00000586,
0x00000587,0x000200f8,0x00000586,0x000200f9,0x00000563,0x000200f8,0x00000587,0x0007004f,
0x0000000f,0x0000058d,0x0000056c,0x0000056c,0x00000000,0x00000001,0x00050083,0x0000000f,
0x0000058e,0x000004aa,0x0000058d,0x0006000c,0x00000008,0x00000591,0x00000001,0x00000042,
0x0000058e,0x00050051,0x00000008,0x00000594,0x00000571,0x00000000,0x0007000c,0x00000008,
0x00000596,0x00000001,0x00000028,0x00000594,0x00000595,0x00050088,0x00000008,0x00000597,
0x00000395,0x00000596,0x00050051,0x00000008,0x0000059b,0x00000571,0x00000001,0x0004007f,
0x00000008,0x0000126b,0x0000059b,0x0008000c,0x00000008,0x0000059e,0x00000001,0x00000032,
0x0000126b,0x00000577,0x00000591,0x00050085,0x00000008,0x000005a4,0x00000594,0x000005a3,
0x0007000c,0x00000008,0x000005a5,0x00000001,0x00000028,0x000005a0,0x000005a4,0x00050085,
0x00000008,0x000005a9,0x0000059e,0x0000059e,0x0004007f,0x00000008,0x000005aa,0x000005a9,
0x00050085,0x00000008,0x000005ad,0x000005a5,0x000005a5,0x00050088,0x00000008,0x000005ae,
0x000005aa,0x000005ad,0x0006000c,0x00000008,0x000005af,0x00000001,0x0000001b,0x000005ae,
0x00050051,0x00000008,0x000005b2,0x00001035,0x00000002,0x00050085,0x00000008,0x000005b5,
0x000005b2,0x00000579,0x00050085,0x00000008,0x000005b7,0x000005b5,0x000005af,0x00050051,
0x00000008,0x000005b9,0x00000571,0x00000002,0x0004007f,0x00000008,0x000005ba,0x000005b9,
0x00050085,0x00000008,0x000005bc,0x000005ba,0x00000577,0x0006000c,0x00000008,0x000005bd,
0x00000001,0x0000001b,0x000005bc,0x00050085,0x00000008,0x000005be,0x000005b7,0x000005bd,
0x00050085,0x00000008,0x000005c2,0x00000597,0x0000059e,0x0006000c,0x00000008,0x000005c5,
0x00000001,0x0000000d,0x000005c2,0x0008000c,0x00000008,0x000005c8,0x00000001,0x00000032,
0x000005be,0x000005c5,0x000010c4,0x000500ba,0x00000044,0x000005ca,0x00000591,0x0000032a,
0x000300f7,0x000005cc,0x00000000,0x000400fa,0x000005ca,0x000005cb,0x000005cc,0x000200f8,
0x000005cb,0x0006000c,0x00000008,0x000005d1,0x00000001,0x0000000e,0x000005c2,0x00050085,
0x00000008,0x000005d4,0x000000ed,0x0000059e,0x00050088,0x00000008,0x000005d8,0x000005d4,
0x000005ad,0x00050085,0x00000008,0x000005db,0x000005d8,0x000005c5,0x0004007f,0x00000008,
0x0000126c,0x000005db,0x0008000c,0x00000008,0x000005dc,0x00000001,0x00000032,0x00000597,
0x000005d1,0x0000126c,0x00050085,0x00000008,0x000005dd,0x000005be,0x000005dc,0x00050050,
0x0000000f,0x000005e0,0x00000591,0x00000591,0x00050088,0x0000000f,0x000005e1,0x0000058e,
0x000005e0,0x0005008e,0x0000000f,0x000005e3,0x000005e1,0x000005dd,0x00050081,0x0000000f,
0x000005e5,0x000010ff,0x000005e3,0x000200f9,0x000005cc,0x000200f8,0x000005cc,0x000700f5,
0x0000000f,0x00001248,0x000010ff,0x00000587,0x000005e5,0x000005cb,0x000200f9,0x00000563,
0x000200f8,0x00000563,0x000700f5,0x0000000f,0x00001247,0x000010ff,0x00000586,0x00001248,
0x000005cc,0x000700f5,0x00000008,0x00001242,0x000010c4,0x00000586,0x000005c8,0x000005cc,
0x00050080,0x00000006,0x000005e7,0x000010ba,0x000000c7,0x000200f9,0x00000560,0x000200f8,
0x00000562,0x000300f7,0x00000b13,0x00000000,0x000300fb,0x00000095,0x00000aaf,0x000200f8,
0x00000aaf,0x00060041,0x00000071,0x00000ab0,0x0000006e,0x0000006f,0x00000070,0x0004003d,
0x00000008,0x00000ab1,0x00000ab0,0x00050081,0x00000008,0x00000ab2,0x00000ab1,0x00000074,
0x0004006e,0x00000006,0x00000ab3,0x00000ab2,0x000500b1,0x00000044,0x00000ab5,0x00000ab3,
0x00000078,0x000300f7,0x00000ab7,0x00000000,0x000400fa,0x00000ab5,0x00000ab6,0x00000ab7,
0x000200f8,0x00000ab6,0x000200f9,0x00000b13,0x000200f8,0x00000ab7,0x00060041,0x00000071,
0x00000ab8,0x0000006e,0x0000006f,0x0000007e,0x0004003d,0x00000008,0x00000ab9,0x00000ab8,
0x000500bc,0x00000044,0x00000abb,0x00000ab9,0x00000053,0x000300f7,0x00000abd,0x00000000,
0x000400fa,0x00000abb,0x00000abc,0x00000abd,0x000200f8,0x00000abc,0x000200f9,0x00000b13,
0x000200f8,0x00000abd,0x0004006f,0x00000008,0x00000ac0,0x00000ab3,0x00050088,0x00000008,
0x00000ac1,0x00000ab9,0x00000ac0,0x00050041,0x0000008d,0x00000ac3,0x0000006e,0x0000006f,
0x0004003d,0x0000001d,0x00000ac4,0x00000ac3,0x0007004f,0x0000000f,0x00000ac5,0x00000ac4,
0x00000ac4,0x00000000,0x00000001,0x00050083,0x0000000f,0x00000ac6,0x000004aa,0x00000ac5,
0x00050085,0x00000008,0x00000ac8,0x00000ab9,0x00000074,0x00050051,0x00000008,0x00000aca,
0x00000ac6,0x00000000,0x0006000c,0x00000008,0x00000acb,0x00000001,0x00000004,0x00000aca,
0x0004007f,0x00000008,0x0000125f,0x00000acb,0x0008000c,0x00000008,0x00000acc,0x00000001,
0x00000032,0x00000ab9,0x00000074,0x0000125f,0x00050051,0x00000008,0x00000ad0,0x00000ac6,
0x00000001,0x0006000c,0x00000008,0x00000ad1,0x00000001,0x00000004,0x00000ad0,0x0004007f,
0x00000008,0x00001260,0x00000ad1,0x0008000c,0x00000008,0x00000ad2,0x00000001,0x00000032,
0x00000ab9,0x00000074,0x00001260,0x0007000c,0x00000008,0x00000ad3,0x00000001,0x00000025,
0x00000acc,0x00000ad2,0x000500bc,0x00000044,0x00000ad5,0x00000ad3,0x00000053,0x000300f7,
0x00000ad7,0x00000000,0x000400fa,0x00000ad5,0x00000ad6,0x00000ad7,0x000200f8,0x00000ad6,
0x000200f9,0x00000b13,0x000200f8,0x00000ad7,0x00050050,0x0000000f,0x00000adb,0x00000ac8,
0x00000ac8,0x00050081,0x0000000f,0x00000adc,0x00000ac6,0x00000adb,0x00050050,0x0000000f,
0x00000ade,0x00000ac1,0x00000ac1,0x00050088,0x0000000f,0x00000adf,0x00000adc,0x00000ade,
0x00050083,0x0000000f,0x00000ae0,0x00000adf,0x000000b0,0x0006000c,0x0000000f,0x00000ae2,
0x00000001,0x00000008,0x00000ae0,0x0004006e,0x000000b2,0x00000ae3,0x00000ae2,0x0006000c,
0x0000000f,0x00000ae5,0x00000001,0x0000000a,0x00000ae0,0x00050051,0x00000006,0x00000ae7,
0x00000ae3,0x00000000,0x00050051,0x00000006,0x00000ae9,0x00000ae3,0x00000001,0x000300f7,
0x00000b30,0x00000000,0x000300fb,0x00000095,0x00000b19,0x000200f8,0x00000b19,0x000500b1,
0x00000044,0x00000b1b,0x00000ae7,0x00000043,0x000500b1,0x00000044,0x00000b1d,0x00000ae9,
0x00000043,0x000500a6,0x00000044,0x00000b1e,0x00000b1b,0x00000b1d,0x000500af,0x00000044,
0x00000b21,0x00000ae7,0x00000ab3,0x000500a6,0x00000044,0x00000b22,0x00000b1e,0x00000b21,
0x000500af,0x00000044,0x00000b25,0x00000ae9,0x00000ab3,0x000500a6,0x00000044,0x00000b26,
0x00000b22,0x00000b25,0x000300f7,0x00000b28,0x00000000,0x000400fa,0x00000b26,0x00000b27,
0x00000b28,0x000200f8,0x00000b27,0x000200f9,0x00000b30,0x000200f8,0x00000b28,0x00050084,
0x00000006,0x00000b2b,0x00000ae9,0x00000ab3,0x00050080,0x00000006,0x00000b2d,0x00000b2b,
0x00000ae7,0x00060041,0x0000005e,0x00000b2e,0x00000058,0x00000043,0x00000b2d,0x0004003d,
0x00000008,0x00000b2f,0x00000b2e,0x000200f9,0x00000b30,0x000200f8,0x00000b30,0x000700f5,
0x00000008,0x000010be,0x00000053,0x00000b27,0x00000b2f,0x00000b28,0x00050080,0x00000006,
0x00000aee,0x00000ae7,0x000000c7,0x000300f7,0x00000b4d,0x00000000,0x000300fb,0x00000095,
0x00000b36,0x000200f8,0x00000b36,0x000500b1,0x00000044,0x00000b38,0x00000aee,0x00000043,
0x000500a6,0x00000044,0x00000b3b,0x00000b38,0x00000b1d,0x000500af,0x00000044,0x00000b3e,
0x00000aee,0x00000ab3,0x000500a6,0x00000044,0x00000b3f,0x00000b3b,0x00000b3e,0x000500a6,
0x00000044,0x00000b43,0x00000b3f,0x00000b25,0x000300f7,0x00000b45,0x00000000,0x000400fa,
0x00000b43,0x00000b44,0x00000b45,0x000200f8,0x00000b44,0x000200f9,0x00000b4d,0x000200f8,
0x00000b45,0x00050084,0x00000006,0x00000b48,0x00000ae9,0x00000ab3,0x00050080,0x00000006,
0x00000b4a,0x00000b48,0x00000aee,0x00060041,0x0000005e,0x00000b4b,0x00000058,0x00000043,
0x00000b4a,0x0004003d,0x00000008,0x00000b4c,0x00000b4b,0x000200f9,0x00000b4d,0x000200f8,
0x00000b4d,0x000700f5,0x00000008,0x000010bf,0x00000053,0x00000b44,0x00000b4c,0x00000b45,
0x00050051,0x00000008,0x00000af4,0x00000ae5,0x00000000,0x0008000c,0x00000008,0x00000af5,
0x00000001,0x0000002e,0x000010be,0x000010bf,0x00000af4,0x00050080,0x00000006,0x00000af8,
0x00000ae9,0x000000c7,0x000300f7,0x00000b6a,0x00000000,0x000300fb,0x00000095,0x00000b53,
0x000200f8,0x00000b53,0x000500b1,0x00000044,0x00000b57,0x00000af8,0x00000043,0x000500a6,
0x00000044,0x00000b58,0x00000b1b,0x00000b57,0x000500a6,0x00000044,0x00000b5c,0x00000b58,
0x00000b21,0x000500af,0x00000044,0x00000b5f,0x00000af8,0x00000ab3,0x000500a6,0x00000044,
0x00000b60,0x00000b5c,0x00000b5f,0x000300f7,0x00000b62,0x00000000,0x000400fa,0x00000b60,
0x00000b61,0x00000b62,0x000200f8,0x00000b61,0x000200f9,0x00000b6a,0x000200f8,0x00000b62,
0x00050084,0x00000006,0x00000b65,0x00000af8,0x00000ab3,0x00050080,0x00000006,0x00000b67,
0x00000b65,0x00000ae7,0x00060041,0x0000005e,0x00000b68,0x00000058,0x00000043,0x00000b67,
0x0004003d,0x00000008,0x00000b69,0x00000b68,0x000200f9,0x00000b6a,0x000200f8,0x00000b6a,
0x000700f5,0x00000008,0x000010c0,0x00000053,0x00000b61,0x00000b69,0x00000b62,0x000300f7,
0x00000b87,0x00000000,0x000300fb,0x00000095,0x00000b70,0x000200f8,0x00000b70,0x000500a6,
0x00000044,0x00000b75,0x00000b38,0x00000b57,0x000500a6,0x00000044,0x00000b79,0x00000b75,
0x00000b3e,0x000500a6,0x00000044,0x00000b7d,0x00000b79,0x00000b5f,0x000300f7,0x00000b7f,
0x00000000,0x000400fa,0x00000b7d,0x00000b7e,0x00000b7f,0x000200f8,0x00000b7e,0x000200f9,
0x00000b87,0x000200f8,0x00000b7f,0x00050084,0x00000006,0x00000b82,0x00000af8,0x00000ab3,
0x00050080,0x00000006,0x00000b84,0x00000b82,0x00000aee,0x00060041,0x0000005e,0x00000b85,
0x00000058,0x00000043,0x00000b84,0x0004003d,0x00000008,0x00000b86,0x00000b85,0x000200f9,
0x00000b87,0x000200f8,0x00000b87,0x000700f5,0x00000008,0x000010c1,0x00000053,0x00000b7e,
0x00000b86,0x00000b7f,0x0008000c,0x00000008,0x00000b07,0x00000001,0x0000002e,0x000010c0,
0x000010c1,0x00000af4,0x00050085,0x00000008,0x00000b09,0x000000ed,0x00000ac1,0x0008000c,
0x00000008,0x00000b0b,0x00000001,0x00000031,0x00000053,0x00000b09,0x00000ad3,0x00050051,
0x00000008,0x00000b0f,0x00000ae5,0x00000001,0x0008000c,0x00000008,0x00000b10,0x00000001,
0x0000002e,0x00000af5,0x00000b07,0x00000b0f,0x00050085,0x00000008,0x00000b12,0x00000b10,
0x00000b0b,0x000200f9,0x00000b13,0x000200f8,0x00000b13,0x000b00f5,0x00000008,0x000010c2,
0x00000053,0x00000ab6,0x00000053,0x00000abc,0x00000053,0x00000ad6,0x00000b12,0x00000b87,
0x000500b7,0x00000044,0x000005ee,0x000010c2,0x00000053,0x000300f7,0x000005f0,0x00000000,
0x000400fa,0x000005ee,0x000005ef,0x000005f0,0x000200f8,0x000005ef,0x00050051,0x00000008,
0x000005f3,0x00001035,0x00000002,0x0008000c,0x00000008,0x000005f6,0x00000001,0x00000032,
0x000010c2,0x000005f3,0x000010c4,0x0007000c,0x00000008,0x000005f9,0x00000001,0x00000028,
0x0000104c,0x000005f8,0x0007000c,0x00000008,0x00000b91,0x00000001,0x00000028,0x000005f9,
0x000000fd,0x00050088,0x00000008,0x00000b92,0x00000074,0x00000b91,0x00050050,0x0000000f,
0x00000b95,0x000005f9,0x00000053,0x00050081,0x0000000f,0x00000b96,0x000004aa,0x00000b95,
0x000300f7,0x00000c2b,0x00000000,0x000300fb,0x00000095,0x00000bc7,0x000200f8,0x00000bc7,
0x000300f7,0x00000bcf,0x00000000,0x000400fa,0x00000ab5,0x00000bce,0x00000bcf,0x000200f8,
0x00000bce,0x000200f9,0x00000c2b,0x000200f8,0x00000bcf,0x00060041,0x00000071,0x00000bd0,
0x0000006e,0x0000006f,0x0000007e,0x0004003d,0x00000008,0x00000bd1,0x00000bd0,0x000500bc,
0x00000044,0x00000bd3,0x00000bd1,0x00000053,0x000300f7,0x00000bd5,0x00000000,0x000400fa,
0x00000bd3,0x00000bd4,0x00000bd5,0x000200f8,0x00000bd4,0x000200f9,0x00000c2b,0x000200f8,
0x00000bd5,0x0004006f,0x00000008,0x00000bd8,0x00000ab3,0x00050088,0x00000008,0x00000bd9,
0x00000bd1,0x00000bd8,0x00050041,0x0000008d,0x00000bdb,0x0000006e,0x0000006f,0x0004003d,
0x0000001d,0x00000bdc,0x00000bdb,0x0007004f,0x0000000f,0x00000bdd,0x00000bdc,0x00000bdc,
0x00000000,0x00000001,0x00050083,0x0000000f,0x00000bde,0x00000b96,0x00000bdd,0x00050085,
0x00000008,0x00000be0,0x00000bd1,0x00000074,0x00050051,0x00000008,0x00000be2,0x00000bde,
0x00000000,0x0006000c,0x00000008,0x00000be3,0x00000001,0x00000004,0x00000be2,0x0004007f,
0x00000008,0x00001261,0x00000be3,0x0008000c,0x00000008,0x00000be4,0x00000001,0x00000032,
0x00000bd1,0x00000074,0x00001261,0x00050051,0x00000008,0x00000be8,0x00000bde,0x00000001,
0x0006000c,0x00000008,0x00000be9,0x00000001,0x00000004,0x00000be8,0x0004007f,0x00000008,
0x00001262,0x00000be9,0x0008000c,0x00000008,0x00000bea,0x00000001,0x00000032,0x00000bd1,
0x00000074,0x00001262,0x0007000c,0x00000008,0x00000beb,0x00000001,0x00000025,0x00000be4,
0x00000bea,0x000500bc,0x00000044,0x00000bed,0x00000beb,0x00000053,0x000300f7,0x00000bef,
0x00000000,0x000400fa,0x00000bed,0x00000bee,0x00000bef,0x000200f8,0x00000bee,0x000200f9,
0x00000c2b,0x000200f8,0x00000bef,0x00050050,0x0000000f,0x00000bf3,0x00000be0,0x00000be0,
0x00050081,0x0000000f,0x00000bf4,0x00000bde,0x00000bf3,0x00050050,0x0000000f,0x00000bf6,
0x00000bd9,0x00000bd9,0x00050088,0x0000000f,0x00000bf7,0x00000bf4,0x00000bf6,0x00050083,
0x0000000f,0x00000bf8,0x00000bf7,0x000000b0,0x0006000c,0x0000000f,0x00000bfa,0x00000001,
0x00000008,0x00000bf8,0x0004006e,0x000000b2,0x00000bfb,0x00000bfa,0x0006000c,0x0000000f,
0x00000bfd,0x00000001,0x0000000a,0x00000bf8,0x00050051,0x00000006,0x00000bff,0x00000bfb,
0x00000000,0x00050051,0x00000006,0x00000c01,0x00000bfb,0x00000001,0x000300f7,0x00000c48,
0x00000000,0x000300fb,0x00000095,0x00000c31,0x000200f8,0x00000c31,0x000500b1,0x00000044,
0x00000c33,0x00000bff,0x00000043,0x000500b1,0x00000044,0x00000c35,0x00000c01,0x00000043,
0x000500a6,0x00000044,0x00000c36,0x00000c33,0x00000c35,0x000500af,0x00000044,0x00000c39,
0x00000bff,0x00000ab3,0x000500a6,0x00000044,0x00000c3a,0x00000c36,0x00000c39,0x000500af,
0x00000044,0x00000c3d,0x00000c01,0x00000ab3,0x000500a6,0x00000044,0x00000c3e,0x00000c3a,
0x00000c3d,0x000300f7,0x00000c40,0x00000000,0x000400fa,0x00000c3e,0x00000c3f,0x00000c40,
0x000200f8,0x00000c3f,0x000200f9,0x00000c48,0x000200f8,0x00000c40,0x00050084,0x00000006,
0x00000c43,0x00000c01,0x00000ab3,0x00050080,0x00000006,0x00000c45,0x00000c43,0x00000bff,
0x00060041,0x0000005e,0x00000c46,0x00000058,0x00000043,0x00000c45,0x0004003d,0x00000008,
0x00000c47,0x00000c46,0x000200f9,0x00000c48,0x000200f8,0x00000c48,0x000700f5,0x00000008,
0x000010e6,0x00000053,0x00000c3f,0x00000c47,0x00000c40,0x00050080,0x00000006,0x00000c06,
0x00000bff,0x000000c7,0x000300f7,0x00000c65,0x00000000,0x000300fb,0x00000095,0x00000c4e,
0x000200f8,0x00000c4e,0x000500b1,0x00000044,0x00000c50,0x00000c06,0x00000043,0x000500a6,
0x00000044,0x00000c53,0x00000c50,0x00000c35,0x000500af,0x00000044,0x00000c56,0x00000c06,
0x00000ab3,0x000500a6,0x00000044,0x00000c57,0x00000c53,0x00000c56,0x000500a6,0x00000044,
0x00000c5b,0x00000c57,0x00000c3d,0x000300f7,0x00000c5d,0x00000000,0x000400fa,0x00000c5b,
0x00000c5c,0x00000c5d,0x000200f8,0x00000c5c,0x000200f9,0x00000c65,0x000200f8,0x00000c5d,
0x00050084,0x00000006,0x00000c60,0x00000c01,0x00000ab3,0x00050080,0x00000006,0x00000c62,
0x00000c60,0x00000c06,0x00060041,0x0000005e,0x00000c63,0x00000058,0x00000043,0x00000c62,
0x0004003d,0x00000008,0x00000c64,0x00000c63,0x000200f9,0x00000c65,0x000200f8,0x00000c65,
0x000700f5,0x00000008,0x000010e7,0x00000053,0x00000c5c,0x00000c64,0x00000c5d,0x00050051,
0x00000008,0x00000c0c,0x00000bfd,0x00000000,0x0008000c,0x00000008,0x00000c0d,0x00000001,
0x0000002e,0x000010e6,0x000010e7,0x00000c0c,0x00050080,0x00000006,0x00000c10,0x00000c01,
0x000000c7,0x000300f7,0x00000c82,0x00000000,0x000300fb,0x00000095,0x00000c6b,0x000200f8,
0x00000c6b,0x000500b1,0x00000044,0x00000c6f,0x00000c10,0x00000043,0x000500a6,0x00000044,
0x00000c70,0x00000c33,0x00000c6f,0x000500a6,0x00000044,0x00000c74,0x00000c70,0x00000c39,
0x000500af,0x00000044,0x00000c77,0x00000c10,0x00000ab3,0x000500a6,0x00000044,0x00000c78,
0x00000c74,0x00000c77,0x000300f7,0x00000c7a,0x00000000,0x000400fa,0x00000c78,0x00000c79,
0x00000c7a,0x000200f8,0x00000c79,0x000200f9,0x00000c82,0x000200f8,0x00000c7a,0x00050084,
0x00000006,0x00000c7d,0x00000c10,0x00000ab3,0x00050080,0x00000006,0x00000c7f,0x00000c7d,
0x00000bff,0x00060041,0x0000005e,0x00000c80,0x00000058,0x00000043,0x00000c7f,0x0004003d,
0x00000008,0x00000c81,0x00000c80,0x000200f9,0x00000c82,0x000200f8,0x00000c82,0x000700f5,
0x00000008,0x000010e8,0x00000053,0x00000c79,0x00000c81,0x00000c7a,0x000300f7,0x00000c9f,
0x00000000,0x000300fb,0x00000095,0x00000c88,0x000200f8,0x00000c88,0x000500a6,0x00000044,
0x00000c8d,0x00000c50,0x00000c6f,0x000500a6,0x00000044,0x00000c91,0x00000c8d,0x00000c56,
0x000500a6,0x00000044,0x00000c95,0x00000c91,0x00000c77,0x000300f7,0x00000c97,0x00000000,
0x000400fa,0x00000c95,0x00000c96,0x00000c97,0x000200f8,0x00000c96,0x000200f9,0x00000c9f,
0x000200f8,0x00000c97,0x00050084,0x00000006,0x00000c9a,0x00000c10,0x00000ab3,0x00050080,
0x00000006,0x00000c9c,0x00000c9a,0x00000c06,0x00060041,0x0000005e,0x00000c9d,0x00000058,
0x00000043,0x00000c9c,0x0004003d,0x00000008,0x00000c9e,0x00000c9d,0x000200f9,0x00000c9f,
0x000200f8,0x00000c9f,0x000700f5,0x00000008,0x000010e9,0x00000053,0x00000c96,0x00000c9e,
0x00000c97,0x0008000c,0x00000008,0x00000c1f,0x00000001,0x0000002e,0x000010e8,0x000010e9,
0x00000c0c,0x00050085,0x00000008,0x00000c21,0x000000ed,0x00000bd9,0x0008000c,0x00000008,
0x00000c23,0x00000001,0x00000031,0x00000053,0x00000c21,0x00000beb,0x00050051,0x00000008,
0x00000c27,0x00000bfd,0x00000001,0x0008000c,0x00000008,0x00000c28,0x00000001,0x0000002e,
0x00000c0d,0x00000c1f,0x00000c27,0x00050085,0x00000008,0x00000c2a,0x00000c28,0x00000c23,
0x000200f9,0x00000c2b,0x000200f8,0x00000c2b,0x000b00f5,0x00000008,0x000010ea,0x00000053,
0x00000bce,0x00000053,0x00000bd4,0x00000053,0x00000bee,0x00000c2a,0x00000c9f,0x00050083,
0x0000000f,0x00000b9b,0x000004aa,0x00000b95,0x000300f7,0x00000d20,0x00000000,0x000300fb,
0x00000095,0x00000cbc,0x000200f8,0x00000cbc,0x000300f7,0x00000cc4,0x00000000,0x000400fa,
0x00000ab5,0x00000cc3,0x00000cc4,0x000200f8,0x00000cc3,0x000200f9,0x00000d20,0x000200f8,
0x00000cc4,0x00060041,0x00000071,0x00000cc5,0x0000006e,0x0000006f,0x0000007e,0x0004003d,
0x00000008,0x00000cc6,0x00000cc5,0x000500bc,0x00000044,0x00000cc8,0x00000cc6,0x00000053,
0x000300f7,0x00000cca,0x00000000,0x000400fa,0x00000cc8,0x00000cc9,0x00000cca,0x000200f8,
0x00000cc9,0x000200f9,0x00000d20,0x000200f8,0x00000cca,0x0004006f,0x00000008,0x00000ccd,
0x00000ab3,0x00050088,0x00000008,0x00000cce,0x00000cc6,0x00000ccd,0x00050041,0x0000008d,
0x00000cd0,0x0000006e,0x0000006f,0x0004003d,0x0000001d,0x00000cd1,0x00000cd0,0x0007004f,
0x0000000f,0x00000cd2,0x00000cd1,0x00000cd1,0x00000000,0x00000001,0x00050083,0x0000000f,
0x00000cd3,0x00000b9b,0x00000cd2,0x00050085,0x00000008,0x00000cd5,0x00000cc6,0x00000074,
0x00050051,0x00000008,0x00000cd7,0x00000cd3,0x00000000,0x0006000c,0x00000008,0x00000cd8,
0x00000001,0x00000004,0x00000cd7,0x0004007f,0x00000008,0x00001263,0x00000cd8,0x0008000c,
0x00000008,0x00000cd9,0x00000001,0x00000032,0x00000cc6,0x00000074,0x00001263,0x00050051,
0x00000008,0x00000cdd,0x00000cd3,0x00000001,0x0006000c,0x00000008,0x00000cde,0x00000001,
0x00000004,0x00000cdd,0x0004007f,0x00000008,0x00001264,0x00000cde,0x0008000c,0x00000008,
0x00000cdf,0x00000001,0x00000032,0x00000cc6,0x00000074,0x00001264,0x0007000c,0x00000008,
0x00000ce0,0x00000001,0x00000025,0x00000cd9,0x00000cdf,0x000500bc,0x00000044,0x00000ce2,
0x00000ce0,0x00000053,0x000300f7,0x00000ce4,0x00000000,0x000400fa,0x00000ce2,0x00000ce3,
0x00000ce4,0x000200f8,0x00000ce3,0x000200f9,0x00000d20,0x000200f8,0x00000ce4,0x00050050,
0x0000000f,0x00000ce8,0x00000cd5,0x00000cd5,0x00050081,0x0000000f,0x00000ce9,0x00000cd3,
0x00000ce8,0x00050050,0x0000000f,0x00000ceb,0x00000cce,0x00000cce,0x00050088,0x0000000f,
0x00000cec,0x00000ce9,0x00000ceb,0x00050083,0x0000000f,0x00000ced,0x00000cec,0x000000b0,
0x0006000c,0x0000000f,0x00000cef,0x00000001,0x00000008,0x00000ced,0x0004006e,0x000000b2,
0x00000cf0,0x00000cef,0x0006000c,0x0000000f,0x00000cf2,0x00000001,0x0000000a,0x00000ced,
0x00050051,0x00000006,0x00000cf4,0x00000cf0,0x00000000,0x00050051,0x00000006,0x00000cf6,
0x00000cf0,0x00000001,0x000300f7,0x00000d3d,0x00000000,0x000300fb,0x00000095,0x00000d26,
0x000200f8,0x00000d26,0x000500b1,0x00000044,0x00000d28,0x00000cf4,0x00000043,0x000500b1,
0x00000044,0x00000d2a,0x00000cf6,0x00000043,0x000500a6,0x00000044,0x00000d2b,0x00000d28,
0x00000d2a,0x000500af,0x00000044,0x00000d2e,0x00000cf4,0x00000ab3,0x000500a6,0x00000044,
0x00000d2f,0x00000d2b,0x00000d2e,0x000500af,0x00000044,0x00000d32,0x00000cf6,0x00000ab3,
0x000500a6,0x00000044,0x00000d33,0x00000d2f,0x00000d32,0x000300f7,0x00000d35,0x00000000,
0x000400fa,0x00000d33,0x00000d34,0x00000d35,0x000200f8,0x00000d34,0x000200f9,0x00000d3d,
0x000200f8,0x00000d35,0x00050084,0x00000006,0x00000d38,0x00000cf6,0x00000ab3,0x00050080,
0x00000006,0x00000d3a,0x00000d38,0x00000cf4,0x00060041,0x0000005e,0x00000d3b,0x00000058,
0x00000043,0x00000d3a,0x0004003d,0x00000008,0x00000d3c,0x00000d3b,0x000200f9,0x00000d3d,
0x000200f8,0x00000d3d,0x000700f5,0x00000008,0x000010eb,0x00000053,0x00000d34,0x00000d3c,
0x00000d35,0x00050080,0x00000006,0x00000cfb,0x00000cf4,0x000000c7,0x000300f7,0x00000d5a,
0x00000000,0x000300fb,0x00000095,0x00000d43,0x000200f8,0x00000d43,0x000500b1,0x00000044,
0x00000d45,0x00000cfb,0x00000043,0x000500a6,0x00000044,0x00000d48,0x00000d45,0x00000d2a,
0x000500af,0x00000044,0x00000d4b,0x00000cfb,0x00000ab3,0x000500a6,0x00000044,0x00000d4c,
0x00000d48,0x00000d4b,0x000500a6,0x00000044,0x00000d50,0x00000d4c,0x00000d32,0x000300f7,
0x00000d52,0x00000000,0x000400fa,0x00000d50,0x00000d51,0x00000d52,0x000200f8,0x00000d51,
0x000200f9,0x00000d5a,0x000200f8,0x00000d52,0x00050084,0x00000006,0x00000d55,0x00000cf6,
0x00000ab3,0x00050080,0x00000006,0x00000d57,0x00000d55,0x00000cfb,0x00060041,0x0000005e,
0x00000d58,0x00000058,0x00000043,0x00000d57,0x0004003d,0x00000008,0x00000d59,0x00000d58,
0x000200f9,0x00000d5a,0x000200f8,0x00000d5a,0x000700f5,0x00000008,0x000010ec,0x00000053,
0x00000d51,0x00000d59,0x00000d52,0x00050051,0x00000008,0x00000d01,0x00000cf2,0x00000000,
0x0008000c,0x00000008,0x00000d02,0x00000001,0x0000002e,0x000010eb,0x000010ec,0x00000d01,
0x00050080,0x00000006,0x00000d05,0x00000cf6,0x000000c7,0x000300f7,0x00000d77,0x00000000,
0x000300fb,0x00000095,0x00000d60,0x000200f8,0x00000d60,0x000500b1,0x00000044,0x00000d64,
0x00000d05,0x00000043,0x000500a6,0x00000044,0x00000d65,0x00000d28,0x00000d64,0x000500a6,
0x00000044,0x00000d69,0x00000d65,0x00000d2e,0x000500af,0x00000044,0x00000d6c,0x00000d05,
0x00000ab3,0x000500a6,0x00000044,0x00000d6d,0x00000d69,0x00000d6c,0x000300f7,0x00000d6f,
0x00000000,0x000400fa,0x00000d6d,0x00000d6e,0x00000d6f,0x000200f8,0x00000d6e,0x000200f9,
0x00000d77,0x000200f8,0x00000d6f,0x00050084,0x00000006,0x00000d72,0x00000d05,0x00000ab3,
0x00050080,0x00000006,0x00000d74,0x00000d72,0x00000cf4,0x00060041,0x0000005e,0x00000d75,
0x00000058,0x00000043,0x00000d74,0x0004003d,0x00000008,0x00000d76,0x00000d75,0x000200f9,
0x00000d77,0x000200f8,0x00000d77,0x000700f5,0x00000008,0x000010ed,0x00000053,0x00000d6e,
0x00000d76,0x00000d6f,0x000300f7,0x00000d94,0x00000000,0x000300fb,0x00000095,0x00000d7d,
0x000200f8,0x00000d7d,0x000500a6,0x00000044,0x00000d82,0x00000d45,0x00000d64,0x000500a6,
0x00000044,0x00000d86,0x00000d82,0x00000d4b,0x000500a6,0x00000044,0x00000d8a,0x00000d86,
0x00000d6c,0x000300f7,0x00000d8c,0x00000000,0x000400fa,0x00000d8a,0x00000d8b,0x00000d8c,
0x000200f8,0x00000d8b,0x000200f9,0x00000d94,0x000200f8,0x00000d8c,0x00050084,0x00000006,
0x00000d8f,0x00000d05,0x00000ab3,0x00050080,0x00000006,0x00000d91,0x00000d8f,0x00000cfb,
0x00060041,0x0000005e,0x00000d92,0x00000058,0x00000043,0x00000d91,0x0004003d,0x00000008,
0x00000d93,0x00000d92,0x000200f9,0x00000d94,0x000200f8,0x00000d94,0x000700f5,0x00000008,
0x000010ee,0x00000053,0x00000d8b,0x00000d93,0x00000d8c,0x0008000c,0x00000008,0x00000d14,
0x00000001,0x0000002e,0x000010ed,0x000010ee,0x00000d01,0x00050085,0x00000008,0x00000d16,
0x000000ed,0x00000cce,0x0008000c,0x00000008,0x00000d18,0x00000001,0x00000031,0x00000053,
0x00000d16,0x00000ce0,0x00050051,0x00000008,0x00000d1c,0x00000cf2,0x00000001,0x0008000c,
0x00000008,0x00000d1d,0x00000001,0x0000002e,0x00000d02,0x00000d14,0x00000d1c,0x00050085,
0x00000008,0x00000d1f,0x00000d1d,0x00000d18,0x000200f9,0x00000d20,0x000200f8,0x00000d20,
0x000b00f5,0x00000008,0x000010ef,0x00000053,0x00000cc3,0x00000053,0x00000cc9,0x00000053,
0x00000ce3,0x00000d1f,0x00000d94,0x00050083,0x00000008,0x00000b9d,0x000010ea,0x000010ef,
0x00050050,0x0000000f,0x00000ba0,0x00000053,0x000005f9,0x00050081,0x0000000f,0x00000ba1,
0x000004aa,0x00000ba0,0x000300f7,0x00000e15,0x00000000,0x000300fb,0x00000095,0x00000db1,
0x000200f8,0x00000db1,0x000300f7,0x00000db9,0x00000000,0x000400fa,0x00000ab5,0x00000db8,
0x00000db9,0x000200f8,0x00000db8,0x000200f9,0x00000e15,0x000200f8,0x00000db9,0x00060041,
0x00000071,0x00000dba,0x0000006e,0x0000006f,0x0000007e,0x0004003d,0x00000008,0x00000dbb,
0x00000dba,0x000500bc,0x00000044,0x00000dbd,0x00000dbb,0x00000053,0x000300f7,0x00000dbf,
0x00000000,0x000400fa,0x00000dbd,0x00000dbe,0x00000dbf,0x000200f8,0x00000dbe,0x000200f9,
0x00000e15,0x000200f8,0x00000dbf,0x0004006f,0x00000008,0x00000dc2,0x00000ab3,0x00050088,
0x00000008,0x00000dc3,0x00000dbb,0x00000dc2,0x00050041,0x0000008d,0x00000dc5,0x0000006e,
0x0000006f,0x0004003d,0x0000001d,0x00000dc6,0x00000dc5,0x0007004f,0x0000000f,0x00000dc7,
0x00000dc6,0x00000dc6,0x00000000,0x00000001,0x00050083,0x0000000f,0x00000dc8,0x00000ba1,
0x00000dc7,0x00050085,0x00000008,0x00000dca,0x00000dbb,0x00000074,0x00050051,0x00000008,
0x00000dcc,0x00000dc8,0x00000000,0x0006000c,0x00000008,0x00000dcd,0x00000001,0x00000004,
0x00000dcc,0x0004007f,0x00000008,0x00001265,0x00000dcd,0x0008000c,0x00000008,0x00000dce,
0x00000001,0x00000032,0x00000dbb,0x00000074,0x00001265,0x00050051,0x00000008,0x00000dd2,
0x00000dc8,0x00000001,0x0006000c,0x00000008,0x00000dd3,0x00000001,0x00000004,0x00000dd2,
0x0004007f,0x00000008,0x00001266,0x00000dd3,0x0008000c,0x00000008,0x00000dd4,0x00000001,
0x00000032,0x00000dbb,0x00000074,0x00001266,0x0007000c,0x00000008,0x00000dd5,0x00000001,
0x00000025,0x00000dce,0x00000dd4,0x000500bc,0x00000044,0x00000dd7,0x00000dd5,0x00000053,
0x000300f7,0x00000dd9,0x00000000,0x000400fa,0x00000dd7,0x00000dd8,0x00000dd9,0x000200f8,
0x00000dd8,0x000200f9,0x00000e15,0x000200f8,0x00000dd9,0x00050050,0x0000000f,0x00000ddd,
0x00000dca,0x00000dca,0x00050081,0x0000000f,0x00000dde,0x00000dc8,0x00000ddd,0x00050050,
0x0000000f,0x00000de0,0x00000dc3,0x00000dc3,0x00050088,0x0000000f,0x00000de1,0x00000dde,
0x00000de0,0x00050083,0x0000000f,0x00000de2,0x00000de1,0x000000b0,0x0006000c,0x0000000f,
0x00000de4,0x00000001,0x00000008,0x00000de2,0x0004006e,0x000000b2,0x00000de5,0x00000de4,
0x0006000c,0x0000000f,0x00000de7,0x00000001,0x0000000a,0x00000de2,0x00050051,0x00000006,
0x00000de9,0x00000de5,0x00000000,0x00050051,0x00000006,0x00000deb,0x00000de5,0x00000001,
0x000300f7,0x00000e32,0x00000000,0x000300fb,0x00000095,0x00000e1b,0x000200f8,0x00000e1b,
0x000500b1,0x00000044,0x00000e1d,0x00000de9,0x00000043,0x000500b1,0x00000044,0x00000e1f,
0x00000deb,0x00000043,0x000500a6,0x00000044,0x00000e20,0x00000e1d,0x00000e1f,0x000500af,
0x00000044,0x00000e23,0x00000de9,0x00000ab3,0x000500a6,0x00000044,0x00000e24,0x00000e20,
0x00000e23,0x000500af,0x00000044,0x00000e27,0x00000deb,0x00000ab3,0x000500a6,0x00000044,
0x00000e28,0x00000e24,0x00000e27,0x000300f7,0x00000e2a,0x00000000,0x000400fa,0x00000e28,
0x00000e29,0x00000e2a,0x000200f8,0x00000e29,0x000200f9,0x00000e32,0x000200f8,0x00000e2a,
0x00050084,0x00000006,0x00000e2d,0x00000deb,0x00000ab3,0x00050080,0x00000006,0x00000e2f,
0x00000e2d,0x00000de9,0x00060041,0x0000005e,0x00000e30,0x00000058,0x00000043,0x00000e2f,
0x0004003d,0x00000008,0x00000e31,0x00000e30,0x000200f9,0x00000e32,0x000200f8,0x00000e32,
0x000700f5,0x00000008,0x000010f0,0x00000053,0x00000e29,0x00000e31,0x00000e2a,0x00050080,
0x00000006,0x00000df0,0x00000de9,0x000000c7,0x000300f7,0x00000e4f,0x00000000,0x000300fb,
0x00000095,0x00000e38,0x000200f8,0x00000e38,0x000500b1,0x00000044,0x00000e3a,0x00000df0,
0x00000043,0x000500a6,0x00000044,0x00000e3d,0x00000e3a,0x00000e1f,0x000500af,0x00000044,
0x00000e40,0x00000df0,0x00000ab3,0x000500a6,0x00000044,0x00000e41,0x00000e3d,0x00000e40,
0x000500a6,0x00000044,0x00000e45,0x00000e41,0x00000e27,0x000300f7,0x00000e47,0x00000000,
0x000400fa,0x00000e45,0x00000e46,0x00000e47,0x000200f8,0x00000e46,0x000200f9,0x00000e4f,
0x000200f8,0x00000e47,0x00050084,0x00000006,0x00000e4a,0x00000deb,0x00000ab3,0x00050080,
0x00000006,0x00000e4c,0x00000e4a,0x00000df0,0x00060041,0x0000005e,0x00000e4d,0x00000058,
0x00000043,0x00000e4c,0x0004003d,0x00000008,0x00000e4e,0x00000e4d,0x000200f9,0x00000e4f,
0x000200f8,0x00000e4f,0x000700f5,0x00000008,0x000010f1,0x00000053,0x00000e46,0x00000e4e,
0x00000e47,0x00050051,0x00000008,0x00000df6,0x00000de7,0x00000000,0x0008000c,0x00000008,
0x00000df7,0x00000001,0x0000002e,0x000010f0,0x000010f1,0x00000df6,0x00050080,0x00000006,
0x00000dfa,0x00000deb,0x000000c7,0x000300f7,0x00000e6c,0x00000000,0x000300fb,0x00000095,
0x00000e55,0x000200f8,0x00000e55,0x000500b1,0x00000044,0x00000e59,0x00000dfa,0x00000043,
0x000500a6,0x00000044,0x00000e5a,0x00000e1d,0x00000e59,0x000500a6,0x00000044,0x00000e5e,
0x00000e5a,0x00000e23,0x000500af,0x00000044,0x00000e61,0x00000dfa,0x00000ab3,0x000500a6,
0x00000044,0x00000e62,0x00000e5e,0x00000e61,0x000300f7,0x00000e64,0x00000000,0x000400fa,
0x00000e62,0x00000e63,0x00000e64,0x000200f8,0x00000e63,0x000200f9,0x00000e6c,0x000200f8,
0x00000e64,0x00050084,0x00000006,0x00000e67,0x00000dfa,0x00000ab3,0x00050080,0x00000006,
0x00000e69,0x00000e67,0x00000de9,0x00060041,0x0000005e,0x00000e6a,0x00000058,0x00000043,
0x00000e69,0x0004003d,0x00000008,0x00000e6b,0x00000e6a,0x000200f9,0x00000e6c,0x000200f8,
0x00000e6c,0x000700f5,0x00000008,0x000010f2,0x00000053,0x00000e63,0x00000e6b,0x00000e64,
0x000300f7,0x00000e89,0x00000000,0x000300fb,0x00000095,0x00000e72,0x000200f8,0x00000e72,
0x000500a6,0x00000044,0x00000e77,0x00000e3a,0x00000e59,0x000500a6,0x00000044,0x00000e7b,
0x00000e77,0x00000e40,0x000500a6,0x00000044,0x00000e7f,0x00000e7b,0x00000e61,0x000300f7,
0x00000e81,0x00000000,0x000400fa,0x00000e7f,0x00000e80,0x00000e81,0x000200f8,0x00000e80,
0x000200f9,0x00000e89,0x000200f8,0x00000e81,0x00050084,0x00000006,0x00000e84,0x00000dfa,
0x00000ab3,0x00050080,0x00000006,0x00000e86,0x00000e84,0x00000df0,0x00060041,0x0000005e,
0x00000e87,0x00000058,0x00000043,0x00000e86,0x0004003d,0x00000008,0x00000e88,0x00000e87,
0x000200f9,0x00000e89,0x000200f8,0x00000e89,0x000700f5,0x00000008,0x000010f3,0x00000053,
0x00000e80,0x00000e88,0x00000e81,0x0008000c,0x00000008,0x00000e09,0x00000001,0x0000002e,
0x000010f2,0x000010f3,0x00000df6,0x00050085,0x00000008,0x00000e0b,0x000000ed,0x00000dc3,
0x0008000c,0x00000008,0x00000e0d,0x00000001,0x00000031,0x00000053,0x00000e0b,0x00000dd5,
0x00050051,0x00000008,0x00000e11,0x00000de7,0x00000001,0x0008000c,0x00000008,0x00000e12,
0x00000001,0x0000002e,0x00000df7,0x00000e09,0x00000e11,0x00050085,0x00000008,0x00000e14,
0x00000e12,0x00000e0d,0x000200f9,0x00000e15,0x000200f8,0x00000e15,0x000b00f5,0x00000008,
0x000010f4,0x00000053,0x00000db8,0x00000053,0x00000dbe,0x00000053,0x00000dd8,0x00000e14,
0x00000e89,0x00050083,0x0000000f,0x00000ba6,0x000004aa,0x00000ba0,0x000300f7,0x00000f0a,
0x00000000,0x000300fb,0x00000095,0x00000ea6,0x000200f8,0x00000ea6,0x000300f7,0x00000eae,
0x00000000,0x000400fa,0x00000ab5,0x00000ead,0x00000eae,0x000200f8,0x00000ead,0x000200f9,
0x00000f0a,0x000200f8,0x00000eae,0x00060041,0x00000071,0x00000eaf,0x0000006e,0x0000006f,
0x0000007e,0x0004003d,0x00000008,0x00000eb0,0x00000eaf,0x000500bc,0x00000044,0x00000eb2,
0x00000eb0,0x00000053,0x000300f7,0x00000eb4,0x00000000,0x000400fa,0x00000eb2,0x00000eb3,
0x00000eb4,0x000200f8,0x00000eb3,0x000200f9,0x00000f0a,0x000200f8,0x00000eb4,0x0004006f,
0x00000008,0x00000eb7,0x00000ab3,0x00050088,0x00000008,0x00000eb8,0x00000eb0,0x00000eb7,
0x00050041,0x0000008d,0x00000eba,0x0000006e,0x0000006f,0x0004003d,0x0000001d,0x00000ebb,
0x00000eba,0x0007004f,0x0000000f,0x00000ebc,0x00000ebb,0x00000ebb,0x00000000,0x00000001,
0x00050083,0x0000000f,0x00000ebd,0x00000ba6,0x00000ebc,0x00050085,0x00000008,0x00000ebf,
0x00000eb0,0x00000074,0x00050051,0x00000008,0x00000ec1,0x00000ebd,0x00000000,0x0006000c,
0x00000008,0x00000ec2,0x00000001,0x00000004,0x00000ec1,0x0004007f,0x00000008,0x00001267,
0x00000ec2,0x0008000c,0x00000008,0x00000ec3,0x00000001,0x00000032,0x00000eb0,0x00000074,
0x00001267,0x00050051,0x00000008,0x00000ec7,0x00000ebd,0x00000001,0x0006000c,0x00000008,
0x00000ec8,0x00000001,0x00000004,0x00000ec7,0x0004007f,0x00000008,0x00001268,0x00000ec8,
0x0008000c,0x00000008,0x00000ec9,0x00000001,0x00000032,0x00000eb0,0x00000074,0x00001268,
0x0007000c,0x00000008,0x00000eca,0x00000001,0x00000025,0x00000ec3,0x00000ec9,0x000500bc,
0x00000044,0x00000ecc,0x00000eca,0x00000053,0x000300f7,0x00000ece,0x00000000,0x000400fa,
0x00000ecc,0x00000ecd,0x00000ece,0x000200f8,0x00000ecd,0x000200f9,0x00000f0a,0x000200f8,
0x00000ece,0x00050050,0x0000000f,0x00000ed2,0x00000ebf,0x00000ebf,0x00050081,0x0000000f,
0x00000ed3,0x00000ebd,0x00000ed2,0x00050050,0x0000000f,0x00000ed5,0x00000eb8,0x00000eb8,
0x00050088,0x0000000f,0x00000ed6,0x00000ed3,0x00000ed5,0x00050083,0x0000000f,0x00000ed7,
0x00000ed6,0x000000b0,0x0006000c,0x0000000f,0x00000ed9,0x00000001,0x00000008,0x00000ed7,
0x0004006e,0x000000b2,0x00000eda,0x00000ed9,0x0006000c,0x0000000f,0x00000edc,0x00000001,
0x0000000a,0x00000ed7,0x00050051,0x00000006,0x00000ede,0x00000eda,0x00000000,0x00050051,
0x00000006,0x00000ee0,0x00000eda,0x00000001,0x000300f7,0x00000f27,0x00000000,0x000300fb,
0x00000095,0x00000f10,0x000200f8,0x00000f10,0x000500b1,0x00000044,0x00000f12,0x00000ede,
0x00000043,0x000500b1,0x00000044,0x00000f14,0x00000ee0,0x00000043,0x000500a6,0x00000044,
0x00000f15,0x00000f12,0x00000f14,0x000500af,0x00000044,0x00000f18,0x00000ede,0x00000ab3,
0x000500a6,0x00000044,0x00000f19,0x00000f15,0x00000f18,0x000500af,0x00000044,0x00000f1c,
0x00000ee0,0x00000ab3,0x000500a6,0x00000044,0x00000f1d,0x00000f19,0x00000f1c,0x000300f7,
0x00000f1f,0x00000000,0x000400fa,0x00000f1d,0x00000f1e,0x00000f1f,0x000200f8,0x00000f1e,
0x000200f9,0x00000f27,0x000200f8,0x00000f1f,0x00050084,0x00000006,0x00000f22,0x00000ee0,
0x00000ab3,0x00050080,0x00000006,0x00000f24,0x00000f22,0x00000ede,0x00060041,0x0000005e,
0x00000f25,0x00000058,0x00000043,0x00000f24,0x0004003d,0x00000008,0x00000f26,0x00000f25,
0x000200f9,0x00000f27,0x000200f8,0x00000f27,0x000700f5,0x00000008,0x000010f5,0x00000053,
0x00000f1e,0x00000f26,0x00000f1f,0x00050080,0x00000006,0x00000ee5,0x00000ede,0x000000c7,
0x000300f7,0x00000f44,0x00000000,0x000300fb,0x00000095,0x00000f2d,0x000200f8,0x00000f2d,
0x000500b1,0x00000044,0x00000f2f,0x00000ee5,0x00000043,0x000500a6,0x00000044,0x00000f32,
0x00000f2f,0x00000f14,0x000500af,0x00000044,0x00000f35,0x00000ee5,0x00000ab3,0x000500a6,
0x00000044,0x00000f36,0x00000f32,0x00000f35,0x000500a6,0x00000044,0x00000f3a,0x00000f36,
0x00000f1c,0x000300f7,0x00000f3c,0x00000000,0x000400fa,0x00000f3a,0x00000f3b,0x00000f3c,
0x000200f8,0x00000f3b,0x000200f9,0x00000f44,0x000200f8,0x00000f3c,0x00050084,0x00000006,
0x00000f3f,0x00000ee0,0x00000ab3,0x00050080,0x00000006,0x00000f41,0x00000f3f,0x00000ee5,
0x00060041,0x0000005e,0x00000f42,0x00000058,0x00000043,0x00000f41,0x0004003d,0x00000008,
0x00000f43,0x00000f42,0x000200f9,0x00000f44,0x000200f8,0x00000f44,0x000700f5,0x00000008,
0x000010f6,0x00000053,0x00000f3b,0x00000f43,0x00000f3c,0x00050051,0x00000008,0x00000eeb,
0x00000edc,0x00000000,0x0008000c,0x00000008,0x00000eec,0x00000001,0x0000002e,0x000010f5,
0x000010f6,0x00000eeb,0x00050080,0x00000006,0x00000eef,0x00000ee0,0x000000c7,0x000300f7,
0x00000f61,0x00000000,0x000300fb,0x00000095,0x00000f4a,0x000200f8,0x00000f4a,0x000500b1,
0x00000044,0x00000f4e,0x00000eef,0x00000043,0x000500a6,0x00000044,0x00000f4f,0x00000f12,
0x00000f4e,0x000500a6,0x00000044,0x00000f53,0x00000f4f,0x00000f18,0x000500af,0x00000044,
0x00000f56,0x00000eef,0x00000ab3,0x000500a6,0x00000044,0x00000f57,0x00000f53,0x00000f56,
0x000300f7,0x00000f59,0x00000000,0x000400fa,0x00000f57,0x00000f58,0x00000f59,0x000200f8,
0x00000f58,0x000200f9,0x00000f61,0x000200f8,0x00000f59,0x00050084,0x00000006,0x00000f5c,
0x00000eef,0x00000ab3,0x00050080,0x00000006,0x00000f5e,0x00000f5c,0x00000ede,0x00060041,
0x0000005e,0x00000f5f,0x00000058,0x00000043,0x00000f5e,0x0004003d,0x00000008,0x00000f60,
0x00000f5f,0x000200f9,0x00000f61,0x000200f8,0x00000f61,0x000700f5,0x00000008,0x000010f7,
0x00000053,0x00000f58,0x00000f60,0x00000f59,0x000300f7,0x00000f7e,0x00000000,0x000300fb,
0x00000095,0x00000f67,0x000200f8,0x00000f67,0x000500a6,0x00000044,0x00000f6c,0x00000f2f,
0x00000f4e,0x000500a6,0x00000044,0x00000f70,0x00000f6c,0x00000f35,0x000500a6,0x00000044,
0x00000f74,0x00000f70,0x00000f56,0x000300f7,0x00000f76,0x00000000,0x000400fa,0x00000f74,
0x00000f75,0x00000f76,0x000200f8,0x00000f75,0x000200f9,0x00000f7e,0x000200f8,0x00000f76,
0x00050084,0x00000006,0x00000f79,0x00000eef,0x00000ab3,0x00050080,0x00000006,0x00000f7b,
0x00000f79,0x00000ee5,0x00060041,0x0000005e,0x00000f7c,0x00000058,0x00000043,0x00000f7b,
0x0004003d,0x00000008,0x00000f7d,0x00000f7c,0x000200f9,0x00000f7e,0x000200f8,0x00000f7e,
0x000700f5,0x00000008,0x000010f8,0x00000053,0x00000f75,0x00000f7d,0x00000f76,0x0008000c,
0x00000008,0x00000efe,0x00000001,0x0000002e,0x000010f7,0x000010f8,0x00000eeb,0x00050085,
0x00000008,0x00000f00,0x000000ed,0x00000eb8,0x0008000c,0x00000008,0x00000f02,0x00000001,
0x00000031,0x00000053,0x00000f00,0x00000eca,0x00050051,0x00000008,0x00000f06,0x00000edc,
0x00000001,0x0008000c,0x00000008,0x00000f07,0x00000001,0x0000002e,0x00000eec,0x00000efe,
0x00000f06,0x00050085,0x00000008,0x00000f09,0x00000f07,0x00000f02,0x000200f9,0x00000f0a,
0x000200f8,0x00000f0a,0x000b00f5,0x00000008,0x000010f9,0x00000053,0x00000ead,0x00000053,
0x00000eb3,0x00000053,0x00000ecd,0x00000f09,0x00000f7e,0x00050083,0x00000008,0x00000ba8,
0x000010f4,0x000010f9,0x00050050,0x0000000f,0x00000ba9,0x00000b9d,0x00000ba8,0x0005008e,
0x0000000f,0x00000bab,0x00000ba9,0x00000b92,0x0005008e,0x0000000f,0x00000601,0x00000bab,
0x000005f3,0x0003003e,0x000002ec,0x00000601,0x0004003d,0x0000000f,0x00000602,0x000002ec,
0x00050081,0x0000000f,0x00000604,0x000010ff,0x00000602,0x000200f9,0x000005f0,0x000200f8,
0x000005f0,0x000700f5,0x0000000f,0x00001177,0x000010ff,0x00000b13,0x00000604,0x00000f0a,
0x000700f5,0x00000008,0x00001115,0x000010c4,0x00000b13,0x000005f6,0x00000f0a,0x0004003d,
0x00000008,0x00000606,0x000002ee,0x00060041,0x00000071,0x00000608,0x0000006e,0x000004ee,
0x0000009c,0x0004003d,0x00000008,0x00000609,0x00000608,0x00050085,0x00000008,0x0000060a,
0x00000606,0x00000609,0x0008000c,0x00000008,0x0000060b,0x00000001,0x0000002b,0x0000060a,
0x00000053,0x00000250,0x00060041,0x00000071,0x0000060c,0x0000006e,0x000004ee,0x00000095,
0x0004003d,0x00000008,0x0000060d,0x0000060c,0x00050085,0x00000008,0x0000060f,0x0000060d,
0x0000060b,0x0008000c,0x00000008,0x00000613,0x00000001,0x00000032,0x0000060f,0x0000060b,
0x00001115,0x00050081,0x0000000f,0x00000619,0x000004aa,0x000004e6,0x00050051,0x00000008,
0x0000061b,0x00000619,0x00000000,0x00050051,0x00000008,0x0000061d,0x00000619,0x00000001,
0x00060050,0x00000036,0x00001269,0x0000061b,0x00000613,0x0000061d,0x00050051,0x00000008,
0x00000620,0x000004ea,0x00000000,0x00050081,0x00000008,0x00000621,0x00000250,0x00000620,
0x00050051,0x00000008,0x00000623,0x00001177,0x00000000,0x00050051,0x00000008,0x00000625,
0x000004ea,0x00000001,0x00060050,0x00000036,0x00000626,0x00000621,0x00000623,0x00000625,
0x00050051,0x00000008,0x0000062b,0x00001177,0x00000001,0x00050051,0x00000008,0x0000062d,
0x000004ea,0x00000002,0x00050081,0x00000008,0x0000062e,0x00000250,0x0000062d,0x00060050,
0x00000036,0x0000062f,0x00000625,0x0000062b,0x0000062e,0x0007000c,0x00000036,0x00000633,
0x00000001,0x00000044,0x0000062f,0x00000626,0x00050094,0x00000008,0x00000637,0x00000633,
0x00000633,0x000500ba,0x00000044,0x00000639,0x00000637,0x00000638,0x000300f7,0x0000063c,
0x00000000,0x000400fa,0x00000639,0x0000063b,0x0000063f,0x000200f8,0x0000063b,0x0006000c,
0x00000036,0x0000063e,0x00000001,0x00000045,0x00000633,0x000200f9,0x0000063c,0x000200f8,
0x0000063f,0x000200f9,0x0000063c,0x000200f8,0x0000063c,0x000700f5,0x00000036,0x00001178,
0x0000063e,0x0000063b,0x0000034e,0x0000063f,0x0003003e,0x00000634,0x00001178,0x00050094,
0x00000008,0x00000645,0x00000626,0x00000626,0x000500ba,0x00000044,0x00000646,0x00000645,
0x00000638,0x000300f7,0x00000649,0x00000000,0x000400fa,0x00000646,0x00000648,0x0000064c,
0x000200f8,0x00000648,0x0006000c,0x00000036,0x0000064b,0x00000001,0x00000045,0x00000626,
0x000200f9,0x00000649,0x000200f8,0x0000064c,0x000200f9,0x00000649,0x000200f8,0x00000649,
0x000700f5,0x00000036,0x00001179,0x0000064b,0x00000648,0x0000064d,0x0000064c,0x00050051,
0x00000008,0x0000064f,0x00001179,0x00000000,0x00050051,0x00000008,0x00000650,0x00001179,
0x00000001,0x00050051,0x00000008,0x00000651,0x00001179,0x00000002,0x00070050,0x0000001d,
0x00000652,0x0000064f,0x00000650,0x00000651,0x00000250,0x0003003e,0x00000642,0x00000652,
0x000200f9,0x00000408,0x000200f8,0x00000653,0x00050091,0x00000036,0x00000656,0x00000401,
0x00001031,0x0006000c,0x00000036,0x00000657,0x00000001,0x00000045,0x00000656,0x0003003e,
0x00000634,0x00000657,0x00050091,0x00000036,0x0000065a,0x000003ea,0x00001033,0x0006000c,
0x00000036,0x0000065b,0x00000001,0x00000045,0x0000065a,0x00050041,0x00000423,0x0000065c,
0x000002fb,0x00000070,0x0004003d,0x00000008,0x0000065d,0x0000065c,0x00050041,0x00000423,
0x0000065e,0x000003ec,0x00000070,0x0004003d,0x00000008,0x0000065f,0x0000065e,0x00050085,
0x00000008,0x00000660,0x0000065d,0x0000065f,0x00050051,0x00000008,0x00000661,0x0000065b,
0x00000000,0x00050051,0x00000008,0x00000662,0x0000065b,0x00000001,0x00050051,0x00000008,
0x00000663,0x0000065b,0x00000002,0x00070050,0x0000001d,0x00000664,0x00000661,0x00000662,
0x00000663,0x00000660,0x0003003e,0x00000642,0x00000664,0x000200f9,0x00000408,0x000200f8,
0x00000408,0x000700f5,0x0000000f,0x000011b1,0x000011bc,0x00000649,0x000011c0,0x00000653,
0x000700f5,0x0000000f,0x0000117d,0x00001188,0x00000649,0x0000103b,0x00000653,0x000700f5,
0x00000036,0x0000117a,0x00001269,0x00000649,0x000003e1,0x00000653,0x0003003e,0x00000665,
0x0000117a,0x0003003e,0x00000667,0x0000117d,0x0003003e,0x00000669,0x000011b1,0x0004003d,
0x0000001d,0x0000066d,0x0000066c,0x0004003d,0x0000001d,0x0000066f,0x0000066e,0x00050085,
0x0000001d,0x00000670,0x0000066d,0x0000066f,0x0003003e,0x0000066b,0x00000670,0x000300f7,
0x00000673,0x00000000,0x000400fa,0x00000312,0x00000672,0x00000673,0x000200f8,0x00000672,
0x00060041,0x0000030d,0x00000674,0x0000030b,0x0000030c,0x0000009c,0x0004003d,0x0000001b,
0x00000675,0x00000674,0x000500c2,0x0000001b,0x00000676,0x00000675,0x0000036b,0x000500ab,
0x00000044,0x00000677,0x00000676,0x00000095,0x000200f9,0x00000673,0x000200f8,0x00000673,
0x000700f5,0x00000044,0x00000678,0x00000312,0x00000408,0x00000677,0x00000672,0x000300f7,
0x0000067a,0x00000000,0x000400fa,0x00000678,0x00000679,0x0000067a,0x000200f8,0x00000679,
0x00050041,0x000002ed,0x0000067c,0x0000066b,0x00000070,0x0003003e,0x0000067c,0x000011fb,
0x000200f9,0x0000067a,0x000200f8,0x0000067a,0x00050041,0x00000423,0x0000067e,0x000003ef,
0x00000070,0x0004003d,0x00000008,0x0000067f,0x0000067e,0x0003003e,0x0000067d,0x0000067f,
0x00050041,0x00000320,0x00000682,0x0000030b,0x00000078,0x0004003d,0x0000001d,0x00000683,
0x00000682,0x0008004f,0x00000036,0x00000684,0x00000683,0x00000683,0x00000000,0x00000001,
0x00000002,0x00050083,0x00000036,0x00000685,0x0000117a,0x00000684,0x00050041,0x0000008d,
0x00000687,0x0000006e,0x0000055d,0x0004003d,0x0000001d,0x00000688,0x00000687,0x0008004f,
0x00000036,0x00000689,0x00000688,0x00000688,0x00000000,0x00000001,0x00000002,0x00050094,
0x00000008,0x0000068b,0x00000689,0x00000685,0x00050041,0x0000008d,0x0000068d,0x0000006e,
0x0000068c,0x0004003d,0x0000001d,0x0000068e,0x0000068d,0x0008004f,0x00000036,0x0000068f,
0x0000068e,0x0000068e,0x00000000,0x00000001,0x00000002,0x00050094,0x00000008,0x00000691,
0x0000068f,0x00000685,0x00050041,0x0000008d,0x00000693,0x0000006e,0x00000692,0x0004003d,
0x0000001d,0x00000694,0x00000693,0x0008004f,0x00000036,0x00000695,0x00000694,0x00000694,
0x00000000,0x00000001,0x00000002,0x00050094,0x00000008,0x00000697,0x00000695,0x00000685,
0x00060041,0x0000030d,0x0000069a,0x0000030b,0x0000030c,0x00000070,0x0004003d,0x0000001b,
0x0000069b,0x0000069a,0x0004007c,0x00000008,0x0000069c,0x0000069b,0x00060041,0x00000334,
0x0000069e,0x0000030b,0x00000078,0x00000070,0x0004003d,0x00000008,0x0000069f,0x0000069e,
0x00060041,0x00000071,0x000006a2,0x0000006e,0x000006a1,0x0000007e,0x0004003d,0x00000008,
0x000006a3,0x000006a2,0x000500ba,0x00000044,0x000006a4,0x000006a3,0x00000053,0x000600a9,
0x00000008,0x00001271,0x000006a4,0x000006a3,0x000006ab,0x00050085,0x00000008,0x000006b1,
0x0000068b,0x00001271,0x00060041,0x00000334,0x000006b2,0x0000030b,0x00000043,0x00000095,
0x0004003d,0x00000008,0x000006b3,0x000006b2,0x00050088,0x00000008,0x000006b4,0x000006b1,
0x000006b3,0x0004007f,0x00000008,0x000006b7,0x00000691,0x00050085,0x00000008,0x000006b9,
0x000006b7,0x00001271,0x00050050,0x0000000f,0x000006ba,0x000006b4,0x000006b9,0x00050041,
0x00000320,0x000006bc,0x0000030b,0x000000c7,0x0004003d,0x0000001d,0x000006bd,0x000006bc,
0x0007004f,0x0000000f,0x000006be,0x000006bd,0x000006bd,0x00000000,0x00000001,0x00050094,
0x00000008,0x000006c0,0x000006be,0x000006ba,0x0007004f,0x0000000f,0x000006c3,0x000006bd,
0x000006bd,0x00000002,0x00000003,0x00050094,0x00000008,0x000006c5,0x000006c3,0x000006ba,
0x00050050,0x0000000f,0x000006c6,0x000006c0,0x000006c5,0x00050041,0x0000008d,0x000006c8,
0x0000006e,0x000006c7,0x0004003d,0x0000001d,0x000006c9,0x000006c8,0x0007004f,0x0000000f,
0x000006ca,0x000006c9,0x000006c9,0x00000002,0x00000003,0x0005008e,0x0000000f,0x000006cd,
0x000006ca,0x00000697,0x00050081,0x0000000f,0x000006cf,0x000006c6,0x000006cd,0x00050085,
0x00000008,0x000006db,0x0000069f,0x0000069c,0x0004007f,0x00000008,0x0000126a,0x000006db,
0x0008000c,0x00000008,0x000006dc,0x00000001,0x00000032,0x0000069c,0x00000697,0x0000126a,
0x00050083,0x00000008,0x000006df,0x0000069c,0x0000069f,0x00050088,0x00000008,0x000006e0,
0x000006dc,0x000006df,0x00050051,0x00000008,0x000006e3,0x000006cf,0x00000000,0x00050051,
0x00000008,0x000006e4,0x000006cf,0x00000001,0x00070050,0x0000001d,0x000006e5,0x000006e3,
0x000006e4,0x000006e0,0x00000697,0x00050041,0x00000641,0x000006e6,0x000006d3,0x00000043,
0x0003003e,0x000006e6,0x000006e5,0x000100fd,0x00010038,
};
inline constexpr uint32_t kWater_SpectralVertSpirvSize = sizeof(kWater_SpectralVertSpirv);

inline constexpr uint32_t kWater_SpectralFragSpirv[] = {
0x07230203,0x00010300,0x000d000a,0x0000120b,0x00000000,0x00020011,0x00000001,0x00020011,
0x00000028,0x0006000b,0x00000001,0x4c534c47,0x6474732e,0x3035342e,0x00000000,0x0003000e,
0x00000000,0x00000001,0x000e000f,0x00000004,0x00000004,0x6e69616d,0x00000000,0x00000487,
0x000004a6,0x000004bb,0x000004d8,0x000004f2,0x00000521,0x000005d3,0x000005d9,0x0000074d,
0x00030010,0x00000004,0x00000007,0x00040047,0x00000069,0x00000006,0x00000040,0x00040047,
0x0000006b,0x00000006,0x00000010,0x00040047,0x0000006c,0x00000006,0x00000010,0x00040047,
0x0000006d,0x00000006,0x00000010,0x00040047,0x0000006e,0x00000006,0x00000010,0x00050048,
0x0000006f,0x00000000,0x00000023,0x00000000,0x00050048,0x0000006f,0x00000001,0x00000023,
0x00000010,0x00050048,0x0000006f,0x00000002,0x00000023,0x00000020,0x00050048,0x0000006f,
0x00000003,0x00000023,0x00000030,0x00050048,0x0000006f,0x00000004,0x00000023,0x00000040,
0x00050048,0x0000006f,0x00000005,0x00000023,0x00000050,0x00050048,0x0000006f,0x00000006,
0x00000023,0x00000060,0x00050048,0x0000006f,0x00000007,0x00000023,0x00000070,0x00050048,
0x0000006f,0x00000008,0x00000023,0x00000080,0x00050048,0x0000006f,0x00000009,0x00000023,
0x00000090,0x00050048,0x0000006f,0x0000000a,0x00000023,0x000000a0,0x00050048,0x0000006f,
0x0000000b,0x00000023,0x000000b0,0x00040048,0x0000006f,0x0000000c,0x00000005,0x00050048,
0x0000006f,0x0000000c,0x00000023,0x000000c0,0x00050048,0x0000006f,0x0000000c,0x00000007,
0x00000010,0x00050048,0x0000006f,0x0000000d,0x00000023,0x000001c0,0x00050048,0x0000006f,
0x0000000e,0x00000023,0x000001d0,0x00050048,0x0000006f,0x0000000f,0x00000023,0x000001e0,
0x00050048,0x0000006f,0x00000010,0x00000023,0x000001f0,0x00050048,0x0000006f,0x00000011,
0x00000023,0x00000200,0x00050048,0x0000006f,0x00000012,0x00000023,0x00000210,0x00050048,
0x0000006f,0x00000013,0x00000023,0x00000220,0x00050048,0x0000006f,0x00000014,0x00000023,
0x00000230,0x00050048,0x0000006f,0x00000015,0x00000023,0x00000240,0x00050048,0x0000006f,
0x00000016,0x00000023,0x00000250,0x00050048,0x0000006f,0x00000017,0x00000023,0x00000260,
0x00050048,0x0000006f,0x00000018,0x00000023,0x00000270,0x00050048,0x0000006f,0x00000019,
0x00000023,0x000002f0,0x00050048,0x0000006f,0x0000001a,0x00000023,0x00000370,0x00050048,
0x0000006f,0x0000001b,0x00000023,0x00000380,0x00050048,0x0000006f,0x0000001c,0x00000023,
0x00000400,0x00050048,0x0000006f,0x0000001d,0x00000023,0x00000480,0x00050048,0x0000006f,
0x0000001e,0x00000023,0x00000490,0x00030047,0x0000006f,0x00000002,0x00040047,0x00000071,
0x00000022,0x00000001,0x00040047,0x00000071,0x00000021,0x00000000,0x00030047,0x0000008a,
0x00000000,0x00040047,0x0000008a,0x00000001,0x00000002,0x00040047,0x0000009d,0x00000022,
0x00000001,0x00040047,0x0000009d,0x00000021,0x00000001,0x00040047,0x000000d5,0x00000022,
0x00000001,0x00040047,0x000000d5,0x00000021,0x00000003,0x00040047,0x000000e9,0x00000022,
0x00000001,0x00040047,0x000000e9,0x00000021,0x00000004,0x00040047,0x000001b0,0x00000022,
0x00000001,0x00040047,0x000001b0,0x00000021,0x00000002,0x00040047,0x00000328,0x00000006,
0x00000004,0x00040048,0x00000329,0x00000000,0x00000018,0x00050048,0x00000329,0x00000000,
0x00000023,0x00000000,0x00030047,0x00000329,0x00000002,0x00040047,0x0000032b,0x00000022,
0x00000001,0x00040047,0x0000032b,0x00000021,0x0000000f,0x00040047,0x000003e9,0x00000022,
0x00000001,0x00040047,0x000003e9,0x00000021,0x0000000b,0x00040047,0x000003f4,0x00000022,
0x00000001,0x00040047,0x000003f4,0x00000021,0x0000000c,0x00040047,0x000003ff,0x00000022,
0x00000001,0x00040047,0x000003ff,0x00000021,0x0000000d,0x00040047,0x00000406,0x00000022,
0x00000001,0x00040047,0x00000406,0x00000021,0x0000000e,0x00040047,0x00000445,0x00000022,
0x00000001,0x00040047,0x00000445,0x00000021,0x00000006,0x00050048,0x00000468,0x00000000,
0x00000023,0x00000000,0x00050048,0x00000468,0x00000001,0x00000023,0x00000010,0x00050048,
0x00000468,0x00000002,0x00000023,0x00000020,0x00050048,0x00000468,0x00000003,0x00000023,
0x00000030,0x00050048,0x00000468,0x00000004,0x00000023,0x00000040,0x00050048,0x00000468,
0x00000005,0x00000023,0x00000050,0x00050048,0x00000468,0x00000006,0x00000023,0x00000060,
0x00050048,0x00000468,0x00000007,0x00000023,0x00000070,0x00030047,0x00000468,0x00000002,
0x00040047,0x00000487,0x0000001e,0x00000004,0x00040047,0x000004a6,0x0000001e,0x00000000,
0x00040047,0x000004bb,0x0000000b,0x0000000f,0x00040047,0x000004c8,0x00000022,0x00000001,
0x00040047,0x000004c8,0x00000021,0x00000005,0x00040047,0x000004c8,0x0000002b,0x00000000,
0x00040047,0x000004d8,0x0000001e,0x00000000,0x00040047,0x000004f2,0x0000001e,0x00000003,
0x00030047,0x00000516,0x00000000,0x00030047,0x00000517,0x00000000,0x00040047,0x00000521,
0x0000001e,0x00000008,0x00030047,0x00000553,0x00000000,0x00030047,0x000005b1,0x00000000,
0x00030047,0x000005d0,0x00000000,0x00040047,0x000005d3,0x0000001e,0x00000009,0x00030047,
0x000005d9,0x00000000,0x00040047,0x000005d9,0x0000001e,0x00000001,0x00030047,0x000005db,
0x00000000,0x00030047,0x000005dd,0x00000000,0x00030047,0x000005df,0x00000000,0x00030047,
0x000005e1,0x00000000,0x00030047,0x000005e5,0x00000000,0x00030047,0x000005e7,0x00000000,
0x00030047,0x000005eb,0x00000000,0x00030047,0x000005ec,0x00000000,0x00030047,0x000005ed,
0x00000000,0x00030047,0x000005f6,0x00000000,0x00030047,0x000005f7,0x00000000,0x00030047,
0x000005ff,0x00000000,0x00030047,0x00000601,0x00000000,0x00030047,0x00000602,0x00000000,
0x00030047,0x00000605,0x00000000,0x00030047,0x00000609,0x00000000,0x00030047,0x0000060b,
0x00000000,0x00030047,0x0000060e,0x00000000,0x00030047,0x0000060f,0x00000000,0x00030047,
0x0000061f,0x00000000,0x00030047,0x00000622,0x00000000,0x00030047,0x00000632,0x00000000,
0x00030047,0x00000634,0x00000000,0x00030047,0x0000064c,0x00000000,0x00030047,0x0000064f,
0x00000000,0x00030047,0x00000650,0x00000000,0x00030047,0x00000651,0x00000000,0x00030047,
0x0000065a,0x00000000,0x00030047,0x0000065c,0x00000000,0x00030047,0x00000671,0x00000000,
0x00030047,0x0000067b,0x00000000,0x00030047,0x00000699,0x00000000,0x00030047,0x0000069a,
0x00000000,0x00030047,0x0000069e,0x00000000,0x00030047,0x0000069f,0x00000000,0x00030047,
0x000006a3,0x00000000,0x00030047,0x000006a7,0x00000000,0x00030047,0x000006a8,0x00000000,
0x00030047,0x000006af,0x00000000,0x00030047,0x000006b0,0x00000000,0x00030047,0x000006b1,
0x00000000,0x00030047,0x000006b4,0x00000000,0x00030047,0x000006b5,0x00000000,0x00030047,
0x000006e7,0x00000000,0x00030047,0x000006e9,0x00000000,0x00030047,0x000006ea,0x00000000,
0x00030047,0x000006ec,0x00000000,0x00030047,0x000006fb,0x00000000,0x00030047,0x000006fc,
0x00000000,0x00030047,0x00000738,0x00000000,0x00030047,0x0000073a,0x00000000,0x00030047,
0x00000747,0x00000000,0x00030047,0x00000748,0x00000000,0x00030047,0x0000074d,0x00000000,
0x00040047,0x0000074d,0x0000001e,0x00000005,0x00030047,0x0000074f,0x00000000,0x00030047,
0x00000751,0x00000000,0x00030047,0x00000754,0x00000000,0x00030047,0x00000755,0x00000000,
0x00030047,0x00000784,0x00000000,0x00030047,0x00000785,0x00000000,0x00030047,0x00000788,
0x00000000,0x00030047,0x0000078a,0x00000000,0x00030047,0x0000078d,0x00000000,0x00030047,
0x0000078e,0x00000000,0x00030047,0x00000793,0x00000000,0x00030047,0x00000795,0x00000000,
0x00030047,0x00000797,0x00000000,0x00030047,0x00000798,0x00000000,0x00030047,0x0000079c,
0x00000000,0x00030047,0x0000079e,0x00000000,0x00030047,0x0000079f,0x00000000,0x00030047,
0x000007a2,0x00000000,0x00030047,0x000007a3,0x00000000,0x00030047,0x000007a5,0x00000000,
0x00030047,0x000007ab,0x00000000,0x00030047,0x000007ad,0x00000000,0x00030047,0x000007af,
0x00000000,0x00030047,0x000007b0,0x00000000,0x00030047,0x000007b4,0x00000000,0x00030047,
0x000007b5,0x00000000,0x00030047,0x000007b6,0x00000000,0x00030047,0x000007c1,0x00000000,
0x00030047,0x000007c6,0x00000000,0x00030047,0x000007c7,0x00000000,0x00030047,0x000007ca,
0x00000000,0x00030047,0x000007cf,0x00000000,0x00030047,0x000007d0,0x00000000,0x00030047,
0x000007d3,0x00000000,0x00030047,0x000007d5,0x00000000,0x00030047,0x000007d6,0x00000000,
0x00030047,0x000007d7,0x00000000,0x00030047,0x000007d8,0x00000000,0x00030047,0x0000083d,
0x00000000,0x00030047,0x0000083f,0x00000000,0x00030047,0x00000840,0x00000000,0x00030047,
0x0000084d,0x00000000,0x00030047,0x0000084e,0x00000000,0x00030047,0x000008c2,0x00000000,
0x00030047,0x000008e9,0x00000000,0x00030047,0x000008eb,0x00000000,0x00030047,0x000008f0,
0x00000000,0x00030047,0x000008fa,0x00000000,0x00030047,0x0000092d,0x00000000,0x00030047,
0x0000092f,0x00000000,0x00030047,0x0000094a,0x00000000,0x00030047,0x0000094c,0x00000000,
0x00030047,0x00000967,0x00000000,0x00030047,0x00000969,0x00000000,0x00030047,0x00000984,
0x00000000,0x00030047,0x00000986,0x00000000,0x00030047,0x000009b7,0x00000000,0x00030047,
0x000009de,0x00000000,0x00030047,0x000009e0,0x00000000,0x00030047,0x000009e5,0x00000000,
0x00030047,0x000009ef,0x00000000,0x00030047,0x00000a22,0x00000000,0x00030047,0x00000a24,
0x00000000,0x00030047,0x00000a3f,0x00000000,0x00030047,0x00000a41,0x00000000,0x00030047,
0x00000a5c,0x00000000,0x00030047,0x00000a5e,0x00000000,0x00030047,0x00000a79,0x00000000,
0x00030047,0x00000a7b,0x00000000,0x00030047,0x00000aac,0x00000000,0x00030047,0x00000ad3,
0x00000000,0x00030047,0x00000ad5,0x00000000,0x00030047,0x00000ada,0x00000000,0x00030047,
0x00000ae4,0x00000000,0x00030047,0x00000b17,0x00000000,0x00030047,0x00000b19,0x00000000,
0x00030047,0x00000b34,0x00000000,0x00030047,0x00000b36,0x00000000,0x00030047,0x00000b51,
0x00000000,0x00030047,0x00000b53,0x00000000,0x00030047,0x00000b6e,0x00000000,0x00030047,
0x00000b70,0x00000000,0x00030047,0x00000ba1,0x00000000,0x00030047,0x00000bc8,0x00000000,
0x00030047,0x00000bca,0x00000000,0x00030047,0x00000bcf,0x00000000,0x00030047,0x00000bd9,
0x00000000,0x00030047,0x00000c0c,0x00000000,0x00030047,0x00000c0e,0x00000000,0x00030047,
0x00000c29,0x00000000,0x00030047,0x00000c2b,0x00000000,0x00030047,0x00000c46,0x00000000,
0x00030047,0x00000c48,0x00000000,0x00030047,0x00000c63,0x00000000,0x00030047,0x00000c65,
0x00000000,0x00030047,0x00000c6f,0x00000000,0x00030047,0x00000c72,0x00000000,0x00030047,
0x00000c74,0x00000000,0x00030047,0x00000c7f,0x00000000,0x00030047,0x00000c81,0x00000000,
0x00030047,0x00000c82,0x00000000,0x00030047,0x00000c87,0x00000000,0x00030047,0x00000c89,
0x00000000,0x00030047,0x00000c8a,0x00000000,0x00030047,0x00000cf5,0x00000000,0x00030047,
0x00000cf8,0x00000000,0x00030047,0x00000cfa,0x00000000,0x00030047,0x00000d52,0x00000000,
0x00030047,0x00000d6a,0x00000000,0x00030047,0x00000d76,0x00000000,0x00030047,0x00000d9a,
0x00000000,0x00030047,0x00000da6,0x00000000,0x00030047,0x00000e17,0x00000000,0x00030047,
0x00000e18,0x00000000,0x00030047,0x00000e1a,0x00000000,0x00030047,0x00000e1b,0x00000000,
0x00030047,0x00000e1c,0x00000000,0x00030047,0x00000e42,0x00000000,0x00030047,0x00000e45,
0x00000000,0x00030047,0x00000e46,0x00000000,0x00030047,0x00000eb9,0x00000000,0x00030047,
0x00000ec8,0x00000000,0x00030047,0x00000eca,0x00000000,0x00030047,0x00000ecb,0x00000000,
0x00030047,0x00000edd,0x00000000,0x00030047,0x00000ee1,0x00000000,0x00030047,0x00000ee4,
0x00000000,0x00030047,0x00000f38,0x00000000,0x00030047,0x00000f39,0x00000000,0x00030047,
0x00000f3b,0x00000000,0x00030047,0x00000f3c,0x00000000,0x00030047,0x00000f3d,0x00000000,
0x00030047,0x00000f63,0x00000000,0x00030047,0x00000f66,0x00000000,0x00030047,0x00000f67,
0x00000000,0x00030047,0x00000fda,0x00000000,0x00030047,0x00000fe9,0x00000000,0x00030047,
0x00000feb,0x00000000,0x00030047,0x00000fec,0x00000000,0x00030047,0x00000ffe,0x00000000,
0x00030047,0x00001002,0x00000000,0x00030047,0x00001005,0x00000000,0x00030047,0x00001011,
0x00000000,0x00030047,0x00001013,0x00000000,0x00030047,0x00001014,0x00000000,0x00030047,
0x00001017,0x00000000,0x00030047,0x00001019,0x00000000,0x00030047,0x0000101c,0x00000000,
0x00030047,0x0000101d,0x00000000,0x00030047,0x00001020,0x00000000,0x00030047,0x00001097,
0x00000000,0x00030047,0x000010b9,0x00000000,0x00030047,0x000010cb,0x00000000,0x00030047,
0x000010e3,0x00000000,0x00030047,0x000010e8,0x00000000,0x00030047,0x000010e9,0x00000000,
0x00030047,0x00001114,0x00000000,0x00030047,0x0000111a,0x00000000,0x00030047,0x00001128,
0x00000000,0x00030047,0x0000112e,0x00000000,0x00030047,0x00001137,0x00000000,0x00030047,
0x00001138,0x00000000,0x00030047,0x00001136,0x00000000,0x00030047,0x00001139,0x00000000,
0x00030047,0x0000113a,0x00000000,0x00030047,0x00001199,0x00000000,0x00030047,0x000011ca,
0x00000000,0x00030047,0x000011d0,0x00000000,0x00030047,0x000011ee,0x00000000,0x00030047,
0x00001098,0x00000000,0x00030047,0x0000109b,0x00000000,0x00030047,0x0000109d,0x00000000,
0x00030047,0x00001112,0x00000000,0x00030047,0x00001115,0x00000000,0x00030047,0x00001116,
0x00000000,0x00030047,0x00001117,0x00000000,0x00030047,0x00001119,0x00000000,0x00030047,
0x00001129,0x00000000,0x00030047,0x0000112a,0x00000000,0x00030047,0x0000112b,0x00000000,
0x00030047,0x0000112d,0x00000000,0x00020013,0x00000002,0x00030021,0x00000003,0x00000002,
0x00030016,0x00000006,0x00000020,0x00040017,0x00000007,0x00000006,0x00000003,0x00040017,
0x00000009,0x00000006,0x00000002,0x00040015,0x0000001d,0x00000020,0x00000001,0x00040015,
0x00000047,0x00000020,0x00000000,0x00040017,0x00000049,0x00000006,0x00000004,0x0004002b,
0x00000047,0x00000060,0x00000002,0x0004002b,0x00000047,0x00000063,0x00000000,0x00040018,
0x00000067,0x00000049,0x00000004,0x0004002b,0x00000047,0x00000068,0x00000004,0x0004001c,
0x00000069,0x00000067,0x00000068,0x0004002b,0x00000047,0x0000006a,0x00000008,0x0004001c,
0x0000006b,0x00000049,0x0000006a,0x0004001c,0x0000006c,0x00000049,0x0000006a,0x0004001c,
0x0000006d,0x00000049,0x0000006a,0x0004001c,0x0000006e,0x00000049,0x0000006a,0x0021001e,
0x0000006f,0x00000049,0x00000049,0x00000049,0x00000049,0x00000049,0x00000049,0x00000049,
0x00000049,0x00000049,0x00000049,0x00000049,0x00000049,0x00000069,0x00000049,0x00000049,
0x00000049,0x00000049,0x00000049,0x00000049,0x00000049,0x00000049,0x00000049,0x00000049,
0x00000049,0x0000006b,0x0000006c,0x00000049,0x0000006d,0x0000006e,0x00000049,0x00000049,
0x00040020,0x00000070,0x00000002,0x0000006f,0x0004003b,0x00000070,0x00000071,0x00000002,
0x0004002b,0x0000001d,0x00000072,0x00000003,0x0004002b,0x00000047,0x00000073,0x00000001,
0x00040020,0x00000074,0x00000002,0x00000006,0x0004002b,0x00000006,0x0000007b,0x3f000000,
0x0004002b,0x00000006,0x00000080,0xbf800000,0x0004002b,0x00000006,0x00000081,0x3f800000,
0x0004002b,0x00000006,0x00000084,0x40490fdb,0x00020014,0x00000089,0x00040032,0x00000047,
0x0000008a,0x00000000,0x00060034,0x00000089,0x0000008b,0x000000aa,0x0000008a,0x00000073,
0x00060034,0x00000089,0x0000008f,0x000000aa,0x0000008a,0x00000063,0x0004002b,0x00000047,
0x00000092,0x00000003,0x00090019,0x0000009a,0x00000006,0x00000001,0x00000000,0x00000000,
0x00000000,0x00000001,0x00000000,0x0003001b,0x0000009b,0x0000009a,0x00040020,0x0000009c,
0x00000000,0x0000009b,0x0004003b,0x0000009c,0x0000009d,0x00000000,0x0004002b,0x00000006,
0x000000a3,0x00000000,0x0004002b,0x00000006,0x000000ba,0x322bcc77,0x0005002c,0x00000009,
0x000000c8,0x00000080,0x00000080,0x0005002c,0x00000009,0x000000c9,0x00000081,0x00000081,
0x0005002c,0x00000009,0x000000cb,0x000000a3,0x000000a3,0x00040017,0x000000cc,0x00000089,
0x00000002,0x0004003b,0x0000009c,0x000000d5,0x00000000,0x0004002b,0x00000006,0x000000e4,
0x3fc00000,0x0004003b,0x0000009c,0x000000e9,0x00000000,0x0004002b,0x00000006,0x000000f3,
0x3e800000,0x0004002b,0x00000006,0x000000f4,0x3f400000,0x0006002c,0x00000007,0x00000103,
0x000000a3,0x000000a3,0x000000a3,0x0004002b,0x00000006,0x00000106,0x4020a3d7,0x0004002b,
0x00000006,0x00000109,0x3cf5c28f,0x0004002b,0x00000006,0x0000010e,0x401b851f,0x0004002b,
0x00000006,0x00000111,0x3f170a3d,0x0004002b,0x00000006,0x00000115,0x3e0f5c29,0x0004002b,
0x0000001d,0x00000121,0x0000000e,0x0004002b,0x0000001d,0x00000124,0x0000000f,0x0004002b,
0x0000001d,0x0000012d,0x0000000c,0x00040020,0x0000012f,0x00000002,0x00000067,0x0004002b,
0x0000001d,0x00000162,0x00000001,0x0004002b,0x00000006,0x0000016c,0x40000000,0x0004002b,
0x0000001d,0x0000019f,0x00000010,0x0004002b,0x0000001d,0x000001a9,0x00000000,0x00090019,
0x000001ad,0x00000006,0x00000001,0x00000001,0x00000000,0x00000000,0x00000001,0x00000000,
0x0003001b,0x000001ae,0x000001ad,0x00040020,0x000001af,0x00000000,0x000001ae,0x0004003b,
0x000001af,0x000001b0,0x00000000,0x0004002b,0x0000001d,0x0000021d,0xffffffff,0x0004002b,
0x00000006,0x00000248,0x3de38e39,0x0004002b,0x0000001d,0x00000257,0x0000000d,0x0004002b,
0x00000006,0x00000294,0x38d1b717,0x0004002b,0x0000001d,0x0000029c,0x00000011,0x0004002b,
0x00000006,0x00000313,0x358637bd,0x0003001d,0x00000328,0x00000006,0x0003001e,0x00000329,
0x00000328,0x00040020,0x0000032a,0x0000000c,0x00000329,0x0004003b,0x0000032a,0x0000032b,
0x0000000c,0x00040020,0x00000331,0x0000000c,0x00000006,0x0004002b,0x0000001d,0x00000337,
0x0000001d,0x0004002b,0x0000001d,0x0000033d,0x00000002,0x00040020,0x00000351,0x00000002,
0x00000049,0x0005002c,0x00000009,0x00000372,0x0000007b,0x0000007b,0x00040017,0x00000374,
0x0000001d,0x00000002,0x0004003b,0x0000009c,0x000003e9,0x00000000,0x0004003b,0x0000009c,
0x000003f4,0x00000000,0x0004003b,0x0000009c,0x000003ff,0x00000000,0x0004003b,0x0000009c,
0x00000406,0x00000000,0x0004002b,0x00000006,0x00000423,0x3727c5ac,0x0004002b,0x00000006,
0x0000042a,0x3cfdf3b6,0x0004002b,0x00000006,0x0000042c,0x3cac0831,0x0004002b,0x00000006,
0x0000042d,0xbc656042,0x0005002c,0x00000009,0x0000042e,0x0000042c,0x0000042d,0x00040018,
0x00000433,0x00000009,0x00000002,0x0004002b,0x00000006,0x00000434,0x3f51b3f2,0x0004002b,
0x00000006,0x00000435,0x3f12d5e0,0x0005002c,0x00000009,0x00000436,0x00000434,0x00000435,
0x0004002b,0x00000006,0x00000437,0xbf12d5e0,0x0005002c,0x00000009,0x00000438,0x00000437,
0x00000434,0x0005002c,0x00000433,0x00000439,0x00000436,0x00000438,0x0004002b,0x00000006,
0x0000043c,0x3d6978d5,0x0004002b,0x00000006,0x0000043e,0xbc8b4396,0x0004002b,0x00000006,
0x0000043f,0x3cd4fdf4,0x0005002c,0x00000009,0x00000440,0x0000043e,0x0000043f,0x0004003b,
0x0000009c,0x00000445,0x00000000,0x0004002b,0x00000006,0x00000457,0x3dd70a3d,0x0004002b,
0x00000006,0x0000045a,0x3d851eb8,0x0004002b,0x0000001d,0x0000045d,0x00000013,0x00040017,
0x00000467,0x00000047,0x00000004,0x000a001e,0x00000468,0x00000049,0x00000049,0x00000049,
0x00000049,0x00000049,0x00000467,0x00000467,0x00000049,0x00040020,0x00000469,0x00000009,
0x00000468,0x0004003b,0x00000469,0x0000046a,0x00000009,0x0004002b,0x0000001d,0x0000046b,
0x00000006,0x00040020,0x0000046c,0x00000009,0x00000047,0x0004002b,0x00000047,0x0000046f,
0x00000800,0x0004002b,0x00000047,0x00000475,0x00001000,0x0004002b,0x0000001d,0x0000047d,
0x00000004,0x00040020,0x0000047e,0x00000009,0x00000049,0x0007002c,0x00000049,0x00000482,
0x00000081,0x00000081,0x00000081,0x00000081,0x00040020,0x00000486,0x00000001,0x00000009,
0x0004003b,0x00000486,0x00000487,0x00000001,0x0004002b,0x0000001d,0x0000049b,0x0000001a,
0x0004002b,0x0000001d,0x000004a1,0x00000005,0x00040020,0x000004a5,0x00000003,0x00000049,
0x0004003b,0x000004a5,0x000004a6,0x00000003,0x0004002b,0x00000006,0x000004a7,0x3d1374bc,
0x0004002b,0x00000006,0x000004a8,0x3e04b5dd,0x0004002b,0x00000006,0x000004a9,0x3e3fb15b,
0x0004002b,0x00000006,0x000004aa,0x3f3851ec,0x0007002c,0x00000049,0x000004ab,0x000004a7,
0x000004a8,0x000004a9,0x000004aa,0x00040020,0x000004b2,0x00000009,0x00000006,0x00040020,
0x000004ba,0x00000001,0x00000049,0x0004003b,0x000004ba,0x000004bb,0x00000001,0x00040020,
0x000004bd,0x00000001,0x00000006,0x00090019,0x000004c6,0x00000006,0x00000006,0x00000000,
0x00000000,0x00000000,0x00000002,0x00000000,0x00040020,0x000004c7,0x00000000,0x000004c6,
0x0004003b,0x000004c7,0x000004c8,0x00000000,0x0005002c,0x00000374,0x000004ca,0x000001a9,
0x000001a9,0x00040020,0x000004d7,0x00000001,0x00000007,0x0004003b,0x000004d7,0x000004d8,
0x00000001,0x0004003b,0x00000486,0x000004f2,0x00000001,0x0004002b,0x00000006,0x00000501,
0x3dcccccd,0x0004003b,0x000004d7,0x00000521,0x00000001,0x0004002b,0x0000001d,0x0000053a,
0x00000018,0x0004002b,0x0000001d,0x0000053f,0x00000019,0x0004002b,0x00000006,0x00000544,
0x40a00000,0x0004002b,0x00000006,0x00000548,0x3a83126f,0x0004003b,0x00000486,0x000005d3,
0x00000001,0x0004003b,0x000004d7,0x000005d9,0x00000001,0x0004002b,0x0000001d,0x000005f9,
0x00000014,0x0004002b,0x00000006,0x00000613,0x3ccccccd,0x0004002b,0x0000001d,0x00000666,
0x00000017,0x0004002b,0x00000006,0x00000677,0x3e59b3d0,0x0004002b,0x00000006,0x00000678,
0x3f371759,0x0004002b,0x00000006,0x00000679,0x3d93dd98,0x0006002c,0x00000007,0x0000067a,
0x00000677,0x00000678,0x00000679,0x0004002b,0x0000001d,0x0000067d,0x00000015,0x0004002b,
0x0000001d,0x00000681,0x00000016,0x0004002b,0x00000006,0x000006eb,0x40800000,0x0004002b,
0x00000006,0x00000704,0x3eb33333,0x0004002b,0x00000006,0x00000705,0x3f266666,0x0004002b,
0x00000006,0x0000072a,0x3f7fff58,0x0004002b,0x00000006,0x00000730,0x3d0f5c29,0x0004002b,
0x00000006,0x00000731,0x3e6147ae,0x0004002b,0x0000001d,0x00000740,0x0000001e,0x0004003b,
0x000004ba,0x0000074d,0x00000001,0x0004002b,0x00000006,0x00000750,0x41200000,0x0004002b,
0x00000006,0x0000075b,0x3db851ec,0x0004002b,0x00000006,0x0000075d,0x3be56042,0x0004002b,
0x00000006,0x0000075e,0xbc343958,0x0005002c,0x00000009,0x0000075f,0x0000075d,0x0000075e,
0x0004002b,0x00000006,0x0000076b,0x3f441b76,0x0004002b,0x00000006,0x0000076c,0x3f248dc1,
0x0005002c,0x00000009,0x0000076d,0x0000076b,0x0000076c,0x0004002b,0x00000006,0x0000076e,
0xbf248dc1,0x0005002c,0x00000009,0x0000076f,0x0000076e,0x0000076b,0x0005002c,0x00000433,
0x00000770,0x0000076d,0x0000076f,0x0004002b,0x00000006,0x00000773,0x3d27ef9e,0x0004002b,
0x00000006,0x00000776,0xbb83126f,0x0004002b,0x00000006,0x00000777,0x3bc49ba6,0x0005002c,
0x00000009,0x00000778,0x00000776,0x00000777,0x0004002b,0x00000006,0x00000780,0x3f2e147b,
0x0004002b,0x00000006,0x00000783,0x3ec28f5c,0x0004002b,0x00000006,0x00000786,0x3ea3d70a,
0x0004002b,0x00000006,0x000007a7,0x3f6b851f,0x0004002b,0x00000006,0x000007a8,0x3f7851ec,
0x0006002c,0x00000007,0x000007a9,0x000007a7,0x000007a8,0x00000081,0x0004002b,0x00000006,
0x000007bf,0x414eb852,0x0004002b,0x00000006,0x000007c2,0x3f870a3d,0x0004002b,0x00000006,
0x000007c4,0x3ed55555,0x0006002c,0x00000007,0x000007c5,0x000007c4,0x000007c4,0x000007c4,
0x0004002b,0x00000006,0x000007c8,0x3d6147ae,0x0004002b,0x00000006,0x000007cc,0x3b4d2e1c,
0x0006002c,0x00000007,0x000007cd,0x000007cc,0x000007cc,0x000007cc,0x00040017,0x000007ce,
0x00000089,0x00000003,0x0006002c,0x00000007,0x000011f1,0x00000109,0x00000109,0x00000109,
0x0006002c,0x00000007,0x000011f2,0x00000111,0x00000111,0x00000111,0x0006002c,0x00000007,
0x000011f3,0x00000115,0x00000115,0x00000115,0x0006002c,0x00000007,0x000011f4,0x00000081,
0x00000081,0x00000081,0x0006002c,0x00000007,0x000011f5,0x000007c8,0x000007c8,0x000007c8,
0x0004002b,0x00000006,0x00001203,0x3e22f983,0x0004002b,0x00000006,0x00001204,0x3ea2f983,
0x0004002b,0x00000006,0x00001207,0xbf000000,0x0006002c,0x00000007,0x0000120a,0x00001204,
0x00001204,0x00001204,0x00050036,0x00000002,0x00000004,0x00000000,0x00000003,0x000200f8,
0x00000005,0x000300f7,0x000007dc,0x00000000,0x000300fb,0x00000063,0x000007dd,0x000200f8,
0x000007dd,0x00060041,0x0000046c,0x0000046d,0x0000046a,0x0000046b,0x00000063,0x0004003d,
0x00000047,0x0000046e,0x0000046d,0x000500c7,0x00000047,0x00000470,0x0000046e,0x0000046f,
0x000500ab,0x00000089,0x00000471,0x00000470,0x00000063,0x000500c7,0x00000047,0x00000476,
0x0000046e,0x00000475,0x000500ab,0x00000089,0x00000477,0x00000476,0x00000063,0x000300f7,
0x0000047c,0x00000000,0x000400fa,0x00000471,0x0000047b,0x00000481,0x000200f8,0x0000047b,
0x00050041,0x0000047e,0x0000047f,0x0000046a,0x0000047d,0x0004003d,0x00000049,0x00000480,
0x0000047f,0x000200f9,0x0000047c,0x000200f8,0x00000481,0x000200f9,0x0000047c,0x000200f8,
0x0000047c,0x000700f5,0x00000049,0x00001094,0x00000480,0x0000047b,0x00000482,0x00000481,
0x0004003d,0x00000009,0x00000488,0x00000487,0x00050050,0x000000cc,0x00000489,0x00000477,
0x00000477,0x000600a9,0x00000009,0x0000048a,0x00000489,0x00000488,0x000000cb,0x000300f7,
0x0000048e,0x00000000,0x000400fa,0x00000471,0x0000048d,0x00000492,0x000200f8,0x0000048d,
0x00050041,0x0000047e,0x0000048f,0x0000046a,0x00000072,0x0004003d,0x00000049,0x00000490,
0x0000048f,0x0007004f,0x00000009,0x00000491,0x00000490,0x00000490,0x00000000,0x00000001,
0x000200f9,0x0000048e,0x000200f8,0x00000492,0x000200f9,0x0000048e,0x000200f8,0x0000048e,
0x000700f5,0x00000009,0x00001095,0x00000491,0x0000048d,0x000000cb,0x00000492,0x00050081,
0x00000009,0x00000494,0x0000048a,0x00001095,0x00060041,0x00000074,0x00000497,0x00000071,
0x0000045d,0x00000060,0x0004003d,0x00000006,0x00000498,0x00000497,0x0005008e,0x00000009,
0x00000499,0x00000494,0x00000498,0x00060041,0x00000074,0x0000049c,0x00000071,0x0000049b,
0x00000073,0x0004003d,0x00000006,0x0000049d,0x0000049c,0x00050081,0x00000006,0x0000049e,
0x0000049d,0x0000007b,0x0004006e,0x0000001d,0x0000049f,0x0000049e,0x000500aa,0x00000089,
0x000004a2,0x0000049f,0x000004a1,0x000300f7,0x000004a4,0x00000000,0x000400fa,0x000004a2,
0x000004a3,0x000004a4,0x000200f8,0x000004a3,0x0003003e,0x000004a6,0x000004ab,0x000200f9,
0x000007dc,0x000200f8,0x000004a4,0x00050041,0x0000047e,0x000004ae,0x0000046a,0x0000033d,
0x0004003d,0x00000049,0x000004af,0x000004ae,0x0008004f,0x00000007,0x000004b0,0x000004af,
0x000004af,0x00000000,0x00000001,0x00000002,0x00060041,0x000004b2,0x000004b3,0x0000046a,
0x0000033d,0x00000092,0x0004003d,0x00000006,0x000004b4,0x000004b3,0x00060041,0x0000046c,
0x000004b6,0x0000046a,0x0000046b,0x00000092,0x0004003d,0x00000047,0x000004b7,0x000004b6,
0x0004007c,0x00000006,0x000004b8,0x000004b7,0x00050041,0x000004bd,0x000004be,0x000004bb,
0x00000060,0x0004003d,0x00000006,0x000004bf,0x000004be,0x00050085,0x00000006,0x00000803,
0x000004b4,0x000004b8,0x00050083,0x00000006,0x00000808,0x000004b8,0x000004b4,0x0004007f,
0x00000006,0x000011f6,0x000004bf,0x0008000c,0x00000006,0x0000080a,0x00000001,0x00000032,
0x000011f6,0x00000808,0x000004b8,0x0007000c,0x00000006,0x0000080b,0x00000001,0x00000028,
0x0000080a,0x00000423,0x00050088,0x00000006,0x0000080c,0x00000803,0x0000080b,0x0004003d,
0x000004c6,0x000004c9,0x000004c8,0x00050062,0x00000049,0x000004cb,0x000004c9,0x000004ca,
0x00050051,0x00000006,0x000004cc,0x000004cb,0x00000000,0x0004007f,0x00000006,0x000011f7,
0x000004cc,0x0008000c,0x00000006,0x00000818,0x00000001,0x00000032,0x000011f7,0x00000808,
0x000004b8,0x0007000c,0x00000006,0x00000819,0x00000001,0x00000028,0x00000818,0x00000423,
0x00050088,0x00000006,0x0000081a,0x00000803,0x00000819,0x0004003d,0x00000007,0x000004d9,
0x000004d8,0x00050083,0x00000007,0x000004da,0x000004b0,0x000004d9,0x0006000c,0x00000006,
0x000004db,0x00000001,0x00000042,0x000004da,0x00050083,0x00000006,0x000004df,0x0000081a,
0x0000080c,0x0007000c,0x00000006,0x000004e0,0x00000001,0x00000028,0x000004df,0x000000a3,
0x0007000c,0x00000006,0x000004e4,0x00000001,0x00000028,0x0000080c,0x000004b4,0x00050088,
0x00000006,0x000004e5,0x000004db,0x000004e4,0x00050085,0x00000006,0x000004e6,0x000004e0,
0x000004e5,0x0007000c,0x00000006,0x000004e9,0x00000001,0x00000025,0x000004e6,0x000004b8,
0x000300f7,0x000004ec,0x00000000,0x000400fa,0x00000471,0x000004eb,0x000004ec,0x000200f8,
0x000004eb,0x000300f7,0x000004f1,0x00000000,0x000400fa,0x00000477,0x000004f0,0x000004f5,
0x000200f8,0x000004f0,0x00050041,0x000004bd,0x000004f3,0x000004f2,0x00000073,0x0004003d,
0x00000006,0x000004f4,0x000004f3,0x000200f9,0x000004f1,0x000200f8,0x000004f5,0x00060041,
0x000004b2,0x000004f6,0x0000046a,0x00000072,0x00000060,0x0004003d,0x00000006,0x000004f7,
0x000004f6,0x000200f9,0x000004f1,0x000200f8,0x000004f1,0x000700f5,0x00000006,0x00001096,
0x000004f4,0x000004f0,0x000004f7,0x000004f5,0x00050085,0x00000006,0x000004fa,0x00001096,
0x000004db,0x00050051,0x00000006,0x000004fc,0x000004af,0x00000001,0x00050041,0x000004bd,
0x000004fd,0x000004d8,0x00000073,0x0004003d,0x00000006,0x000004fe,0x000004fd,0x00050083,
0x00000006,0x000004ff,0x000004fc,0x000004fe,0x0006000c,0x00000006,0x00000500,0x00000001,
0x00000004,0x000004ff,0x0007000c,0x00000006,0x00000502,0x00000001,0x00000028,0x00000500,
0x00000501,0x00050088,0x00000006,0x00000503,0x000004fa,0x00000502,0x0007000c,0x00000006,
0x00000504,0x00000001,0x00000025,0x000004e9,0x00000503,0x000200f9,0x000004ec,0x000200f8,
0x000004ec,0x000700f5,0x00000006,0x000010f0,0x000004e9,0x000004a4,0x00000504,0x000004f1,
0x000500aa,0x00000089,0x00000507,0x0000049f,0x00000072,0x000300f7,0x0000050a,0x00000000,
0x000400fa,0x00000507,0x00000509,0x0000050b,0x000200f8,0x00000509,0x000200f9,0x0000050a,
0x000200f8,0x0000050b,0x0007004f,0x00000009,0x0000050d,0x000004d9,0x000004d9,0x00000000,
0x00000002,0x00050083,0x00000009,0x0000050f,0x0000050d,0x00000499,0x0005008e,0x00000009,
0x00000823,0x0000050f,0x0000042a,0x0005008e,0x00000009,0x00000825,0x0000042e,0x00000498,
0x00050081,0x00000009,0x00000826,0x00000823,0x00000825,0x00050091,0x00000009,0x00000828,
0x00000439,0x0000050f,0x0005008e,0x00000009,0x00000829,0x00000828,0x0000043c,0x0005008e,
0x00000009,0x0000082b,0x00000440,0x00000498,0x00050081,0x00000009,0x0000082c,0x00000829,
0x0000082b,0x0004003d,0x0000009b,0x0000082d,0x00000445,0x00050057,0x00000049,0x0000082f,
0x0000082d,0x00000826,0x0007004f,0x00000009,0x00000830,0x0000082f,0x0000082f,0x00000000,
0x00000001,0x0005008e,0x00000009,0x00000831,0x00000830,0x0000016c,0x00050083,0x00000009,
0x00000833,0x00000831,0x000000c9,0x00050057,0x00000049,0x00000836,0x0000082d,0x0000082c,
0x0007004f,0x00000009,0x00000837,0x00000836,0x00000836,0x00000000,0x00000001,0x0005008e,
0x00000009,0x00000838,0x00000837,0x0000016c,0x00050083,0x00000009,0x0000083a,0x00000838,
0x000000c9,0x00050091,0x00000009,0x0000083b,0x00000439,0x0000083a,0x0005008e,0x00000009,
0x0000083d,0x00000833,0x00000457,0x0005008e,0x00000009,0x0000083f,0x0000083b,0x0000045a,
0x00050081,0x00000009,0x00000840,0x0000083d,0x0000083f,0x00060041,0x00000074,0x00000841,
0x00000071,0x0000045d,0x00000092,0x0004003d,0x00000006,0x00000842,0x00000841,0x0005008e,
0x00000009,0x00000843,0x00000840,0x00000842,0x00050051,0x00000006,0x00000516,0x00001094,
0x00000000,0x0005008e,0x00000009,0x00000517,0x00000843,0x00000516,0x000200f9,0x0000050a,
0x000200f8,0x0000050a,0x000700f5,0x00000009,0x00001097,0x000000cb,0x00000509,0x00000517,
0x0000050b,0x000500ab,0x00000089,0x0000051d,0x0000049f,0x0000033d,0x000300f7,0x0000051f,
0x00000000,0x000400fa,0x0000051d,0x0000051e,0x0000051f,0x000200f8,0x0000051e,0x0004003d,
0x00000007,0x00000522,0x00000521,0x0007004f,0x00000009,0x00000523,0x00000522,0x00000522,
0x00000000,0x00000001,0x000400cf,0x00000009,0x00000524,0x00000523,0x000400d0,0x00000009,
0x00000528,0x00000523,0x000200f9,0x0000052a,0x000200f8,0x0000052a,0x000700f5,0x00000006,
0x0000109f,0x000000a3,0x0000051e,0x000005af,0x0000052d,0x000700f5,0x00000006,0x0000109d,
0x000000a3,0x0000051e,0x00000598,0x0000052d,0x000700f5,0x00000009,0x0000109b,0x00001097,
0x0000051e,0x00000594,0x0000052d,0x000700f5,0x0000001d,0x00001098,0x000001a9,0x0000051e,
0x000005b1,0x0000052d,0x000500b1,0x00000089,0x00000530,0x00001098,0x0000047d,0x000400f6,
0x0000052c,0x0000052d,0x00000000,0x000400fa,0x00000530,0x0000052b,0x0000052c,0x000200f8,
0x0000052b,0x00060041,0x00000074,0x00000532,0x00000071,0x0000045d,0x00000063,0x0004003d,
0x00000006,0x00000533,0x00000532,0x0004006e,0x0000001d,0x00000534,0x00000533,0x000500af,
0x00000089,0x00000535,0x00001098,0x00000534,0x000300f7,0x00000537,0x00000000,0x000400fa,
0x00000535,0x00000536,0x00000537,0x000200f8,0x00000536,0x000200f9,0x0000052c,0x000200f8,
0x00000537,0x00060041,0x00000351,0x0000053c,0x00000071,0x0000053a,0x00001098,0x0004003d,
0x00000049,0x0000053d,0x0000053c,0x00070041,0x00000074,0x00000541,0x00000071,0x0000053f,
0x00001098,0x00000063,0x0004003d,0x00000006,0x00000542,0x00000541,0x00050041,0x000004bd,
0x00000546,0x00000521,0x00000060,0x0004003d,0x00000006,0x00000547,0x00000546,0x0007000c,
0x00000006,0x00000549,0x00000001,0x00000028,0x00000547,0x00000548,0x00050088,0x00000006,
0x0000054a,0x00000542,0x00000549,0x0008000c,0x00000006,0x0000054b,0x00000001,0x00000031,
0x0000016c,0x00000544,0x0000054a,0x00050051,0x00000006,0x0000054e,0x0000053d,0x00000002,
0x00050083,0x00000006,0x00000550,0x00000081,0x0000054b,0x00050085,0x00000006,0x00000551,
0x0000054e,0x00000550,0x00050051,0x00000006,0x00000553,0x00001094,0x00000000,0x00050085,
0x00000006,0x00000554,0x00000551,0x00000553,0x00070041,0x00000074,0x00000557,0x00000071,
0x0000053f,0x00001098,0x00000073,0x0004003d,0x00000006,0x00000558,0x00000557,0x00070041,
0x00000074,0x0000055b,0x00000071,0x0000053f,0x00001098,0x00000060,0x0004003d,0x00000006,
0x0000055c,0x0000055b,0x0004007f,0x00000006,0x00000562,0x0000055c,0x00050050,0x00000009,
0x00000564,0x00000558,0x0000055c,0x00050050,0x00000009,0x00000565,0x00000562,0x00000558,
0x00050050,0x00000433,0x00000566,0x00000564,0x00000565,0x00040054,0x00000433,0x00000569,
0x00000566,0x00050091,0x00000009,0x0000056c,0x00000569,0x00000523,0x00050051,0x00000006,
0x0000056e,0x0000053d,0x00000001,0x00050050,0x00000009,0x0000056f,0x0000056e,0x0000056e,
0x00050088,0x00000009,0x00000570,0x0000056c,0x0000056f,0x00050051,0x00000006,0x00000573,
0x0000053d,0x00000000,0x0004006d,0x00000047,0x00000574,0x00000573,0x00050091,0x00000009,
0x00000578,0x00000569,0x00000524,0x00050088,0x00000009,0x0000057c,0x00000578,0x0000056f,
0x00050091,0x00000009,0x00000580,0x00000569,0x00000528,0x00050088,0x00000009,0x00000584,
0x00000580,0x0000056f,0x000300f7,0x00000871,0x00000000,0x000300fb,0x00000063,0x0000084a,
0x000200f8,0x0000084a,0x00040070,0x00000006,0x0000084d,0x00000574,0x00050088,0x00000006,
0x0000084e,0x0000007b,0x0000084d,0x00050050,0x00000009,0x0000084f,0x0000084e,0x0000084e,
0x00050081,0x00000009,0x00000850,0x00000570,0x0000084f,0x000500aa,0x00000089,0x00000852,
0x00001098,0x000001a9,0x000300f7,0x00000859,0x00000000,0x000400fa,0x00000852,0x00000853,
0x00000859,0x000200f8,0x00000853,0x0004003d,0x0000009b,0x00000854,0x000003e9,0x00080058,
0x00000049,0x00000858,0x00000854,0x00000850,0x00000004,0x0000057c,0x00000584,0x000200f9,
0x00000871,0x000200f8,0x00000859,0x000500aa,0x00000089,0x0000085b,0x00001098,0x00000162,
0x000300f7,0x00000862,0x00000000,0x000400fa,0x0000085b,0x0000085c,0x00000862,0x000200f8,
0x0000085c,0x0004003d,0x0000009b,0x0000085d,0x000003f4,0x00080058,0x00000049,0x00000861,
0x0000085d,0x00000850,0x00000004,0x0000057c,0x00000584,0x000200f9,0x00000871,0x000200f8,
0x00000862,0x000500aa,0x00000089,0x00000864,0x00001098,0x0000033d,0x000300f7,0x0000086b,
0x00000000,0x000400fa,0x00000864,0x00000865,0x0000086b,0x000200f8,0x00000865,0x0004003d,
0x0000009b,0x00000866,0x000003ff,0x00080058,0x00000049,0x0000086a,0x00000866,0x00000850,
0x00000004,0x0000057c,0x00000584,0x000200f9,0x00000871,0x000200f8,0x0000086b,0x0004003d,
0x0000009b,0x0000086c,0x00000406,0x00080058,0x00000049,0x00000870,0x0000086c,0x00000850,
0x00000004,0x0000057c,0x00000584,0x000200f9,0x00000871,0x000200f8,0x00000871,0x000b00f5,
0x00000049,0x00001099,0x00000858,0x00000853,0x00000861,0x0000085c,0x0000086a,0x00000865,
0x00000870,0x0000086b,0x0007004f,0x00000009,0x0000058f,0x00001099,0x00001099,0x00000000,
0x00000001,0x00050091,0x00000009,0x00000590,0x00000566,0x0000058f,0x0005008e,0x00000009,
0x00000592,0x00000590,0x00000554,0x00050081,0x00000009,0x00000594,0x0000109b,0x00000592,
0x00050051,0x00000006,0x00000597,0x00001099,0x00000002,0x0007000c,0x00000006,0x00000598,
0x00000001,0x00000028,0x0000109d,0x00000597,0x00050051,0x00000006,0x0000059a,0x00001099,
0x00000003,0x00050094,0x00000006,0x0000059f,0x0000058f,0x0000058f,0x00050083,0x00000006,
0x000005a0,0x0000059a,0x0000059f,0x0007000c,0x00000006,0x000005a1,0x00000001,0x00000028,
0x000000a3,0x000005a0,0x00050085,0x00000006,0x000005a4,0x000005a1,0x0000054e,0x00050085,
0x00000006,0x000005a7,0x000005a4,0x0000054e,0x00050085,0x00000006,0x000005aa,0x000005a7,
0x00000553,0x0008000c,0x00000006,0x000005af,0x00000001,0x00000032,0x000005aa,0x00000553,
0x0000109f,0x000200f9,0x0000052d,0x000200f8,0x0000052d,0x00050080,0x0000001d,0x000005b1,
0x00001098,0x00000162,0x000200f9,0x0000052a,0x000200f8,0x0000052c,0x000200f9,0x0000051f,
0x000200f8,0x0000051f,0x000700f5,0x00000006,0x00001199,0x000000a3,0x0000050a,0x0000109d,
0x0000052c,0x000700f5,0x00000006,0x000010cd,0x000000a3,0x0000050a,0x0000109f,0x0000052c,
0x000700f5,0x00000009,0x000010b9,0x00001097,0x0000050a,0x0000109b,0x0000052c,0x000300f7,
0x000005b5,0x00000000,0x000400fa,0x0000051d,0x000005b4,0x000005b5,0x000200f8,0x000005b4,
0x00060041,0x00000074,0x000005b7,0x00000071,0x00000337,0x00000060,0x0004003d,0x00000006,
0x000005b8,0x000005b7,0x00060041,0x00000074,0x000005b9,0x00000071,0x00000337,0x00000092,
0x0004003d,0x00000006,0x000005ba,0x000005b9,0x0007000c,0x00000006,0x000005bb,0x00000001,
0x00000028,0x000005ba,0x00000081,0x00050088,0x00000006,0x000005bc,0x000005b8,0x000005bb,
0x0007004f,0x00000009,0x000005bf,0x000004d9,0x000004d9,0x00000000,0x00000002,0x000400cf,
0x00000009,0x000005c0,0x000005bf,0x0006000c,0x00000006,0x000005c1,0x00000001,0x00000042,
0x000005c0,0x000400d0,0x00000009,0x000005c4,0x000005bf,0x0006000c,0x00000006,0x000005c5,
0x00000001,0x00000042,0x000005c4,0x0007000c,0x00000006,0x000005c6,0x00000001,0x00000028,
0x000005c1,0x000005c5,0x0007000c,0x00000006,0x000005c9,0x00000001,0x00000028,0x000005bc,
0x000005c6,0x0007000c,0x00000006,0x0000087b,0x00000001,0x00000028,0x000005c9,0x00000294,
0x00050088,0x00000006,0x0000087c,0x0000007b,0x0000087b,0x00050050,0x00000009,0x0000087f,
0x000005c9,0x000000a3,0x00050081,0x00000009,0x00000880,0x000005bf,0x0000087f,0x000300f7,
0x00000915,0x00000000,0x000300fb,0x00000063,0x000008b1,0x000200f8,0x000008b1,0x00050081,
0x00000006,0x000008b4,0x000005ba,0x0000007b,0x0004006e,0x0000001d,0x000008b5,0x000008b4,
0x000500b1,0x00000089,0x000008b7,0x000008b5,0x0000033d,0x000300f7,0x000008b9,0x00000000,
0x000400fa,0x000008b7,0x000008b8,0x000008b9,0x000200f8,0x000008b8,0x000200f9,0x00000915,
0x000200f8,0x000008b9,0x000500bc,0x00000089,0x000008bd,0x000005b8,0x000000a3,0x000300f7,
0x000008bf,0x00000000,0x000400fa,0x000008bd,0x000008be,0x000008bf,0x000200f8,0x000008be,
0x000200f9,0x00000915,0x000200f8,0x000008bf,0x0004006f,0x00000006,0x000008c2,0x000008b5,
0x00050088,0x00000006,0x000008c3,0x000005b8,0x000008c2,0x00050041,0x00000351,0x000008c5,
0x00000071,0x00000337,0x0004003d,0x00000049,0x000008c6,0x000008c5,0x0007004f,0x00000009,
0x000008c7,0x000008c6,0x000008c6,0x00000000,0x00000001,0x00050083,0x00000009,0x000008c8,
0x00000880,0x000008c7,0x00050085,0x00000006,0x000008ca,0x000005b8,0x0000007b,0x00050051,
0x00000006,0x000008cc,0x000008c8,0x00000000,0x0006000c,0x00000006,0x000008cd,0x00000001,
0x00000004,0x000008cc,0x0004007f,0x00000006,0x000011f8,0x000008cd,0x0008000c,0x00000006,
0x000008ce,0x00000001,0x00000032,0x000005b8,0x0000007b,0x000011f8,0x00050051,0x00000006,
0x000008d2,0x000008c8,0x00000001,0x0006000c,0x00000006,0x000008d3,0x00000001,0x00000004,
0x000008d2,0x0004007f,0x00000006,0x000011f9,0x000008d3,0x0008000c,0x00000006,0x000008d4,
0x00000001,0x00000032,0x000005b8,0x0000007b,0x000011f9,0x0007000c,0x00000006,0x000008d5,
0x00000001,0x00000025,0x000008ce,0x000008d4,0x000500bc,0x00000089,0x000008d7,0x000008d5,
0x000000a3,0x000300f7,0x000008d9,0x00000000,0x000400fa,0x000008d7,0x000008d8,0x000008d9,
0x000200f8,0x000008d8,0x000200f9,0x00000915,0x000200f8,0x000008d9,0x00050050,0x00000009,
0x000008dd,0x000008ca,0x000008ca,0x00050081,0x00000009,0x000008de,0x000008c8,0x000008dd,
0x00050050,0x00000009,0x000008e0,0x000008c3,0x000008c3,0x00050088,0x00000009,0x000008e1,
0x000008de,0x000008e0,0x00050083,0x00000009,0x000008e2,0x000008e1,0x00000372,0x0006000c,
0x00000009,0x000008e4,0x00000001,0x00000008,0x000008e2,0x0004006e,0x00000374,0x000008e5,
0x000008e4,0x0006000c,0x00000009,0x000008e7,0x00000001,0x0000000a,0x000008e2,0x00050051,
0x0000001d,0x000008e9,0x000008e5,0x00000000,0x00050051,0x0000001d,0x000008eb,0x000008e5,
0x00000001,0x000300f7,0x00000932,0x00000000,0x000300fb,0x00000063,0x0000091b,0x000200f8,
0x0000091b,0x000500b1,0x00000089,0x0000091d,0x000008e9,0x000001a9,0x000500b1,0x00000089,
0x0000091f,0x000008eb,0x000001a9,0x000500a6,0x00000089,0x00000920,0x0000091d,0x0000091f,
0x000500af,0x00000089,0x00000923,0x000008e9,0x000008b5,0x000500a6,0x00000089,0x00000924,
0x00000920,0x00000923,0x000500af,0x00000089,0x00000927,0x000008eb,0x000008b5,0x000500a6,
0x00000089,0x00000928,0x00000924,0x00000927,0x000300f7,0x0000092a,0x00000000,0x000400fa,
0x00000928,0x00000929,0x0000092a,0x000200f8,0x00000929,0x000200f9,0x00000932,0x000200f8,
0x0000092a,0x00050084,0x0000001d,0x0000092d,0x000008eb,0x000008b5,0x00050080,0x0000001d,
0x0000092f,0x0000092d,0x000008e9,0x00060041,0x00000331,0x00000930,0x0000032b,0x000001a9,
0x0000092f,0x0004003d,0x00000006,0x00000931,0x00000930,0x000200f9,0x00000932,0x000200f8,
0x00000932,0x000700f5,0x00000006,0x000010a1,0x000000a3,0x00000929,0x00000931,0x0000092a,
0x00050080,0x0000001d,0x000008f0,0x000008e9,0x00000162,0x000300f7,0x0000094f,0x00000000,
0x000300fb,0x00000063,0x00000938,0x000200f8,0x00000938,0x000500b1,0x00000089,0x0000093a,
0x000008f0,0x000001a9,0x000500a6,0x00000089,0x0000093d,0x0000093a,0x0000091f,0x000500af,
0x00000089,0x00000940,0x000008f0,0x000008b5,0x000500a6,0x00000089,0x00000941,0x0000093d,
0x00000940,0x000500a6,0x00000089,0x00000945,0x00000941,0x00000927,0x000300f7,0x00000947,
0x00000000,0x000400fa,0x00000945,0x00000946,0x00000947,0x000200f8,0x00000946,0x000200f9,
0x0000094f,0x000200f8,0x00000947,0x00050084,0x0000001d,0x0000094a,0x000008eb,0x000008b5,
0x00050080,0x0000001d,0x0000094c,0x0000094a,0x000008f0,0x00060041,0x00000331,0x0000094d,
0x0000032b,0x000001a9,0x0000094c,0x0004003d,0x00000006,0x0000094e,0x0000094d,0x000200f9,
0x0000094f,0x000200f8,0x0000094f,0x000700f5,0x00000006,0x000010a2,0x000000a3,0x00000946,
0x0000094e,0x00000947,0x00050051,0x00000006,0x000008f6,0x000008e7,0x00000000,0x0008000c,
0x00000006,0x000008f7,0x00000001,0x0000002e,0x000010a1,0x000010a2,0x000008f6,0x00050080,
0x0000001d,0x000008fa,0x000008eb,0x00000162,0x000300f7,0x0000096c,0x00000000,0x000300fb,
0x00000063,0x00000955,0x000200f8,0x00000955,0x000500b1,0x00000089,0x00000959,0x000008fa,
0x000001a9,0x000500a6,0x00000089,0x0000095a,0x0000091d,0x00000959,0x000500a6,0x00000089,
0x0000095e,0x0000095a,0x00000923,0x000500af,0x00000089,0x00000961,0x000008fa,0x000008b5,
0x000500a6,0x00000089,0x00000962,0x0000095e,0x00000961,0x000300f7,0x00000964,0x00000000,
0x000400fa,0x00000962,0x00000963,0x00000964,0x000200f8,0x00000963,0x000200f9,0x0000096c,
0x000200f8,0x00000964,0x00050084,0x0000001d,0x00000967,0x000008fa,0x000008b5,0x00050080,
0x0000001d,0x00000969,0x00000967,0x000008e9,0x00060041,0x00000331,0x0000096a,0x0000032b,
0x000001a9,0x00000969,0x0004003d,0x00000006,0x0000096b,0x0000096a,0x000200f9,0x0000096c,
0x000200f8,0x0000096c,0x000700f5,0x00000006,0x000010a3,0x000000a3,0x00000963,0x0000096b,
0x00000964,0x000300f7,0x00000989,0x00000000,0x000300fb,0x00000063,0x00000972,0x000200f8,
0x00000972,0x000500a6,0x00000089,0x00000977,0x0000093a,0x00000959,0x000500a6,0x00000089,
0x0000097b,0x00000977,0x00000940,0x000500a6,0x00000089,0x0000097f,0x0000097b,0x00000961,
0x000300f7,0x00000981,0x00000000,0x000400fa,0x0000097f,0x00000980,0x00000981,0x000200f8,
0x00000980,0x000200f9,0x00000989,0x000200f8,0x00000981,0x00050084,0x0000001d,0x00000984,
0x000008fa,0x000008b5,0x00050080,0x0000001d,0x00000986,0x00000984,0x000008f0,0x00060041,
0x00000331,0x00000987,0x0000032b,0x000001a9,0x00000986,0x0004003d,0x00000006,0x00000988,
0x00000987,0x000200f9,0x00000989,0x000200f8,0x00000989,0x000700f5,0x00000006,0x000010a4,
0x000000a3,0x00000980,0x00000988,0x00000981,0x0008000c,0x00000006,0x00000909,0x00000001,
0x0000002e,0x000010a3,0x000010a4,0x000008f6,0x00050085,0x00000006,0x0000090b,0x0000016c,
0x000008c3,0x0008000c,0x00000006,0x0000090d,0x00000001,0x00000031,0x000000a3,0x0000090b,
0x000008d5,0x00050051,0x00000006,0x00000911,0x000008e7,0x00000001,0x0008000c,0x00000006,
0x00000912,0x00000001,0x0000002e,0x000008f7,0x00000909,0x00000911,0x00050085,0x00000006,
0x00000914,0x00000912,0x0000090d,0x000200f9,0x00000915,0x000200f8,0x00000915,0x000b00f5,
0x00000006,0x000010a5,0x000000a3,0x000008b8,0x000000a3,0x000008be,0x000000a3,0x000008d8,
0x00000914,0x00000989,0x00050083,0x00000009,0x00000885,0x000005bf,0x0000087f,0x000300f7,
0x00000a0a,0x00000000,0x000300fb,0x00000063,0x000009a6,0x000200f8,0x000009a6,0x000300f7,
0x000009ae,0x00000000,0x000400fa,0x000008b7,0x000009ad,0x000009ae,0x000200f8,0x000009ad,
0x000200f9,0x00000a0a,0x000200f8,0x000009ae,0x000500bc,0x00000089,0x000009b2,0x000005b8,
0x000000a3,0x000300f7,0x000009b4,0x00000000,0x000400fa,0x000009b2,0x000009b3,0x000009b4,
0x000200f8,0x000009b3,0x000200f9,0x00000a0a,0x000200f8,0x000009b4,0x0004006f,0x00000006,
0x000009b7,0x000008b5,0x00050088,0x00000006,0x000009b8,0x000005b8,0x000009b7,0x00050041,
0x00000351,0x000009ba,0x00000071,0x00000337,0x0004003d,0x00000049,0x000009bb,0x000009ba,
0x0007004f,0x00000009,0x000009bc,0x000009bb,0x000009bb,0x00000000,0x00000001,0x00050083,
0x00000009,0x000009bd,0x00000885,0x000009bc,0x00050085,0x00000006,0x000009bf,0x000005b8,
0x0000007b,0x00050051,0x00000006,0x000009c1,0x000009bd,0x00000000,0x0006000c,0x00000006,
0x000009c2,0x00000001,0x00000004,0x000009c1,0x0004007f,0x00000006,0x000011fa,0x000009c2,
0x0008000c,0x00000006,0x000009c3,0x00000001,0x00000032,0x000005b8,0x0000007b,0x000011fa,
0x00050051,0x00000006,0x000009c7,0x000009bd,0x00000001,0x0006000c,0x00000006,0x000009c8,
0x00000001,0x00000004,0x000009c7,0x0004007f,0x00000006,0x000011fb,0x000009c8,0x0008000c,
0x00000006,0x000009c9,0x00000001,0x00000032,0x000005b8,0x0000007b,0x000011fb,0x0007000c,
0x00000006,0x000009ca,0x00000001,0x00000025,0x000009c3,0x000009c9,0x000500bc,0x00000089,
0x000009cc,0x000009ca,0x000000a3,0x000300f7,0x000009ce,0x00000000,0x000400fa,0x000009cc,
0x000009cd,0x000009ce,0x000200f8,0x000009cd,0x000200f9,0x00000a0a,0x000200f8,0x000009ce,
0x00050050,0x00000009,0x000009d2,0x000009bf,0x000009bf,0x00050081,0x00000009,0x000009d3,
0x000009bd,0x000009d2,0x00050050,0x00000009,0x000009d5,0x000009b8,0x000009b8,0x00050088,
0x00000009,0x000009d6,0x000009d3,0x000009d5,0x00050083,0x00000009,0x000009d7,0x000009d6,
0x00000372,0x0006000c,0x00000009,0x000009d9,0x00000001,0x00000008,0x000009d7,0x0004006e,
0x00000374,0x000009da,0x000009d9,0x0006000c,0x00000009,0x000009dc,0x00000001,0x0000000a,
0x000009d7,0x00050051,0x0000001d,0x000009de,0x000009da,0x00000000,0x00050051,0x0000001d,
0x000009e0,0x000009da,0x00000001,0x000300f7,0x00000a27,0x00000000,0x000300fb,0x00000063,
0x00000a10,0x000200f8,0x00000a10,0x000500b1,0x00000089,0x00000a12,0x000009de,0x000001a9,
0x000500b1,0x00000089,0x00000a14,0x000009e0,0x000001a9,0x000500a6,0x00000089,0x00000a15,
0x00000a12,0x00000a14,0x000500af,0x00000089,0x00000a18,0x000009de,0x000008b5,0x000500a6,
0x00000089,0x00000a19,0x00000a15,0x00000a18,0x000500af,0x00000089,0x00000a1c,0x000009e0,
0x000008b5,0x000500a6,0x00000089,0x00000a1d,0x00000a19,0x00000a1c,0x000300f7,0x00000a1f,
0x00000000,0x000400fa,0x00000a1d,0x00000a1e,0x00000a1f,0x000200f8,0x00000a1e,0x000200f9,
0x00000a27,0x000200f8,0x00000a1f,0x00050084,0x0000001d,0x00000a22,0x000009e0,0x000008b5,
0x00050080,0x0000001d,0x00000a24,0x00000a22,0x000009de,0x00060041,0x00000331,0x00000a25,
0x0000032b,0x000001a9,0x00000a24,0x0004003d,0x00000006,0x00000a26,0x00000a25,0x000200f9,
0x00000a27,0x000200f8,0x00000a27,0x000700f5,0x00000006,0x000010a6,0x000000a3,0x00000a1e,
0x00000a26,0x00000a1f,0x00050080,0x0000001d,0x000009e5,0x000009de,0x00000162,0x000300f7,
0x00000a44,0x00000000,0x000300fb,0x00000063,0x00000a2d,0x000200f8,0x00000a2d,0x000500b1,
0x00000089,0x00000a2f,0x000009e5,0x000001a9,0x000500a6,0x00000089,0x00000a32,0x00000a2f,
0x00000a14,0x000500af,0x00000089,0x00000a35,0x000009e5,0x000008b5,0x000500a6,0x00000089,
0x00000a36,0x00000a32,0x00000a35,0x000500a6,0x00000089,0x00000a3a,0x00000a36,0x00000a1c,
0x000300f7,0x00000a3c,0x00000000,0x000400fa,0x00000a3a,0x00000a3b,0x00000a3c,0x000200f8,
0x00000a3b,0x000200f9,0x00000a44,0x000200f8,0x00000a3c,0x00050084,0x0000001d,0x00000a3f,
0x000009e0,0x000008b5,0x00050080,0x0000001d,0x00000a41,0x00000a3f,0x000009e5,0x00060041,
0x00000331,0x00000a42,0x0000032b,0x000001a9,0x00000a41,0x0004003d,0x00000006,0x00000a43,
0x00000a42,0x000200f9,0x00000a44,0x000200f8,0x00000a44,0x000700f5,0x00000006,0x000010a7,
0x000000a3,0x00000a3b,0x00000a43,0x00000a3c,0x00050051,0x00000006,0x000009eb,0x000009dc,
0x00000000,0x0008000c,0x00000006,0x000009ec,0x00000001,0x0000002e,0x000010a6,0x000010a7,
0x000009eb,0x00050080,0x0000001d,0x000009ef,0x000009e0,0x00000162,0x000300f7,0x00000a61,
0x00000000,0x000300fb,0x00000063,0x00000a4a,0x000200f8,0x00000a4a,0x000500b1,0x00000089,
0x00000a4e,0x000009ef,0x000001a9,0x000500a6,0x00000089,0x00000a4f,0x00000a12,0x00000a4e,
0x000500a6,0x00000089,0x00000a53,0x00000a4f,0x00000a18,0x000500af,0x00000089,0x00000a56,
0x000009ef,0x000008b5,0x000500a6,0x00000089,0x00000a57,0x00000a53,0x00000a56,0x000300f7,
0x00000a59,0x00000000,0x000400fa,0x00000a57,0x00000a58,0x00000a59,0x000200f8,0x00000a58,
0x000200f9,0x00000a61,0x000200f8,0x00000a59,0x00050084,0x0000001d,0x00000a5c,0x000009ef,
0x000008b5,0x00050080,0x0000001d,0x00000a5e,0x00000a5c,0x000009de,0x00060041,0x00000331,
0x00000a5f,0x0000032b,0x000001a9,0x00000a5e,0x0004003d,0x00000006,0x00000a60,0x00000a5f,
0x000200f9,0x00000a61,0x000200f8,0x00000a61,0x000700f5,0x00000006,0x000010a8,0x000000a3,
0x00000a58,0x00000a60,0x00000a59,0x000300f7,0x00000a7e,0x00000000,0x000300fb,0x00000063,
0x00000a67,0x000200f8,0x00000a67,0x000500a6,0x00000089,0x00000a6c,0x00000a2f,0x00000a4e,
0x000500a6,0x00000089,0x00000a70,0x00000a6c,0x00000a35,0x000500a6,0x00000089,0x00000a74,
0x00000a70,0x00000a56,0x000300f7,0x00000a76,0x00000000,0x000400fa,0x00000a74,0x00000a75,
0x00000a76,0x000200f8,0x00000a75,0x000200f9,0x00000a7e,0x000200f8,0x00000a76,0x00050084,
0x0000001d,0x00000a79,0x000009ef,0x000008b5,0x00050080,0x0000001d,0x00000a7b,0x00000a79,
0x000009e5,0x00060041,0x00000331,0x00000a7c,0x0000032b,0x000001a9,0x00000a7b,0x0004003d,
0x00000006,0x00000a7d,0x00000a7c,0x000200f9,0x00000a7e,0x000200f8,0x00000a7e,0x000700f5,
0x00000006,0x000010a9,0x000000a3,0x00000a75,0x00000a7d,0x00000a76,0x0008000c,0x00000006,
0x000009fe,0x00000001,0x0000002e,0x000010a8,0x000010a9,0x000009eb,0x00050085,0x00000006,
0x00000a00,0x0000016c,0x000009b8,0x0008000c,0x00000006,0x00000a02,0x00000001,0x00000031,
0x000000a3,0x00000a00,0x000009ca,0x00050051,0x00000006,0x00000a06,0x000009dc,0x00000001,
0x0008000c,0x00000006,0x00000a07,0x00000001,0x0000002e,0x000009ec,0x000009fe,0x00000a06,
0x00050085,0x00000006,0x00000a09,0x00000a07,0x00000a02,0x000200f9,0x00000a0a,0x000200f8,
0x00000a0a,0x000b00f5,0x00000006,0x000010aa,0x000000a3,0x000009ad,0x000000a3,0x000009b3,
0x000000a3,0x000009cd,0x00000a09,0x00000a7e,0x00050083,0x00000006,0x00000887,0x000010a5,
0x000010aa,0x00050050,0x00000009,0x0000088a,0x000000a3,0x000005c9,0x00050081,0x00000009,
0x0000088b,0x000005bf,0x0000088a,0x000300f7,0x00000aff,0x00000000,0x000300fb,0x00000063,
0x00000a9b,0x000200f8,0x00000a9b,0x000300f7,0x00000aa3,0x00000000,0x000400fa,0x000008b7,
0x00000aa2,0x00000aa3,0x000200f8,0x00000aa2,0x000200f9,0x00000aff,0x000200f8,0x00000aa3,
0x000500bc,0x00000089,0x00000aa7,0x000005b8,0x000000a3,0x000300f7,0x00000aa9,0x00000000,
0x000400fa,0x00000aa7,0x00000aa8,0x00000aa9,0x000200f8,0x00000aa8,0x000200f9,0x00000aff,
0x000200f8,0x00000aa9,0x0004006f,0x00000006,0x00000aac,0x000008b5,0x00050088,0x00000006,
0x00000aad,0x000005b8,0x00000aac,0x00050041,0x00000351,0x00000aaf,0x00000071,0x00000337,
0x0004003d,0x00000049,0x00000ab0,0x00000aaf,0x0007004f,0x00000009,0x00000ab1,0x00000ab0,
0x00000ab0,0x00000000,0x00000001,0x00050083,0x00000009,0x00000ab2,0x0000088b,0x00000ab1,
0x00050085,0x00000006,0x00000ab4,0x000005b8,0x0000007b,0x00050051,0x00000006,0x00000ab6,
0x00000ab2,0x00000000,0x0006000c,0x00000006,0x00000ab7,0x00000001,0x00000004,0x00000ab6,
0x0004007f,0x00000006,0x000011fc,0x00000ab7,0x0008000c,0x00000006,0x00000ab8,0x00000001,
0x00000032,0x000005b8,0x0000007b,0x000011fc,0x00050051,0x00000006,0x00000abc,0x00000ab2,
0x00000001,0x0006000c,0x00000006,0x00000abd,0x00000001,0x00000004,0x00000abc,0x0004007f,
0x00000006,0x000011fd,0x00000abd,0x0008000c,0x00000006,0x00000abe,0x00000001,0x00000032,
0x000005b8,0x0000007b,0x000011fd,0x0007000c,0x00000006,0x00000abf,0x00000001,0x00000025,
0x00000ab8,0x00000abe,0x000500bc,0x00000089,0x00000ac1,0x00000abf,0x000000a3,0x000300f7,
0x00000ac3,0x00000000,0x000400fa,0x00000ac1,0x00000ac2,0x00000ac3,0x000200f8,0x00000ac2,
0x000200f9,0x00000aff,0x000200f8,0x00000ac3,0x00050050,0x00000009,0x00000ac7,0x00000ab4,
0x00000ab4,0x00050081,0x00000009,0x00000ac8,0x00000ab2,0x00000ac7,0x00050050,0x00000009,
0x00000aca,0x00000aad,0x00000aad,0x00050088,0x00000009,0x00000acb,0x00000ac8,0x00000aca,
0x00050083,0x00000009,0x00000acc,0x00000acb,0x00000372,0x0006000c,0x00000009,0x00000ace,
0x00000001,0x00000008,0x00000acc,0x0004006e,0x00000374,0x00000acf,0x00000ace,0x0006000c,
0x00000009,0x00000ad1,0x00000001,0x0000000a,0x00000acc,0x00050051,0x0000001d,0x00000ad3,
0x00000acf,0x00000000,0x00050051,0x0000001d,0x00000ad5,0x00000acf,0x00000001,0x000300f7,
0x00000b1c,0x00000000,0x000300fb,0x00000063,0x00000b05,0x000200f8,0x00000b05,0x000500b1,
0x00000089,0x00000b07,0x00000ad3,0x000001a9,0x000500b1,0x00000089,0x00000b09,0x00000ad5,
0x000001a9,0x000500a6,0x00000089,0x00000b0a,0x00000b07,0x00000b09,0x000500af,0x00000089,
0x00000b0d,0x00000ad3,0x000008b5,0x000500a6,0x00000089,0x00000b0e,0x00000b0a,0x00000b0d,
0x000500af,0x00000089,0x00000b11,0x00000ad5,0x000008b5,0x000500a6,0x00000089,0x00000b12,
0x00000b0e,0x00000b11,0x000300f7,0x00000b14,0x00000000,0x000400fa,0x00000b12,0x00000b13,
0x00000b14,0x000200f8,0x00000b13,0x000200f9,0x00000b1c,0x000200f8,0x00000b14,0x00050084,
0x0000001d,0x00000b17,0x00000ad5,0x000008b5,0x00050080,0x0000001d,0x00000b19,0x00000b17,
0x00000ad3,0x00060041,0x00000331,0x00000b1a,0x0000032b,0x000001a9,0x00000b19,0x0004003d,
0x00000006,0x00000b1b,0x00000b1a,0x000200f9,0x00000b1c,0x000200f8,0x00000b1c,0x000700f5,
0x00000006,0x000010ab,0x000000a3,0x00000b13,0x00000b1b,0x00000b14,0x00050080,0x0000001d,
0x00000ada,0x00000ad3,0x00000162,0x000300f7,0x00000b39,0x00000000,0x000300fb,0x00000063,
0x00000b22,0x000200f8,0x00000b22,0x000500b1,0x00000089,0x00000b24,0x00000ada,0x000001a9,
0x000500a6,0x00000089,0x00000b27,0x00000b24,0x00000b09,0x000500af,0x00000089,0x00000b2a,
0x00000ada,0x000008b5,0x000500a6,0x00000089,0x00000b2b,0x00000b27,0x00000b2a,0x000500a6,
0x00000089,0x00000b2f,0x00000b2b,0x00000b11,0x000300f7,0x00000b31,0x00000000,0x000400fa,
0x00000b2f,0x00000b30,0x00000b31,0x000200f8,0x00000b30,0x000200f9,0x00000b39,0x000200f8,
0x00000b31,0x00050084,0x0000001d,0x00000b34,0x00000ad5,0x000008b5,0x00050080,0x0000001d,
0x00000b36,0x00000b34,0x00000ada,0x00060041,0x00000331,0x00000b37,0x0000032b,0x000001a9,
0x00000b36,0x0004003d,0x00000006,0x00000b38,0x00000b37,0x000200f9,0x00000b39,0x000200f8,
0x00000b39,0x000700f5,0x00000006,0x000010ac,0x000000a3,0x00000b30,0x00000b38,0x00000b31,
0x00050051,0x00000006,0x00000ae0,0x00000ad1,0x00000000,0x0008000c,0x00000006,0x00000ae1,
0x00000001,0x0000002e,0x000010ab,0x000010ac,0x00000ae0,0x00050080,0x0000001d,0x00000ae4,
0x00000ad5,0x00000162,0x000300f7,0x00000b56,0x00000000,0x000300fb,0x00000063,0x00000b3f,
0x000200f8,0x00000b3f,0x000500b1,0x00000089,0x00000b43,0x00000ae4,0x000001a9,0x000500a6,
0x00000089,0x00000b44,0x00000b07,0x00000b43,0x000500a6,0x00000089,0x00000b48,0x00000b44,
0x00000b0d,0x000500af,0x00000089,0x00000b4b,0x00000ae4,0x000008b5,0x000500a6,0x00000089,
0x00000b4c,0x00000b48,0x00000b4b,0x000300f7,0x00000b4e,0x00000000,0x000400fa,0x00000b4c,
0x00000b4d,0x00000b4e,0x000200f8,0x00000b4d,0x000200f9,0x00000b56,0x000200f8,0x00000b4e,
0x00050084,0x0000001d,0x00000b51,0x00000ae4,0x000008b5,0x00050080,0x0000001d,0x00000b53,
0x00000b51,0x00000ad3,0x00060041,0x00000331,0x00000b54,0x0000032b,0x000001a9,0x00000b53,
0x0004003d,0x00000006,0x00000b55,0x00000b54,0x000200f9,0x00000b56,0x000200f8,0x00000b56,
0x000700f5,0x00000006,0x000010ad,0x000000a3,0x00000b4d,0x00000b55,0x00000b4e,0x000300f7,
0x00000b73,0x00000000,0x000300fb,0x00000063,0x00000b5c,0x000200f8,0x00000b5c,0x000500a6,
0x00000089,0x00000b61,0x00000b24,0x00000b43,0x000500a6,0x00000089,0x00000b65,0x00000b61,
0x00000b2a,0x000500a6,0x00000089,0x00000b69,0x00000b65,0x00000b4b,0x000300f7,0x00000b6b,
0x00000000,0x000400fa,0x00000b69,0x00000b6a,0x00000b6b,0x000200f8,0x00000b6a,0x000200f9,
0x00000b73,0x000200f8,0x00000b6b,0x00050084,0x0000001d,0x00000b6e,0x00000ae4,0x000008b5,
0x00050080,0x0000001d,0x00000b70,0x00000b6e,0x00000ada,0x00060041,0x00000331,0x00000b71,
0x0000032b,0x000001a9,0x00000b70,0x0004003d,0x00000006,0x00000b72,0x00000b71,0x000200f9,
0x00000b73,0x000200f8,0x00000b73,0x000700f5,0x00000006,0x000010ae,0x000000a3,0x00000b6a,
0x00000b72,0x00000b6b,0x0008000c,0x00000006,0x00000af3,0x00000001,0x0000002e,0x000010ad,
0x000010ae,0x00000ae0,0x00050085,0x00000006,0x00000af5,0x0000016c,0x00000aad,0x0008000c,
0x00000006,0x00000af7,0x00000001,0x00000031,0x000000a3,0x00000af5,0x00000abf,0x00050051,
0x00000006,0x00000afb,0x00000ad1,0x00000001,0x0008000c,0x00000006,0x00000afc,0x00000001,
0x0000002e,0x00000ae1,0x00000af3,0x00000afb,0x00050085,0x00000006,0x00000afe,0x00000afc,
0x00000af7,0x000200f9,0x00000aff,0x000200f8,0x00000aff,0x000b00f5,0x00000006,0x000010af,
0x000000a3,0x00000aa2,0x000000a3,0x00000aa8,0x000000a3,0x00000ac2,0x00000afe,0x00000b73,
0x00050083,0x00000009,0x00000890,0x000005bf,0x0000088a,0x000300f7,0x00000bf4,0x00000000,
0x000300fb,0x00000063,0x00000b90,0x000200f8,0x00000b90,0x000300f7,0x00000b98,0x00000000,
0x000400fa,0x000008b7,0x00000b97,0x00000b98,0x000200f8,0x00000b97,0x000200f9,0x00000bf4,
0x000200f8,0x00000b98,0x000500bc,0x00000089,0x00000b9c,0x000005b8,0x000000a3,0x000300f7,
0x00000b9e,0x00000000,0x000400fa,0x00000b9c,0x00000b9d,0x00000b9e,0x000200f8,0x00000b9d,
0x000200f9,0x00000bf4,0x000200f8,0x00000b9e,0x0004006f,0x00000006,0x00000ba1,0x000008b5,
0x00050088,0x00000006,0x00000ba2,0x000005b8,0x00000ba1,0x00050041,0x00000351,0x00000ba4,
0x00000071,0x00000337,0x0004003d,0x00000049,0x00000ba5,0x00000ba4,0x0007004f,0x00000009,
0x00000ba6,0x00000ba5,0x00000ba5,0x00000000,0x00000001,0x00050083,0x00000009,0x00000ba7,
0x00000890,0x00000ba6,0x00050085,0x00000006,0x00000ba9,0x000005b8,0x0000007b,0x00050051,
0x00000006,0x00000bab,0x00000ba7,0x00000000,0x0006000c,0x00000006,0x00000bac,0x00000001,
0x00000004,0x00000bab,0x0004007f,0x00000006,0x000011fe,0x00000bac,0x0008000c,0x00000006,
0x00000bad,0x00000001,0x00000032,0x000005b8,0x0000007b,0x000011fe,0x00050051,0x00000006,
0x00000bb1,0x00000ba7,0x00000001,0x0006000c,0x00000006,0x00000bb2,0x00000001,0x00000004,
0x00000bb1,0x0004007f,0x00000006,0x000011ff,0x00000bb2,0x0008000c,0x00000006,0x00000bb3,
0x00000001,0x00000032,0x000005b8,0x0000007b,0x000011ff,0x0007000c,0x00000006,0x00000bb4,
0x00000001,0x00000025,0x00000bad,0x00000bb3,0x000500bc,0x00000089,0x00000bb6,0x00000bb4,
0x000000a3,0x000300f7,0x00000bb8,0x00000000,0x000400fa,0x00000bb6,0x00000bb7,0x00000bb8,
0x000200f8,0x00000bb7,0x000200f9,0x00000bf4,0x000200f8,0x00000bb8,0x00050050,0x00000009,
0x00000bbc,0x00000ba9,0x00000ba9,0x00050081,0x00000009,0x00000bbd,0x00000ba7,0x00000bbc,
0x00050050,0x00000009,0x00000bbf,0x00000ba2,0x00000ba2,0x00050088,0x00000009,0x00000bc0,
0x00000bbd,0x00000bbf,0x00050083,0x00000009,0x00000bc1,0x00000bc0,0x00000372,0x0006000c,
0x00000009,0x00000bc3,0x00000001,0x00000008,0x00000bc1,0x0004006e,0x00000374,0x00000bc4,
0x00000bc3,0x0006000c,0x00000009,0x00000bc6,0x00000001,0x0000000a,0x00000bc1,0x00050051,
0x0000001d,0x00000bc8,0x00000bc4,0x00000000,0x00050051,0x0000001d,0x00000bca,0x00000bc4,
0x00000001,0x000300f7,0x00000c11,0x00000000,0x000300fb,0x00000063,0x00000bfa,0x000200f8,
0x00000bfa,0x000500b1,0x00000089,0x00000bfc,0x00000bc8,0x000001a9,0x000500b1,0x00000089,
0x00000bfe,0x00000bca,0x000001a9,0x000500a6,0x00000089,0x00000bff,0x00000bfc,0x00000bfe,
0x000500af,0x00000089,0x00000c02,0x00000bc8,0x000008b5,0x000500a6,0x00000089,0x00000c03,
0x00000bff,0x00000c02,0x000500af,0x00000089,0x00000c06,0x00000bca,0x000008b5,0x000500a6,
0x00000089,0x00000c07,0x00000c03,0x00000c06,0x000300f7,0x00000c09,0x00000000,0x000400fa,
0x00000c07,0x00000c08,0x00000c09,0x000200f8,0x00000c08,0x000200f9,0x00000c11,0x000200f8,
0x00000c09,0x00050084,0x0000001d,0x00000c0c,0x00000bca,0x000008b5,0x00050080,0x0000001d,
0x00000c0e,0x00000c0c,0x00000bc8,0x00060041,0x00000331,0x00000c0f,0x0000032b,0x000001a9,
0x00000c0e,0x0004003d,0x00000006,0x00000c10,0x00000c0f,0x000200f9,0x00000c11,0x000200f8,
0x00000c11,0x000700f5,0x00000006,0x000010b0,0x000000a3,0x00000c08,0x00000c10,0x00000c09,
0x00050080,0x0000001d,0x00000bcf,0x00000bc8,0x00000162,0x000300f7,0x00000c2e,0x00000000,
0x000300fb,0x00000063,0x00000c17,0x000200f8,0x00000c17,0x000500b1,0x00000089,0x00000c19,
0x00000bcf,0x000001a9,0x000500a6,0x00000089,0x00000c1c,0x00000c19,0x00000bfe,0x000500af,
0x00000089,0x00000c1f,0x00000bcf,0x000008b5,0x000500a6,0x00000089,0x00000c20,0x00000c1c,
0x00000c1f,0x000500a6,0x00000089,0x00000c24,0x00000c20,0x00000c06,0x000300f7,0x00000c26,
0x00000000,0x000400fa,0x00000c24,0x00000c25,0x00000c26,0x000200f8,0x00000c25,0x000200f9,
0x00000c2e,0x000200f8,0x00000c26,0x00050084,0x0000001d,0x00000c29,0x00000bca,0x000008b5,
0x00050080,0x0000001d,0x00000c2b,0x00000c29,0x00000bcf,0x00060041,0x00000331,0x00000c2c,
0x0000032b,0x000001a9,0x00000c2b,0x0004003d,0x00000006,0x00000c2d,0x00000c2c,0x000200f9,
0x00000c2e,0x000200f8,0x00000c2e,0x000700f5,0x00000006,0x000010b1,0x000000a3,0x00000c25,
0x00000c2d,0x00000c26,0x00050051,0x00000006,0x00000bd5,0x00000bc6,0x00000000,0x0008000c,
0x00000006,0x00000bd6,0x00000001,0x0000002e,0x000010b0,0x000010b1,0x00000bd5,0x00050080,
0x0000001d,0x00000bd9,0x00000bca,0x00000162,0x000300f7,0x00000c4b,0x00000000,0x000300fb,
0x00000063,0x00000c34,0x000200f8,0x00000c34,0x000500b1,0x00000089,0x00000c38,0x00000bd9,
0x000001a9,0x000500a6,0x00000089,0x00000c39,0x00000bfc,0x00000c38,0x000500a6,0x00000089,
0x00000c3d,0x00000c39,0x00000c02,0x000500af,0x00000089,0x00000c40,0x00000bd9,0x000008b5,
0x000500a6,0x00000089,0x00000c41,0x00000c3d,0x00000c40,0x000300f7,0x00000c43,0x00000000,
0x000400fa,0x00000c41,0x00000c42,0x00000c43,0x000200f8,0x00000c42,0x000200f9,0x00000c4b,
0x000200f8,0x00000c43,0x00050084,0x0000001d,0x00000c46,0x00000bd9,0x000008b5,0x00050080,
0x0000001d,0x00000c48,0x00000c46,0x00000bc8,0x00060041,0x00000331,0x00000c49,0x0000032b,
0x000001a9,0x00000c48,0x0004003d,0x00000006,0x00000c4a,0x00000c49,0x000200f9,0x00000c4b,
0x000200f8,0x00000c4b,0x000700f5,0x00000006,0x000010b2,0x000000a3,0x00000c42,0x00000c4a,
0x00000c43,0x000300f7,0x00000c68,0x00000000,0x000300fb,0x00000063,0x00000c51,0x000200f8,
0x00000c51,0x000500a6,0x00000089,0x00000c56,0x00000c19,0x00000c38,0x000500a6,0x00000089,
0x00000c5a,0x00000c56,0x00000c1f,0x000500a6,0x00000089,0x00000c5e,0x00000c5a,0x00000c40,
0x000300f7,0x00000c60,0x00000000,0x000400fa,0x00000c5e,0x00000c5f,0x00000c60,0x000200f8,
0x00000c5f,0x000200f9,0x00000c68,0x000200f8,0x00000c60,0x00050084,0x0000001d,0x00000c63,
0x00000bd9,0x000008b5,0x00050080,0x0000001d,0x00000c65,0x00000c63,0x00000bcf,0x00060041,
0x00000331,0x00000c66,0x0000032b,0x000001a9,0x00000c65,0x0004003d,0x00000006,0x00000c67,
0x00000c66,0x000200f9,0x00000c68,0x000200f8,0x00000c68,0x000700f5,0x00000006,0x000010b3,
0x000000a3,0x00000c5f,0x00000c67,0x00000c60,0x0008000c,0x00000006,0x00000be8,0x00000001,
0x0000002e,0x000010b2,0x000010b3,0x00000bd5,0x00050085,0x00000006,0x00000bea,0x0000016c,
0x00000ba2,0x0008000c,0x00000006,0x00000bec,0x00000001,0x00000031,0x000000a3,0x00000bea,
0x00000bb4,0x00050051,0x00000006,0x00000bf0,0x00000bc6,0x00000001,0x0008000c,0x00000006,
0x00000bf1,0x00000001,0x0000002e,0x00000bd6,0x00000be8,0x00000bf0,0x00050085,0x00000006,
0x00000bf3,0x00000bf1,0x00000bec,0x000200f9,0x00000bf4,0x000200f8,0x00000bf4,0x000b00f5,
0x00000006,0x000010b4,0x000000a3,0x00000b97,0x000000a3,0x00000b9d,0x000000a3,0x00000bb7,
0x00000bf3,0x00000c68,0x00050083,0x00000006,0x00000892,0x000010af,0x000010b4,0x00050050,
0x00000009,0x00000893,0x00000887,0x00000892,0x0005008e,0x00000009,0x00000895,0x00000893,
0x0000087c,0x00050051,0x00000006,0x000005d0,0x00001094,0x00000002,0x0005008e,0x00000009,
0x000005d1,0x00000895,0x000005d0,0x0004003d,0x00000009,0x000005d4,0x000005d3,0x00050083,
0x00000009,0x000005d5,0x000005d1,0x000005d4,0x00050081,0x00000009,0x000005d7,0x000010b9,
0x000005d5,0x000200f9,0x000005b5,0x000200f8,0x000005b5,0x000700f5,0x00000009,0x00001172,
0x000000cb,0x0000051f,0x000005d1,0x00000bf4,0x000700f5,0x00000009,0x000010cb,0x000010b9,
0x0000051f,0x000005d7,0x00000bf4,0x00050041,0x000004bd,0x000005da,0x000005d9,0x00000063,
0x0004003d,0x00000006,0x000005db,0x000005da,0x00050051,0x00000006,0x000005dd,0x000010cb,
0x00000000,0x00050041,0x000004bd,0x000005de,0x000005d9,0x00000073,0x0004003d,0x00000006,
0x000005df,0x000005de,0x0004007f,0x00000006,0x00001200,0x000005dd,0x0008000c,0x00000006,
0x000005e1,0x00000001,0x00000032,0x00001200,0x000005df,0x000005db,0x00050041,0x000004bd,
0x000005e4,0x000005d9,0x00000060,0x0004003d,0x00000006,0x000005e5,0x000005e4,0x00050051,
0x00000006,0x000005e7,0x000010cb,0x00000001,0x0004007f,0x00000006,0x00001201,0x000005e7,
0x0008000c,0x00000006,0x000005eb,0x00000001,0x00000032,0x00001201,0x000005df,0x000005e5,
0x00060050,0x00000007,0x000005ec,0x000005e1,0x000005df,0x000005eb,0x0006000c,0x00000007,
0x000005ed,0x00000001,0x00000045,0x000005ec,0x0006000c,0x00000007,0x000005f2,0x00000001,
0x00000045,0x000004da,0x00050094,0x00000006,0x000005f6,0x000005ed,0x000005f2,0x0007000c,
0x00000006,0x000005f7,0x00000001,0x00000028,0x000005f6,0x00000548,0x00060041,0x00000074,
0x000005fa,0x00000071,0x000005f9,0x00000063,0x0004003d,0x00000006,0x000005fb,0x000005fa,
0x0008000c,0x00000006,0x000005fc,0x00000001,0x0000002b,0x000005fb,0x00000081,0x0000016c,
0x00050083,0x00000006,0x000005ff,0x000005fc,0x00000081,0x00050081,0x00000006,0x00000601,
0x000005fc,0x00000081,0x00050088,0x00000006,0x00000602,0x000005ff,0x00000601,0x00050085,
0x00000006,0x00000605,0x00000602,0x00000602,0x0004007f,0x00000006,0x00001202,0x00000602,
0x0008000c,0x00000006,0x00000609,0x00000001,0x00000032,0x00001202,0x00000602,0x00000081,
0x00050083,0x00000006,0x0000060b,0x00000081,0x000005f7,0x00050085,0x00000006,0x00000c6f,
0x0000060b,0x0000060b,0x00050085,0x00000006,0x00000c72,0x00000c6f,0x00000c6f,0x00050085,
0x00000006,0x00000c74,0x00000c72,0x0000060b,0x00050085,0x00000006,0x0000060e,0x00000609,
0x00000c74,0x0008000c,0x00000006,0x0000060f,0x00000001,0x00000032,0x00000602,0x00000602,
0x0000060e,0x00060041,0x00000074,0x00000611,0x00000071,0x000005f9,0x00000073,0x0004003d,
0x00000006,0x00000612,0x00000611,0x0008000c,0x00000006,0x00000614,0x00000001,0x0000002b,
0x00000612,0x00000613,0x00000081,0x00060041,0x00000074,0x00000616,0x00000071,0x0000049b,
0x00000060,0x0004003d,0x00000006,0x00000617,0x00000616,0x0008000c,0x00000006,0x00000618,
0x00000001,0x0000002b,0x00000617,0x000000a3,0x00000081,0x000500ba,0x00000089,0x0000061a,
0x00000618,0x000000a3,0x000300f7,0x0000061c,0x00000000,0x000400fa,0x0000061a,0x0000061b,
0x0000061c,0x000200f8,0x0000061b,0x000400cf,0x00000007,0x0000061f,0x000005ed,0x000400d0,
0x00000007,0x00000622,0x000005ed,0x00050094,0x00000006,0x00000626,0x0000061f,0x0000061f,
0x00050094,0x00000006,0x00000629,0x00000622,0x00000622,0x00050081,0x00000006,0x0000062a,
0x00000626,0x00000629,0x00050081,0x00000006,0x0000062c,0x0000062a,0x000010cd,0x00050085,
0x00000006,0x0000062e,0x0000062c,0x00000618,0x0007000c,0x00000006,0x0000062f,0x00000001,
0x00000025,0x000000f3,0x0000062e,0x00050085,0x00000006,0x00000632,0x00000614,0x00000614,
0x00050085,0x00000006,0x00000634,0x00000632,0x00000614,0x0008000c,0x00000006,0x00000638,
0x00000001,0x00000032,0x00000634,0x00000614,0x0000062f,0x0007000c,0x00000006,0x00000639,
0x00000001,0x00000025,0x00000081,0x00000638,0x0006000c,0x00000006,0x0000063a,0x00000001,
0x0000001f,0x00000639,0x0006000c,0x00000006,0x0000063b,0x00000001,0x0000001f,0x0000063a,
0x000200f9,0x0000061c,0x000200f8,0x0000061c,0x000700f5,0x00000006,0x000010e3,0x00000614,
0x000005b5,0x0000063b,0x0000061b,0x00060041,0x00000074,0x0000063c,0x00000071,0x00000072,
0x00000092,0x0004003d,0x00000006,0x0000063d,0x0000063c,0x000500ba,0x00000089,0x0000063e,
0x0000063d,0x000000e4,0x000500ab,0x00000089,0x00000640,0x0000049f,0x0000047d,0x000500a7,
0x00000089,0x00000641,0x0000063e,0x00000640,0x000300f7,0x00000643,0x00000000,0x000400fa,
0x00000641,0x00000642,0x00000643,0x000200f8,0x00000642,0x000300f7,0x00000c8b,0x00000000,
0x000400fa,0x0000063e,0x00000c7c,0x00000c85,0x000200f8,0x00000c7c,0x0004003d,0x0000009b,
0x00000c7d,0x000000e9,0x0008000c,0x00000006,0x00000c7f,0x00000001,0x0000002b,0x000005f7,
0x000000a3,0x00000081,0x0008000c,0x00000006,0x00000c81,0x00000001,0x0000002b,0x000010e3,
0x000000a3,0x00000081,0x00050050,0x00000009,0x00000c82,0x00000c7f,0x00000c81,0x00050057,
0x00000049,0x00000c83,0x00000c7d,0x00000c82,0x0007004f,0x00000009,0x00000c84,0x00000c83,
0x00000c83,0x00000000,0x00000001,0x000200f9,0x00000c8b,0x000200f8,0x00000c85,0x00050083,
0x00000006,0x00000c87,0x00000081,0x000010e3,0x0008000c,0x00000006,0x00000c89,0x00000001,
0x00000032,0x000000f4,0x00000c87,0x000000f3,0x00050050,0x00000009,0x00000c8a,0x00000c89,
0x000000a3,0x000200f9,0x00000c8b,0x000200f8,0x00000c8b,0x000700f5,0x00000009,0x000010e4,
0x00000c84,0x00000c7c,0x00000c8a,0x00000c85,0x00050051,0x00000006,0x0000064c,0x000010e4,
0x00000000,0x00050051,0x00000006,0x0000064f,0x000010e4,0x00000001,0x0008000c,0x00000006,
0x00000650,0x00000001,0x00000032,0x00000605,0x0000064c,0x0000064f,0x0008000c,0x00000006,
0x00000651,0x00000001,0x0000002b,0x00000650,0x000000a3,0x00000081,0x000200f9,0x00000643,
0x000200f8,0x00000643,0x000700f5,0x00000006,0x000011d0,0x0000060f,0x0000061c,0x00000651,
0x00000c8b,0x000500aa,0x00000089,0x00000654,0x0000049f,0x0000047d,0x000300f7,0x00000657,
0x00000000,0x000400fa,0x00000654,0x00000656,0x00000658,0x000200f8,0x00000656,0x000200f9,
0x00000657,0x000200f8,0x00000658,0x0004007f,0x00000007,0x0000065a,0x000005f2,0x0007000c,
0x00000007,0x0000065c,0x00000001,0x00000047,0x0000065a,0x000005ed,0x00060041,0x00000074,
0x0000065e,0x00000071,0x00000072,0x00000060,0x0004003d,0x00000006,0x0000065f,0x0000065e,
0x00050085,0x00000006,0x00000660,0x000010e3,0x0000065f,0x000300f7,0x00000cd9,0x00000000,
0x000300fb,0x00000063,0x00000c97,0x000200f8,0x00000c97,0x000400a8,0x00000089,0x00000c98,
0x0000008b,0x000300f7,0x00000ca0,0x00000000,0x000400fa,0x00000c98,0x00000c99,0x00000ca0,
0x000200f8,0x00000c99,0x000300f7,0x00000c9e,0x00000000,0x000400fa,0x0000008f,0x00000c9a,
0x00000c9e,0x000200f8,0x00000c9a,0x000500b8,0x00000089,0x00000c9d,0x0000063d,0x0000007b,
0x000200f9,0x00000c9e,0x000200f8,0x00000c9e,0x000700f5,0x00000089,0x00000c9f,0x0000008f,
0x00000c99,0x00000c9d,0x00000c9a,0x000200f9,0x00000ca0,0x000200f8,0x00000ca0,0x000700f5,
0x00000089,0x00000ca1,0x0000008b,0x00000c97,0x00000c9f,0x00000c9e,0x000300f7,0x00000cad,
0x00000000,0x000400fa,0x00000ca1,0x00000ca2,0x00000cad,0x000200f8,0x00000ca2,0x0004003d,
0x0000009b,0x00000ca3,0x0000009d,0x00050051,0x00000006,0x00000cdf,0x0000065c,0x00000002,
0x00050051,0x00000006,0x00000ce1,0x0000065c,0x00000000,0x0007000c,0x00000006,0x00000ce2,
0x00000001,0x00000019,0x00000cdf,0x00000ce1,0x00060041,0x00000074,0x00000ce3,0x00000071,
0x00000072,0x00000073,0x0004003d,0x00000006,0x00000ce4,0x00000ce3,0x00050081,0x00000006,
0x00000ce5,0x00000ce2,0x00000ce4,0x0008000c,0x00000006,0x00000ce8,0x00000001,0x00000032,
0x00000ce5,0x00001203,0x0000007b,0x0006000c,0x00000006,0x00000ce9,0x00000001,0x0000000a,
0x00000ce8,0x00050051,0x00000006,0x00000ceb,0x0000065c,0x00000001,0x0008000c,0x00000006,
0x00000cec,0x00000001,0x0000002b,0x00000ceb,0x00000080,0x00000081,0x0006000c,0x00000006,
0x00000ced,0x00000001,0x00000011,0x00000cec,0x00050085,0x00000006,0x00000cee,0x00000ced,
0x00001204,0x00050050,0x00000009,0x00000cef,0x00000ce9,0x00000cee,0x0008000c,0x00000006,
0x00000ca9,0x00000001,0x0000002b,0x00000660,0x000000a3,0x0000065f,0x00070058,0x00000049,
0x00000caa,0x00000ca3,0x00000cef,0x00000002,0x00000ca9,0x0008004f,0x00000007,0x00000cab,
0x00000caa,0x00000caa,0x00000000,0x00000001,0x00000002,0x000200f9,0x00000cd9,0x000200f8,
0x00000cad,0x0007004f,0x00000009,0x00000caf,0x0000065c,0x0000065c,0x00000000,0x00000002,
0x00050051,0x00000006,0x00000cb1,0x0000065c,0x00000000,0x0006000c,0x00000006,0x00000cb2,
0x00000001,0x00000004,0x00000cb1,0x00050051,0x00000006,0x00000cb4,0x0000065c,0x00000001,
0x0006000c,0x00000006,0x00000cb5,0x00000001,0x00000004,0x00000cb4,0x00050081,0x00000006,
0x00000cb6,0x00000cb2,0x00000cb5,0x00050051,0x00000006,0x00000cb8,0x0000065c,0x00000002,
0x0006000c,0x00000006,0x00000cb9,0x00000001,0x00000004,0x00000cb8,0x00050081,0x00000006,
0x00000cba,0x00000cb6,0x00000cb9,0x0007000c,0x00000006,0x00000cbb,0x00000001,0x00000028,
0x00000cba,0x000000ba,0x00050050,0x00000009,0x00000cbc,0x00000cbb,0x00000cbb,0x00050088,
0x00000009,0x00000cbd,0x00000caf,0x00000cbc,0x000500b8,0x00000089,0x00000cc0,0x00000cb4,
0x000000a3,0x000300f7,0x00000ccb,0x00000000,0x000400fa,0x00000cc0,0x00000cc1,0x00000ccb,
0x000200f8,0x00000cc1,0x0007004f,0x00000009,0x00000cc3,0x00000cbd,0x00000cbd,0x00000001,
0x00000000,0x0006000c,0x00000009,0x00000cc4,0x00000001,0x00000004,0x00000cc3,0x00050083,
0x00000009,0x00000cc6,0x000000c9,0x00000cc4,0x000500be,0x000000cc,0x00000cc8,0x00000cbd,
0x000000cb,0x000600a9,0x00000009,0x00000cc9,0x00000cc8,0x000000c9,0x000000c8,0x00050085,
0x00000009,0x00000cca,0x00000cc6,0x00000cc9,0x000200f9,0x00000ccb,0x000200f8,0x00000ccb,
0x000700f5,0x00000009,0x000010e7,0x00000cbd,0x00000cad,0x00000cca,0x00000cc1,0x0005008e,
0x00000009,0x00000ccd,0x000010e7,0x0000007b,0x00050081,0x00000009,0x00000ccf,0x00000ccd,
0x00000372,0x0004003d,0x0000009b,0x00000cd0,0x000000d5,0x0008000c,0x00000006,0x00000cd5,
0x00000001,0x0000002b,0x00000660,0x000000a3,0x0000065f,0x00070058,0x00000049,0x00000cd6,
0x00000cd0,0x00000ccf,0x00000002,0x00000cd5,0x0008004f,0x00000007,0x00000cd7,0x00000cd6,
0x00000cd6,0x00000000,0x00000001,0x00000002,0x000200f9,0x00000cd9,0x000200f8,0x00000cd9,
0x000700f5,0x00000007,0x000010e8,0x00000cab,0x00000ca2,0x00000cd7,0x00000ccb,0x000200f9,
0x00000657,0x000200f8,0x00000657,0x000700f5,0x00000007,0x000010e9,0x00000103,0x00000656,
0x000010e8,0x00000cd9,0x00050041,0x00000351,0x00000667,0x00000071,0x00000666,0x0004003d,
0x00000049,0x00000668,0x00000667,0x0008004f,0x00000007,0x00000669,0x00000668,0x00000668,
0x00000000,0x00000001,0x00000002,0x0004007f,0x00000007,0x0000066a,0x00000669,0x00060041,
0x00000074,0x0000066c,0x00000071,0x00000666,0x00000092,0x0004003d,0x00000006,0x0000066d,
0x0000066c,0x0008000c,0x00000006,0x0000066e,0x00000001,0x0000002b,0x0000066d,0x000000a3,
0x00000081,0x00050085,0x00000006,0x0000066f,0x000010f0,0x0000066e,0x00050051,0x00000006,
0x00000671,0x00001094,0x00000003,0x00050085,0x00000006,0x00000672,0x0000066f,0x00000671,
0x0005008e,0x00000007,0x00000673,0x0000066a,0x00000672,0x0006000c,0x00000007,0x00000674,
0x00000001,0x0000001b,0x00000673,0x00050094,0x00000006,0x0000067b,0x00000674,0x0000067a,
0x00050041,0x00000351,0x0000067e,0x00000071,0x0000067d,0x0004003d,0x00000049,0x0000067f,
0x0000067e,0x0008004f,0x00000007,0x00000680,0x0000067f,0x0000067f,0x00000000,0x00000001,
0x00000002,0x00050041,0x00000351,0x00000682,0x00000071,0x00000681,0x0004003d,0x00000049,
0x00000683,0x00000682,0x0008004f,0x00000007,0x00000684,0x00000683,0x00000683,0x00000000,
0x00000001,0x00000002,0x00060050,0x00000007,0x00000686,0x0000067b,0x0000067b,0x0000067b,
0x0008000c,0x00000007,0x00000687,0x00000001,0x0000002e,0x00000680,0x00000684,0x00000686,
0x00060041,0x00000074,0x0000068c,0x00000071,0x000005f9,0x00000060,0x0004003d,0x00000006,
0x0000068d,0x0000068c,0x0008000c,0x00000006,0x0000068e,0x00000001,0x0000002b,0x0000068d,
0x000000a3,0x00000081,0x00050085,0x00000006,0x0000068f,0x0000068e,0x000000f3,0x00060050,
0x00000007,0x00000690,0x0000068f,0x0000068f,0x0000068f,0x0008000c,0x00000007,0x00000691,
0x00000001,0x0000002e,0x00000687,0x00000684,0x00000690,0x00050041,0x00000351,0x00000693,
0x00000071,0x000001a9,0x0004003d,0x00000049,0x00000694,0x00000693,0x0008004f,0x00000007,
0x00000695,0x00000694,0x00000694,0x00000000,0x00000001,0x00000002,0x00050094,0x00000006,
0x00000699,0x000005ed,0x00000695,0x0007000c,0x00000006,0x0000069a,0x00000001,0x00000028,
0x00000699,0x000000a3,0x00050081,0x00000007,0x0000069e,0x000005f2,0x00000695,0x0006000c,
0x00000007,0x0000069f,0x00000001,0x00000045,0x0000069e,0x00050085,0x00000006,0x000006a3,
0x000010e3,0x000010e3,0x00050094,0x00000006,0x000006a7,0x000005ed,0x0000069f,0x0007000c,
0x00000006,0x000006a8,0x00000001,0x00000028,0x000006a7,0x000000a3,0x00050094,0x00000006,
0x000006af,0x000005f2,0x0000069f,0x0007000c,0x00000006,0x000006b0,0x00000001,0x00000028,
0x000006af,0x000000a3,0x00050083,0x00000006,0x000006b1,0x00000081,0x000006b0,0x00050085,
0x00000006,0x00000cf5,0x000006b1,0x000006b1,0x00050085,0x00000006,0x00000cf8,0x00000cf5,
0x00000cf5,0x00050085,0x00000006,0x00000cfa,0x00000cf8,0x000006b1,0x00050085,0x00000006,
0x000006b4,0x00000609,0x00000cfa,0x0008000c,0x00000006,0x000006b5,0x00000001,0x00000032,
0x00000602,0x00000602,0x000006b4,0x00050085,0x00000006,0x00000d01,0x000006a3,0x000006a3,
0x00050085,0x00000006,0x00000d04,0x000006a8,0x000006a8,0x0008000c,0x00000006,0x00000d06,
0x00000001,0x00000032,0x000006a3,0x000006a3,0x00000080,0x0008000c,0x00000006,0x00000d08,
0x00000001,0x00000032,0x00000d04,0x00000d06,0x00000081,0x00050085,0x00000006,0x00000d0b,
0x00000084,0x00000d08,0x00050085,0x00000006,0x00000d0d,0x00000d0b,0x00000d08,0x00050088,
0x00000006,0x00000d0e,0x00000d01,0x00000d0d,0x00050085,0x00000006,0x00000d18,0x000005f7,
0x000005f7,0x0004007f,0x00000006,0x00001206,0x000006a3,0x0008000c,0x00000006,0x00000d1a,
0x00000001,0x00000032,0x00001206,0x000006a3,0x00000081,0x0008000c,0x00000006,0x00000d1d,
0x00000001,0x00000032,0x00000d18,0x00000d1a,0x00000d01,0x0006000c,0x00000006,0x00000d1e,
0x00000001,0x0000001f,0x00000d1d,0x00050085,0x00000006,0x00000d23,0x0000069a,0x0000069a,
0x0008000c,0x00000006,0x00000d28,0x00000001,0x00000032,0x00000d23,0x00000d1a,0x00000d01,
0x0006000c,0x00000006,0x00000d29,0x00000001,0x0000001f,0x00000d28,0x00050085,0x00000006,
0x00000d2a,0x000005f7,0x00000d29,0x0008000c,0x00000006,0x00000d2b,0x00000001,0x00000032,
0x0000069a,0x00000d1e,0x00000d2a,0x0007000c,0x00000006,0x00000d2c,0x00000001,0x00000028,
0x00000d2b,0x00000313,0x00050088,0x00000006,0x00000d2d,0x0000007b,0x00000d2c,0x00050085,
0x00000006,0x000006c3,0x00000d0e,0x00000d2d,0x00050085,0x00000006,0x000006c5,0x000006c3,
0x000006b5,0x00050085,0x00000006,0x000006c7,0x000006c5,0x0000069a,0x000500ba,0x00000089,
0x000006ca,0x0000069a,0x000000a3,0x000500ab,0x00000089,0x000006cc,0x0000049f,0x00000162,
0x000500a7,0x00000089,0x000006cd,0x000006ca,0x000006cc,0x000300f7,0x000006d0,0x00000000,
0x000400fa,0x000006cd,0x000006cf,0x000006d8,0x000200f8,0x000006cf,0x000300f7,0x00000dc4,
0x00000000,0x000300fb,0x00000063,0x00000d48,0x000200f8,0x00000d48,0x00060041,0x00000074,
0x00000d49,0x00000071,0x00000121,0x00000073,0x0004003d,0x00000006,0x00000d4a,0x00000d49,
0x00050081,0x00000006,0x00000d4b,0x00000d4a,0x0000007b,0x0004006e,0x0000001d,0x00000d4c,
0x00000d4b,0x000500b3,0x00000089,0x00000d4e,0x00000d4c,0x000001a9,0x000300f7,0x00000d50,
0x00000000,0x000400fa,0x00000d4e,0x00000d4f,0x00000d50,0x000200f8,0x00000d4f,0x000200f9,
0x00000dc4,0x000200f8,0x00000d50,0x00050082,0x0000001d,0x00000d52,0x00000d4c,0x00000162,
0x00060041,0x00000074,0x00000d53,0x00000071,0x00000257,0x00000d52,0x0004003d,0x00000006,
0x00000d54,0x00000d53,0x000500ba,0x00000089,0x00000d57,0x0000080c,0x00000d54,0x000300f7,
0x00000d59,0x00000000,0x000400fa,0x00000d57,0x00000d58,0x00000d59,0x000200f8,0x00000d58,
0x000200f9,0x00000dc4,0x000200f8,0x00000d59,0x000200f9,0x00000d5a,0x000200f8,0x00000d5a,
0x000700f5,0x0000001d,0x00001112,0x000001a9,0x00000d59,0x00000d6a,0x00000d68,0x000400f6,
0x00000d6c,0x00000d68,0x00000000,0x000200f9,0x00000d5b,0x000200f8,0x00000d5b,0x000500b1,
0x00000089,0x00000d5f,0x00001112,0x00000d52,0x000300f7,0x00000d66,0x00000000,0x000400fa,
0x00000d5f,0x00000d60,0x00000d66,0x000200f8,0x00000d60,0x00060041,0x00000074,0x00000d63,
0x00000071,0x00000257,0x00001112,0x0004003d,0x00000006,0x00000d64,0x00000d63,0x000500ba,
0x00000089,0x00000d65,0x0000080c,0x00000d64,0x000200f9,0x00000d66,0x000200f8,0x00000d66,
0x000700f5,0x00000089,0x00000d67,0x00000d5f,0x00000d5b,0x00000d65,0x00000d60,0x000400fa,
0x00000d67,0x00000d68,0x00000d6c,0x000200f8,0x00000d68,0x00050080,0x0000001d,0x00000d6a,
0x00001112,0x00000162,0x000200f9,0x00000d5a,0x000200f8,0x00000d6c,0x000300f7,0x00000ee5,
0x00000000,0x000300fb,0x00000063,0x00000ddd,0x000200f8,0x00000ddd,0x00060041,0x00000074,
0x00000de0,0x00000071,0x00000121,0x00000092,0x0004003d,0x00000006,0x00000de1,0x00000de0,
0x00060041,0x00000074,0x00000de3,0x00000071,0x00000124,0x00001112,0x0004003d,0x00000006,
0x00000de4,0x00000de3,0x00050085,0x00000006,0x00000de5,0x00000de1,0x00000de4,0x0005008e,
0x00000007,0x00000de6,0x000005ed,0x00000de5,0x00050081,0x00000007,0x00000de7,0x000004d9,
0x00000de6,0x00060041,0x0000012f,0x00000de9,0x00000071,0x0000012d,0x00001112,0x0004003d,
0x00000067,0x00000dea,0x00000de9,0x00050051,0x00000006,0x00000dec,0x00000de7,0x00000000,
0x00050051,0x00000006,0x00000ded,0x00000de7,0x00000001,0x00050051,0x00000006,0x00000dee,
0x00000de7,0x00000002,0x00070050,0x00000049,0x00000def,0x00000dec,0x00000ded,0x00000dee,
0x00000081,0x00050091,0x00000049,0x00000df0,0x00000dea,0x00000def,0x0008004f,0x00000007,
0x00000df2,0x00000df0,0x00000df0,0x00000000,0x00000001,0x00000002,0x00050051,0x00000006,
0x00000df4,0x00000df0,0x00000003,0x00060050,0x00000007,0x00000df5,0x00000df4,0x00000df4,
0x00000df4,0x00050088,0x00000007,0x00000df6,0x00000df2,0x00000df5,0x0007004f,0x00000009,
0x00000df8,0x00000df6,0x00000df6,0x00000000,0x00000001,0x0005008e,0x00000009,0x00000df9,
0x00000df8,0x0000007b,0x00050081,0x00000009,0x00000dfb,0x00000df9,0x00000372,0x00050051,
0x00000006,0x00000dfd,0x00000df6,0x00000002,0x000500bc,0x00000089,0x00000dfe,0x00000dfd,
0x000000a3,0x000400a8,0x00000089,0x00000dff,0x00000dfe,0x000300f7,0x00000e04,0x00000000,
0x000400fa,0x00000dff,0x00000e00,0x00000e04,0x000200f8,0x00000e00,0x000500be,0x00000089,
0x00000e03,0x00000dfd,0x00000081,0x000200f9,0x00000e04,0x000200f8,0x00000e04,0x000700f5,
0x00000089,0x00000e05,0x00000dfe,0x00000ddd,0x00000e03,0x00000e00,0x000400a8,0x00000089,
0x00000e06,0x00000e05,0x000300f7,0x00000e0b,0x00000000,0x000400fa,0x00000e06,0x00000e07,
0x00000e0b,0x000200f8,0x00000e07,0x000500b8,0x000000cc,0x00000e09,0x00000dfb,0x000000cb,
0x0004009a,0x00000089,0x00000e0a,0x00000e09,0x000200f9,0x00000e0b,0x000200f8,0x00000e0b,
0x000700f5,0x00000089,0x00000e0c,0x00000e05,0x00000e04,0x00000e0a,0x00000e07,0x000400a8,
0x00000089,0x00000e0d,0x00000e0c,0x000300f7,0x00000e12,0x00000000,0x000400fa,0x00000e0d,
0x00000e0e,0x00000e12,0x000200f8,0x00000e0e,0x000500ba,0x000000cc,0x00000e10,0x00000dfb,
0x000000c9,0x0004009a,0x00000089,0x00000e11,0x00000e10,0x000200f9,0x00000e12,0x000200f8,
0x00000e12,0x000700f5,0x00000089,0x00000e13,0x00000e0c,0x00000e0b,0x00000e11,0x00000e0e,
0x000300f7,0x00000e15,0x00000000,0x000400fa,0x00000e13,0x00000e14,0x00000e15,0x000200f8,
0x00000e14,0x000200f9,0x00000ee5,0x000200f8,0x00000e15,0x000500c7,0x0000001d,0x00000e17,
0x00001112,0x00000162,0x0004006f,0x00000006,0x00000e18,0x00000e17,0x000500c3,0x0000001d,
0x00000e1a,0x00001112,0x00000162,0x0004006f,0x00000006,0x00000e1b,0x00000e1a,0x00050050,
0x00000009,0x00000e1c,0x00000e18,0x00000e1b,0x000500ad,0x00000089,0x00000e1e,0x00000d4c,
0x00000162,0x000600a9,0x00000006,0x00000e1f,0x00000e1e,0x0000016c,0x00000081,0x00050081,
0x00000009,0x00000e22,0x00000dfb,0x00000e1c,0x00050050,0x00000009,0x00000e24,0x00000e1f,
0x00000e1f,0x00050088,0x00000009,0x00000e25,0x00000e22,0x00000e24,0x00060041,0x00000074,
0x00000e26,0x00000071,0x00000121,0x00000063,0x0004003d,0x00000006,0x00000e27,0x00000e26,
0x00050088,0x00000009,0x00000e2b,0x00000e1c,0x00000e24,0x00050085,0x00000006,0x00000e2d,
0x00000e27,0x0000007b,0x00050050,0x00000009,0x00000e2e,0x00000e2d,0x00000e2d,0x00050081,
0x00000009,0x00000e2f,0x00000e2b,0x00000e2e,0x00050081,0x00000009,0x00000e32,0x00000e1c,
0x000000c9,0x00050088,0x00000009,0x00000e35,0x00000e32,0x00000e24,0x00050083,0x00000009,
0x00000e39,0x00000e35,0x00000e2e,0x0008000c,0x00000009,0x00000e3d,0x00000001,0x0000002b,
0x00000e25,0x00000e2f,0x00000e39,0x000300f7,0x00000e48,0x00000000,0x000400fa,0x00000e1e,
0x00000e40,0x00000e47,0x000200f8,0x00000e40,0x0004006f,0x00000006,0x00000e42,0x00001112,
0x0004006f,0x00000006,0x00000e45,0x00000d52,0x00050088,0x00000006,0x00000e46,0x00000e42,
0x00000e45,0x000200f9,0x00000e48,0x000200f8,0x00000e47,0x000200f9,0x00000e48,0x000200f8,
0x00000e48,0x000700f5,0x00000006,0x00001114,0x00000e46,0x00000e40,0x000000a3,0x00000e47,
0x00060041,0x00000074,0x00000e4a,0x00000071,0x0000019f,0x00000063,0x0004003d,0x00000006,
0x00000e4b,0x00000e4a,0x00060041,0x00000074,0x00000e4c,0x00000071,0x0000019f,0x00000073,
0x0004003d,0x00000006,0x00000e4d,0x00000e4c,0x0008000c,0x00000006,0x00000e4f,0x00000001,
0x0000002e,0x00000e4b,0x00000e4d,0x00001114,0x00050081,0x00000006,0x00000e50,0x00000e4f,
0x0000007b,0x0004006e,0x0000001d,0x00000e51,0x00000e50,0x000500b3,0x00000089,0x00000e53,
0x00000e51,0x000001a9,0x000300f7,0x00000e5f,0x00000000,0x000400fa,0x00000e53,0x00000e54,
0x00000e5f,0x000200f8,0x00000e54,0x0004003d,0x000001ae,0x00000e55,0x000001b0,0x00050051,
0x00000006,0x00000e59,0x00000e3d,0x00000000,0x00050051,0x00000006,0x00000e5a,0x00000e3d,
0x00000001,0x00060050,0x00000007,0x00000e5b,0x00000e59,0x00000e5a,0x00000dfd,0x00060059,
0x00000006,0x00000e5d,0x00000e55,0x00000e5b,0x00000dfd,0x000200f9,0x00000ee5,0x000200f8,
0x00000e5f,0x000500aa,0x00000089,0x00000e61,0x00000e51,0x00000162,0x000300f7,0x00000eba,
0x00000000,0x000400fa,0x00000e61,0x00000e62,0x00000eba,0x000200f8,0x00000e62,0x0004003d,
0x000001ae,0x00000e66,0x000001b0,0x00050085,0x00000006,0x00000e6a,0x00000e27,0x00001207,
0x00050050,0x00000009,0x00000e6e,0x00000e6a,0x00000e6a,0x00050081,0x00000009,0x00000e6f,
0x00000e3d,0x00000e6e,0x0008000c,0x00000009,0x00000e72,0x00000001,0x0000002b,0x00000e6f,
0x00000e2f,0x00000e39,0x00050051,0x00000006,0x00000e75,0x00000e72,0x00000000,0x00050051,
0x00000006,0x00000e76,0x00000e72,0x00000001,0x00060050,0x00000007,0x00000e77,0x00000e75,
0x00000e76,0x00000dfd,0x00060059,0x00000006,0x00000e79,0x00000e66,0x00000e77,0x00000dfd,
0x00050050,0x00000009,0x00000e81,0x00000e2d,0x00000e6a,0x00050081,0x00000009,0x00000e82,
0x00000e3d,0x00000e81,0x0008000c,0x00000009,0x00000e85,0x00000001,0x0000002b,0x00000e82,
0x00000e2f,0x00000e39,0x00050051,0x00000006,0x00000e88,0x00000e85,0x00000000,0x00050051,
0x00000006,0x00000e89,0x00000e85,0x00000001,0x00060050,0x00000007,0x00000e8a,0x00000e88,
0x00000e89,0x00000dfd,0x00060059,0x00000006,0x00000e8c,0x00000e66,0x00000e8a,0x00000dfd,
0x00050081,0x00000006,0x00000e8e,0x00000e79,0x00000e8c,0x00050050,0x00000009,0x00000e96,
0x00000e6a,0x00000e2d,0x00050081,0x00000009,0x00000e97,0x00000e3d,0x00000e96,0x0008000c,
0x00000009,0x00000e9a,0x00000001,0x0000002b,0x00000e97,0x00000e2f,0x00000e39,0x00050051,
0x00000006,0x00000e9d,0x00000e9a,0x00000000,0x00050051,0x00000006,0x00000e9e,0x00000e9a,
0x00000001,0x00060050,0x00000007,0x00000e9f,0x00000e9d,0x00000e9e,0x00000dfd,0x00060059,
0x00000006,0x00000ea1,0x00000e66,0x00000e9f,0x00000dfd,0x00050081,0x00000006,0x00000ea3,
0x00000e8e,0x00000ea1,0x00050081,0x00000009,0x00000eab,0x00000e3d,0x00000e2e,0x0008000c,
0x00000009,0x00000eae,0x00000001,0x0000002b,0x00000eab,0x00000e2f,0x00000e39,0x00050051,
0x00000006,0x00000eb1,0x00000eae,0x00000000,0x00050051,0x00000006,0x00000eb2,0x00000eae,
0x00000001,0x00060050,0x00000007,0x00000eb3,0x00000eb1,0x00000eb2,0x00000dfd,0x00060059,
0x00000006,0x00000eb5,0x00000e66,0x00000eb3,0x00000dfd,0x00050081,0x00000006,0x00000eb7,
0x00000ea3,0x00000eb5,0x00050085,0x00000006,0x00000eb9,0x00000eb7,0x000000f3,0x000200f9,
0x00000ee5,0x000200f8,0x00000eba,0x000200f9,0x00000ebb,0x000200f8,0x00000ebb,0x000700f5,
0x00000006,0x00001116,0x000000a3,0x00000eba,0x00001119,0x00000edf,0x000700f5,0x0000001d,
0x00001115,0x0000021d,0x00000eba,0x00000ee1,0x00000edf,0x000500b3,0x00000089,0x00000ebe,
0x00001115,0x00000162,0x000400f6,0x00000ee2,0x00000edf,0x00000000,0x000400fa,0x00000ebe,
0x00000ebf,0x00000ee2,0x000200f8,0x00000ebf,0x000200f9,0x00000ec0,0x000200f8,0x00000ec0,
0x000700f5,0x00000006,0x00001119,0x00001116,0x00000ebf,0x00000eda,0x00000ec4,0x000700f5,
0x0000001d,0x00001117,0x0000021d,0x00000ebf,0x00000edd,0x00000ec4,0x000500b3,0x00000089,
0x00000ec3,0x00001117,0x00000162,0x000400f6,0x00000ede,0x00000ec4,0x00000000,0x000400fa,
0x00000ec3,0x00000ec4,0x00000ede,0x000200f8,0x00000ec4,0x0004003d,0x000001ae,0x00000ec5,
0x000001b0,0x0004006f,0x00000006,0x00000ec8,0x00001117,0x0004006f,0x00000006,0x00000eca,
0x00001115,0x00050050,0x00000009,0x00000ecb,0x00000ec8,0x00000eca,0x0005008e,0x00000009,
0x00000ecd,0x00000ecb,0x00000e27,0x00050081,0x00000009,0x00000ece,0x00000e3d,0x00000ecd,
0x0008000c,0x00000009,0x00000ed1,0x00000001,0x0000002b,0x00000ece,0x00000e2f,0x00000e39,
0x00050051,0x00000006,0x00000ed4,0x00000ed1,0x00000000,0x00050051,0x00000006,0x00000ed5,
0x00000ed1,0x00000001,0x00060050,0x00000007,0x00000ed6,0x00000ed4,0x00000ed5,0x00000dfd,
0x00060059,0x00000006,0x00000ed8,0x00000ec5,0x00000ed6,0x00000dfd,0x00050081,0x00000006,
0x00000eda,0x00001119,0x00000ed8,0x00050080,0x0000001d,0x00000edd,0x00001117,0x00000162,
0x000200f9,0x00000ec0,0x000200f8,0x00000ede,0x000200f9,0x00000edf,0x000200f8,0x00000edf,
0x00050080,0x0000001d,0x00000ee1,0x00001115,0x00000162,0x000200f9,0x00000ebb,0x000200f8,
0x00000ee2,0x00050085,0x00000006,0x00000ee4,0x00001116,0x00000248,0x000200f9,0x00000ee5,
0x000200f8,0x00000ee5,0x000b00f5,0x00000006,0x0000111a,0x00000081,0x00000e14,0x00000e5d,
0x00000e54,0x00000eb9,0x00000e62,0x00000ee4,0x00000ee2,0x000500ad,0x00000089,0x00000d73,
0x00001112,0x000001a9,0x000300f7,0x00000d7a,0x00000000,0x000400fa,0x00000d73,0x00000d74,
0x00000d79,0x000200f8,0x00000d74,0x00050082,0x0000001d,0x00000d76,0x00001112,0x00000162,
0x00060041,0x00000074,0x00000d77,0x00000071,0x00000257,0x00000d76,0x0004003d,0x00000006,
0x00000d78,0x00000d77,0x000200f9,0x00000d7a,0x000200f8,0x00000d79,0x000200f9,0x00000d7a,
0x000200f8,0x00000d7a,0x000700f5,0x00000006,0x00001122,0x00000d78,0x00000d74,0x000000a3,
0x00000d79,0x00060041,0x00000074,0x00000d7d,0x00000071,0x00000257,0x00001112,0x0004003d,
0x00000006,0x00000d7e,0x00000d7d,0x00050083,0x00000006,0x00000d81,0x00000d7e,0x00001122,
0x0007000c,0x00000006,0x00000d82,0x00000001,0x00000028,0x00000d81,0x00000294,0x000300f7,
0x00000d8b,0x00000000,0x000400fa,0x00000d5f,0x00000d87,0x00000d8b,0x000200f8,0x00000d87,
0x00060041,0x00000074,0x00000d88,0x00000071,0x0000029c,0x00000063,0x0004003d,0x00000006,
0x00000d89,0x00000d88,0x000500ba,0x00000089,0x00000d8a,0x00000d89,0x000000a3,0x000200f9,
0x00000d8b,0x000200f8,0x00000d8b,0x000700f5,0x00000089,0x00000d8c,0x00000d5f,0x00000d7a,
0x00000d8a,0x00000d87,0x000300f7,0x00000dc2,0x00000000,0x000400fa,0x00000d8c,0x00000d8d,
0x00000da8,0x000200f8,0x00000d8d,0x00060041,0x00000074,0x00000d8f,0x00000071,0x0000029c,
0x00000063,0x0004003d,0x00000006,0x00000d90,0x00000d8f,0x0004007f,0x00000006,0x00001209,
0x00000d82,0x0008000c,0x00000006,0x00000d94,0x00000001,0x00000032,0x00001209,0x00000d90,
0x00000d7e,0x000500ba,0x00000089,0x00000d97,0x0000080c,0x00000d94,0x000300f7,0x00000da7,
0x00000000,0x000400fa,0x00000d97,0x00000d98,0x00000da7,0x000200f8,0x00000d98,0x00050080,
0x0000001d,0x00000d9a,0x00001112,0x00000162,0x000300f7,0x00001006,0x00000000,0x000300fb,
0x00000063,0x00000efe,0x000200f8,0x00000efe,0x00060041,0x00000074,0x00000f04,0x00000071,
0x00000124,0x00000d9a,0x0004003d,0x00000006,0x00000f05,0x00000f04,0x00050085,0x00000006,
0x00000f06,0x00000de1,0x00000f05,0x0005008e,0x00000007,0x00000f07,0x000005ed,0x00000f06,
0x00050081,0x00000007,0x00000f08,0x000004d9,0x00000f07,0x00060041,0x0000012f,0x00000f0a,
0x00000071,0x0000012d,0x00000d9a,0x0004003d,0x00000067,0x00000f0b,0x00000f0a,0x00050051,
0x00000006,0x00000f0d,0x00000f08,0x00000000,0x00050051,0x00000006,0x00000f0e,0x00000f08,
0x00000001,0x00050051,0x00000006,0x00000f0f,0x00000f08,0x00000002,0x00070050,0x00000049,
0x00000f10,0x00000f0d,0x00000f0e,0x00000f0f,0x00000081,0x00050091,0x00000049,0x00000f11,
0x00000f0b,0x00000f10,0x0008004f,0x00000007,0x00000f13,0x00000f11,0x00000f11,0x00000000,
0x00000001,0x00000002,0x00050051,0x00000006,0x00000f15,0x00000f11,0x00000003,0x00060050,
0x00000007,0x00000f16,0x00000f15,0x00000f15,0x00000f15,0x00050088,0x00000007,0x00000f17,
0x00000f13,0x00000f16,0x0007004f,0x00000009,0x00000f19,0x00000f17,0x00000f17,0x00000000,
0x00000001,0x0005008e,0x00000009,0x00000f1a,0x00000f19,0x0000007b,0x00050081,0x00000009,
0x00000f1c,0x00000f1a,0x00000372,0x00050051,0x00000006,0x00000f1e,0x00000f17,0x00000002,
0x000500bc,0x00000089,0x00000f1f,0x00000f1e,0x000000a3,0x000400a8,0x00000089,0x00000f20,
0x00000f1f,0x000300f7,0x00000f25,0x00000000,0x000400fa,0x00000f20,0x00000f21,0x00000f25,
0x000200f8,0x00000f21,0x000500be,0x00000089,0x00000f24,0x00000f1e,0x00000081,0x000200f9,
0x00000f25,0x000200f8,0x00000f25,0x000700f5,0x00000089,0x00000f26,0x00000f1f,0x00000efe,
0x00000f24,0x00000f21,0x000400a8,0x00000089,0x00000f27,0x00000f26,0x000300f7,0x00000f2c,
0x00000000,0x000400fa,0x00000f27,0x00000f28,0x00000f2c,0x000200f8,0x00000f28,0x000500b8,
0x000000cc,0x00000f2a,0x00000f1c,0x000000cb,0x0004009a,0x00000089,0x00000f2b,0x00000f2a,
0x000200f9,0x00000f2c,0x000200f8,0x00000f2c,0x000700f5,0x00000089,0x00000f2d,0x00000f26,
0x00000f25,0x00000f2b,0x00000f28,0x000400a8,0x00000089,0x00000f2e,0x00000f2d,0x000300f7,
0x00000f33,0x00000000,0x000400fa,0x00000f2e,0x00000f2f,0x00000f33,0x000200f8,0x00000f2f,
0x000500ba,0x000000cc,0x00000f31,0x00000f1c,0x000000c9,0x0004009a,0x00000089,0x00000f32,
0x00000f31,0x000200f9,0x00000f33,0x000200f8,0x00000f33,0x000700f5,0x00000089,0x00000f34,
0x00000f2d,0x00000f2c,0x00000f32,0x00000f2f,0x000300f7,0x00000f36,0x00000000,0x000400fa,
0x00000f34,0x00000f35,0x00000f36,0x000200f8,0x00000f35,0x000200f9,0x00001006,0x000200f8,
0x00000f36,0x000500c7,0x0000001d,0x00000f38,0x00000d9a,0x00000162,0x0004006f,0x00000006,
0x00000f39,0x00000f38,0x000500c3,0x0000001d,0x00000f3b,0x00000d9a,0x00000162,0x0004006f,
0x00000006,0x00000f3c,0x00000f3b,0x00050050,0x00000009,0x00000f3d,0x00000f39,0x00000f3c,
0x000500ad,0x00000089,0x00000f3f,0x00000d4c,0x00000162,0x000600a9,0x00000006,0x00000f40,
0x00000f3f,0x0000016c,0x00000081,0x00050081,0x00000009,0x00000f43,0x00000f1c,0x00000f3d,
0x00050050,0x00000009,0x00000f45,0x00000f40,0x00000f40,0x00050088,0x00000009,0x00000f46,
0x00000f43,0x00000f45,0x00060041,0x00000074,0x00000f47,0x00000071,0x00000121,0x00000063,
0x0004003d,0x00000006,0x00000f48,0x00000f47,0x00050088,0x00000009,0x00000f4c,0x00000f3d,
0x00000f45,0x00050085,0x00000006,0x00000f4e,0x00000f48,0x0000007b,0x00050050,0x00000009,
0x00000f4f,0x00000f4e,0x00000f4e,0x00050081,0x00000009,0x00000f50,0x00000f4c,0x00000f4f,
0x00050081,0x00000009,0x00000f53,0x00000f3d,0x000000c9,0x00050088,0x00000009,0x00000f56,
0x00000f53,0x00000f45,0x00050083,0x00000009,0x00000f5a,0x00000f56,0x00000f4f,0x0008000c,
0x00000009,0x00000f5e,0x00000001,0x0000002b,0x00000f46,0x00000f50,0x00000f5a,0x000300f7,
0x00000f69,0x00000000,0x000400fa,0x00000f3f,0x00000f61,0x00000f68,0x000200f8,0x00000f61,
0x0004006f,0x00000006,0x00000f63,0x00000d9a,0x0004006f,0x00000006,0x00000f66,0x00000d52,
0x00050088,0x00000006,0x00000f67,0x00000f63,0x00000f66,0x000200f9,0x00000f69,0x000200f8,
0x00000f68,0x000200f9,0x00000f69,0x000200f8,0x00000f69,0x000700f5,0x00000006,0x00001128,
0x00000f67,0x00000f61,0x000000a3,0x00000f68,0x00060041,0x00000074,0x00000f6b,0x00000071,
0x0000019f,0x00000063,0x0004003d,0x00000006,0x00000f6c,0x00000f6b,0x00060041,0x00000074,
0x00000f6d,0x00000071,0x0000019f,0x00000073,0x0004003d,0x00000006,0x00000f6e,0x00000f6d,
0x0008000c,0x00000006,0x00000f70,0x00000001,0x0000002e,0x00000f6c,0x00000f6e,0x00001128,
0x00050081,0x00000006,0x00000f71,0x00000f70,0x0000007b,0x0004006e,0x0000001d,0x00000f72,
0x00000f71,0x000500b3,0x00000089,0x00000f74,0x00000f72,0x000001a9,0x000300f7,0x00000f80,
0x00000000,0x000400fa,0x00000f74,0x00000f75,0x00000f80,0x000200f8,0x00000f75,0x0004003d,
0x000001ae,0x00000f76,0x000001b0,0x00050051,0x00000006,0x00000f7a,0x00000f5e,0x00000000,
0x00050051,0x00000006,0x00000f7b,0x00000f5e,0x00000001,0x00060050,0x00000007,0x00000f7c,
0x00000f7a,0x00000f7b,0x00000f1e,0x00060059,0x00000006,0x00000f7e,0x00000f76,0x00000f7c,
0x00000f1e,0x000200f9,0x00001006,0x000200f8,0x00000f80,0x000500aa,0x00000089,0x00000f82,
0x00000f72,0x00000162,0x000300f7,0x00000fdb,0x00000000,0x000400fa,0x00000f82,0x00000f83,
0x00000fdb,0x000200f8,0x00000f83,0x0004003d,0x000001ae,0x00000f87,0x000001b0,0x00050085,
0x00000006,0x00000f8b,0x00000f48,0x00001207,0x00050050,0x00000009,0x00000f8f,0x00000f8b,
0x00000f8b,0x00050081,0x00000009,0x00000f90,0x00000f5e,0x00000f8f,0x0008000c,0x00000009,
0x00000f93,0x00000001,0x0000002b,0x00000f90,0x00000f50,0x00000f5a,0x00050051,0x00000006,
0x00000f96,0x00000f93,0x00000000,0x00050051,0x00000006,0x00000f97,0x00000f93,0x00000001,
0x00060050,0x00000007,0x00000f98,0x00000f96,0x00000f97,0x00000f1e,0x00060059,0x00000006,
0x00000f9a,0x00000f87,0x00000f98,0x00000f1e,0x00050050,0x00000009,0x00000fa2,0x00000f4e,
0x00000f8b,0x00050081,0x00000009,0x00000fa3,0x00000f5e,0x00000fa2,0x0008000c,0x00000009,
0x00000fa6,0x00000001,0x0000002b,0x00000fa3,0x00000f50,0x00000f5a,0x00050051,0x00000006,
0x00000fa9,0x00000fa6,0x00000000,0x00050051,0x00000006,0x00000faa,0x00000fa6,0x00000001,
0x00060050,0x00000007,0x00000fab,0x00000fa9,0x00000faa,0x00000f1e,0x00060059,0x00000006,
0x00000fad,0x00000f87,0x00000fab,0x00000f1e,0x00050081,0x00000006,0x00000faf,0x00000f9a,
0x00000fad,0x00050050,0x00000009,0x00000fb7,0x00000f8b,0x00000f4e,0x00050081,0x00000009,
0x00000fb8,0x00000f5e,0x00000fb7,0x0008000c,0x00000009,0x00000fbb,0x00000001,0x0000002b,
0x00000fb8,0x00000f50,0x00000f5a,0x00050051,0x00000006,0x00000fbe,0x00000fbb,0x00000000,
0x00050051,0x00000006,0x00000fbf,0x00000fbb,0x00000001,0x00060050,0x00000007,0x00000fc0,
0x00000fbe,0x00000fbf,0x00000f1e,0x00060059,0x00000006,0x00000fc2,0x00000f87,0x00000fc0,
0x00000f1e,0x00050081,0x00000006,0x00000fc4,0x00000faf,0x00000fc2,0x00050081,0x00000009,
0x00000fcc,0x00000f5e,0x00000f4f,0x0008000c,0x00000009,0x00000fcf,0x00000001,0x0000002b,
0x00000fcc,0x00000f50,0x00000f5a,0x00050051,0x00000006,0x00000fd2,0x00000fcf,0x00000000,
0x00050051,0x00000006,0x00000fd3,0x00000fcf,0x00000001,0x00060050,0x00000007,0x00000fd4,
0x00000fd2,0x00000fd3,0x00000f1e,0x00060059,0x00000006,0x00000fd6,0x00000f87,0x00000fd4,
0x00000f1e,0x00050081,0x00000006,0x00000fd8,0x00000fc4,0x00000fd6,0x00050085,0x00000006,
0x00000fda,0x00000fd8,0x000000f3,0x000200f9,0x00001006,0x000200f8,0x00000fdb,0x000200f9,
0x00000fdc,0x000200f8,0x00000fdc,0x000700f5,0x00000006,0x0000112a,0x000000a3,0x00000fdb,
0x0000112d,0x00001000,0x000700f5,0x0000001d,0x00001129,0x0000021d,0x00000fdb,0x00001002,
0x00001000,0x000500b3,0x00000089,0x00000fdf,0x00001129,0x00000162,0x000400f6,0x00001003,
0x00001000,0x00000000,0x000400fa,0x00000fdf,0x00000fe0,0x00001003,0x000200f8,0x00000fe0,
0x000200f9,0x00000fe1,0x000200f8,0x00000fe1,0x000700f5,0x00000006,0x0000112d,0x0000112a,
0x00000fe0,0x00000ffb,0x00000fe5,0x000700f5,0x0000001d,0x0000112b,0x0000021d,0x00000fe0,
0x00000ffe,0x00000fe5,0x000500b3,0x00000089,0x00000fe4,0x0000112b,0x00000162,0x000400f6,
0x00000fff,0x00000fe5,0x00000000,0x000400fa,0x00000fe4,0x00000fe5,0x00000fff,0x000200f8,
0x00000fe5,0x0004003d,0x000001ae,0x00000fe6,0x000001b0,0x0004006f,0x00000006,0x00000fe9,
0x0000112b,0x0004006f,0x00000006,0x00000feb,0x00001129,0x00050050,0x00000009,0x00000fec,
0x00000fe9,0x00000feb,0x0005008e,0x00000009,0x00000fee,0x00000fec,0x00000f48,0x00050081,
0x00000009,0x00000fef,0x00000f5e,0x00000fee,0x0008000c,0x00000009,0x00000ff2,0x00000001,
0x0000002b,0x00000fef,0x00000f50,0x00000f5a,0x00050051,0x00000006,0x00000ff5,0x00000ff2,
0x00000000,0x00050051,0x00000006,0x00000ff6,0x00000ff2,0x00000001,0x00060050,0x00000007,
0x00000ff7,0x00000ff5,0x00000ff6,0x00000f1e,0x00060059,0x00000006,0x00000ff9,0x00000fe6,
0x00000ff7,0x00000f1e,0x00050081,0x00000006,0x00000ffb,0x0000112d,0x00000ff9,0x00050080,
0x0000001d,0x00000ffe,0x0000112b,0x00000162,0x000200f9,0x00000fe1,0x000200f8,0x00000fff,
0x000200f9,0x00001000,0x000200f8,0x00001000,0x00050080,0x0000001d,0x00001002,0x00001129,
0x00000162,0x000200f9,0x00000fdc,0x000200f8,0x00001003,0x00050085,0x00000006,0x00001005,
0x0000112a,0x00000248,0x000200f9,0x00001006,0x000200f8,0x00001006,0x000b00f5,0x00000006,
0x0000112e,0x00000081,0x00000f35,0x00000f7e,0x00000f75,0x00000fda,0x00000f83,0x00001005,
0x00001003,0x0008000c,0x00000006,0x00000da2,0x00000001,0x00000031,0x00000d94,0x00000d7e,
0x0000080c,0x0008000c,0x00000006,0x00000da6,0x00000001,0x0000002e,0x0000111a,0x0000112e,
0x00000da2,0x000200f9,0x00000da7,0x000200f8,0x00000da7,0x000700f5,0x00000006,0x00001137,
0x0000111a,0x00000d8d,0x00000da6,0x00001006,0x000200f9,0x00000dc2,0x000200f8,0x00000da8,
0x000500aa,0x00000089,0x00000dac,0x00001112,0x00000d52,0x000300f7,0x00000db1,0x00000000,
0x000400fa,0x00000dac,0x00000dad,0x00000db1,0x000200f8,0x00000dad,0x00060041,0x00000074,
0x00000dae,0x00000071,0x0000029c,0x00000073,0x0004003d,0x00000006,0x00000daf,0x00000dae,
0x000500ba,0x00000089,0x00000db0,0x00000daf,0x000000a3,0x000200f9,0x00000db1,0x000200f8,
0x00000db1,0x000700f5,0x00000089,0x00000db2,0x00000dac,0x00000da8,0x00000db0,0x00000dad,
0x000300f7,0x00000dc1,0x00000000,0x000400fa,0x00000db2,0x00000db3,0x00000dc1,0x000200f8,
0x00000db3,0x00060041,0x00000074,0x00000db5,0x00000071,0x0000029c,0x00000073,0x0004003d,
0x00000006,0x00000db6,0x00000db5,0x0004007f,0x00000006,0x00001208,0x00000d82,0x0008000c,
0x00000006,0x00000dba,0x00000001,0x00000032,0x00001208,0x00000db6,0x00000d7e,0x0008000c,
0x00000006,0x00000dbf,0x00000001,0x00000031,0x00000dba,0x00000d7e,0x0000080c,0x0008000c,
0x00000006,0x00000dc0,0x00000001,0x0000002e,0x0000111a,0x00000081,0x00000dbf,0x000200f9,
0x00000dc1,0x000200f8,0x00000dc1,0x000700f5,0x00000006,0x00001138,0x0000111a,0x00000db1,
0x00000dc0,0x00000db3,0x000200f9,0x00000dc2,0x000200f8,0x00000dc2,0x000700f5,0x00000006,
0x00001136,0x00001137,0x00000da7,0x00001138,0x00000dc1,0x000200f9,0x00000dc4,0x000200f8,
0x00000dc4,0x000900f5,0x00000006,0x00001139,0x00000081,0x00000d4f,0x00000081,0x00000d58,
0x00001136,0x00000dc2,0x000200f9,0x000006d0,0x000200f8,0x000006d8,0x000200f9,0x000006d0,
0x000200f8,0x000006d0,0x000700f5,0x00000006,0x0000113a,0x00001139,0x00000dc4,0x00000081,
0x000006d8,0x00050041,0x00000351,0x000006db,0x00000071,0x00000162,0x0004003d,0x00000049,
0x000006dc,0x000006db,0x0008004f,0x00000007,0x000006dd,0x000006dc,0x000006dc,0x00000000,
0x00000001,0x00000002,0x00060041,0x00000074,0x000006de,0x00000071,0x000001a9,0x00000092,
0x0004003d,0x00000006,0x000006df,0x000006de,0x0005008e,0x00000007,0x000006e0,0x000006dd,
0x000006df,0x0005008e,0x00000007,0x000006e2,0x000006e0,0x000006c7,0x0005008e,0x00000007,
0x000006e4,0x000006e2,0x0000113a,0x0004007f,0x00000007,0x000006e7,0x00000695,0x00050094,
0x00000006,0x000006e9,0x000006e7,0x000005f2,0x0007000c,0x00000006,0x000006ea,0x00000001,
0x00000028,0x000006e9,0x000000a3,0x0007000c,0x00000006,0x000006ec,0x00000001,0x0000001a,
0x000006ea,0x000006eb,0x00050041,0x00000351,0x000006ee,0x00000071,0x0000033d,0x0004003d,
0x00000049,0x000006ef,0x000006ee,0x0008004f,0x00000007,0x000006f0,0x000006ef,0x000006ef,
0x00000000,0x00000001,0x00000002,0x00060041,0x00000074,0x000006f1,0x00000071,0x0000033d,
0x00000092,0x0004003d,0x00000006,0x000006f2,0x000006f1,0x0005008e,0x00000007,0x000006f3,
0x000006f0,0x000006f2,0x00050051,0x00000006,0x000006fb,0x00000694,0x00000001,0x0007000c,
0x00000006,0x000006fc,0x00000001,0x00000028,0x000006fb,0x000000a3,0x0005008e,0x00000007,
0x000006fd,0x000006e0,0x000006fc,0x0005008e,0x00000007,0x000006ff,0x000006fd,0x0000113a,
0x0008000c,0x00000007,0x00000702,0x00000001,0x00000032,0x000006ff,0x0000120a,0x000006f3,
0x0008000c,0x00000006,0x00000709,0x00000001,0x00000032,0x00000705,0x0000068d,0x00000704,
0x0005008e,0x00000007,0x0000070a,0x00000702,0x00000709,0x0005008e,0x00000007,0x00000711,
0x00000684,0x000006ec,0x0005008e,0x00000007,0x00000713,0x00000711,0x0000069a,0x0005008e,
0x00000007,0x00000716,0x00000713,0x0000068d,0x0005008e,0x00000007,0x00000718,0x00000716,
0x0000113a,0x0008000c,0x00000007,0x0000071a,0x00000001,0x00000032,0x00000691,0x0000070a,
0x00000718,0x00060041,0x00000074,0x0000071c,0x00000071,0x0000049b,0x00000092,0x0004003d,
0x00000006,0x0000071d,0x0000071c,0x000500ba,0x00000089,0x00000720,0x0000071d,0x000000a3,
0x000300f7,0x00000723,0x00000000,0x000400fa,0x00000720,0x00000722,0x0000072d,0x000200f8,
0x00000722,0x0007000c,0x00000006,0x00000725,0x00000001,0x00000028,0x0000071d,0x00000548,
0x0008000c,0x00000006,0x00000727,0x00000001,0x00000031,0x000000a3,0x00000725,0x000010f0,
0x00050083,0x00000006,0x00000728,0x00000081,0x00000727,0x0007000c,0x00000006,0x0000072b,
0x00000001,0x00000030,0x000004cc,0x0000072a,0x00050085,0x00000006,0x0000072c,0x00000728,
0x0000072b,0x000200f9,0x00000723,0x000200f8,0x0000072d,0x000200f9,0x00000723,0x000200f8,
0x00000723,0x000700f5,0x00000006,0x0000116b,0x0000072c,0x00000722,0x000000a3,0x0000072d,
0x0006000c,0x00000006,0x00000733,0x00000001,0x00000042,0x00001172,0x0008000c,0x00000006,
0x00000734,0x00000001,0x00000031,0x00000730,0x00000731,0x00000733,0x0007000c,0x00000006,
0x00000738,0x00000001,0x00000028,0x00001199,0x0000116b,0x0007000c,0x00000006,0x0000073a,
0x00000001,0x00000028,0x00000738,0x00000734,0x00060041,0x00000074,0x0000073d,0x00000071,
0x0000067d,0x00000092,0x0004003d,0x00000006,0x0000073e,0x0000073d,0x00050085,0x00000006,
0x0000073f,0x0000073a,0x0000073e,0x00060041,0x00000074,0x00000741,0x00000071,0x00000740,
0x00000073,0x0004003d,0x00000006,0x00000742,0x00000741,0x00050085,0x00000006,0x00000743,
0x0000073f,0x00000742,0x0008000c,0x00000006,0x00000744,0x00000001,0x0000002b,0x00000743,
0x000000a3,0x00000081,0x00050051,0x00000006,0x00000747,0x00001094,0x00000001,0x00050085,
0x00000006,0x00000748,0x00000744,0x00000747,0x000300f7,0x0000074c,0x00000000,0x000400fa,
0x00000477,0x0000074b,0x00000752,0x000200f8,0x0000074b,0x00050041,0x000004bd,0x0000074e,
0x0000074d,0x00000063,0x0004003d,0x00000006,0x0000074f,0x0000074e,0x00050085,0x00000006,
0x00000751,0x0000074f,0x00000750,0x000200f9,0x0000074c,0x000200f8,0x00000752,0x000200f9,
0x0000074c,0x000200f8,0x0000074c,0x000700f5,0x00000006,0x000011ca,0x00000751,0x0000074b,
0x00000081,0x00000752,0x00050085,0x00000006,0x00000754,0x00000748,0x000011ca,0x0008000c,
0x00000006,0x00000755,0x00000001,0x0000002b,0x00000754,0x000000a3,0x00000081,0x0007004f,
0x00000009,0x00000758,0x000004d9,0x000004d9,0x00000000,0x00000002,0x00050083,0x00000009,
0x0000075a,0x00000758,0x00000499,0x0005008e,0x00000009,0x0000075c,0x0000075a,0x0000075b,
0x0005008e,0x00000009,0x00000762,0x0000075f,0x00000498,0x00050081,0x00000009,0x00000763,
0x0000075c,0x00000762,0x0004003d,0x0000009b,0x00000765,0x00000445,0x00050057,0x00000049,
0x00000767,0x00000765,0x00000763,0x00050051,0x00000006,0x00000768,0x00000767,0x00000000,
0x0005008e,0x00000009,0x00000774,0x00000758,0x00000773,0x00050091,0x00000009,0x00000775,
0x00000770,0x00000774,0x0005008e,0x00000009,0x0000077b,0x00000778,0x00000498,0x00050081,
0x00000009,0x0000077c,0x00000775,0x0000077b,0x00050057,0x00000049,0x0000077d,0x00000765,
0x0000077c,0x00050051,0x00000006,0x0000077e,0x0000077d,0x00000001,0x0008000c,0x00000006,
0x00000784,0x00000001,0x0000002e,0x00000768,0x0000077e,0x00000783,0x0008000c,0x00000006,
0x00000785,0x00000001,0x00000031,0x00000731,0x00000780,0x00000784,0x0008000c,0x00000006,
0x00000788,0x00000001,0x0000002e,0x00000786,0x00000081,0x00000785,0x00050085,0x00000006,
0x0000078a,0x00000755,0x00000788,0x00050083,0x00000006,0x0000078d,0x00000081,0x0000067b,
0x0008000c,0x00000006,0x0000078e,0x00000001,0x0000002b,0x0000078d,0x000000a3,0x00000081,
0x00050083,0x00000006,0x00000793,0x00000081,0x0000078e,0x0008000c,0x00000006,0x00000795,
0x00000001,0x00000032,0x000011d0,0x00000793,0x0000078e,0x0007000c,0x00000006,0x00000797,
0x00000001,0x00000028,0x00000795,0x0000078a,0x0008000c,0x00000006,0x00000798,0x00000001,
0x0000002b,0x00000797,0x000000a3,0x00000081,0x0005008e,0x00000007,0x0000079c,0x0000071a,
0x0000078e,0x00050083,0x00000006,0x0000079e,0x00000081,0x000011d0,0x0005008e,0x00000007,
0x0000079f,0x0000079c,0x0000079e,0x0005008e,0x00000007,0x000007a2,0x000010e9,0x000011d0,
0x00050081,0x00000007,0x000007a3,0x0000079f,0x000007a2,0x00050081,0x00000007,0x000007a5,
0x000007a3,0x000006e4,0x00050085,0x00000007,0x000007ab,0x000007a9,0x00000702,0x0005008e,
0x00000007,0x000007ad,0x000007ab,0x00000798,0x00060050,0x00000007,0x000007af,0x0000078a,
0x0000078a,0x0000078a,0x0008000c,0x00000007,0x000007b0,0x00000001,0x0000002e,0x000007a5,
0x000007ad,0x000007af,0x0007000c,0x00000006,0x000007b4,0x00000001,0x00000028,0x00000798,
0x00000423,0x00060050,0x00000007,0x000007b5,0x000007b4,0x000007b4,0x000007b4,0x00050088,
0x00000007,0x000007b6,0x000007b0,0x000007b5,0x00060041,0x00000074,0x0000100b,0x00000071,
0x00000072,0x00000063,0x0004003d,0x00000006,0x0000100c,0x0000100b,0x0005008e,0x00000007,
0x0000100d,0x000007b6,0x0000100c,0x0007000c,0x00000007,0x0000100e,0x00000001,0x00000028,
0x0000100d,0x00000103,0x0005008e,0x00000007,0x00001011,0x0000100e,0x00000106,0x00050081,
0x00000007,0x00001013,0x00001011,0x000011f1,0x00050085,0x00000007,0x00001014,0x0000100e,
0x00001013,0x0005008e,0x00000007,0x00001017,0x0000100e,0x0000010e,0x00050081,0x00000007,
0x00001019,0x00001017,0x000011f2,0x0008000c,0x00000007,0x0000101c,0x00000001,0x00000032,
0x0000100e,0x00001019,0x000011f3,0x00050088,0x00000007,0x0000101d,0x00001014,0x0000101c,
0x0008000c,0x00000007,0x00001020,0x00000001,0x0000002b,0x0000101d,0x00000103,0x000011f4,
0x00060041,0x0000046c,0x000007b9,0x0000046a,0x0000046b,0x00000060,0x0004003d,0x00000047,
0x000007ba,0x000007b9,0x000500c7,0x00000047,0x000007bb,0x000007ba,0x00000073,0x000500ab,
0x00000089,0x000007bc,0x000007bb,0x00000063,0x000300f7,0x000007be,0x00000000,0x000400fa,
0x000007bc,0x000007bd,0x000007be,0x000200f8,0x000007bd,0x0005008e,0x00000007,0x000007c1,
0x00001020,0x000007bf,0x0007000c,0x00000007,0x000007c6,0x00000001,0x0000001a,0x00001020,
0x000007c5,0x0005008e,0x00000007,0x000007c7,0x000007c6,0x000007c2,0x00050083,0x00000007,
0x000007ca,0x000007c7,0x000011f5,0x000500ba,0x000007ce,0x000007cf,0x00001020,0x000007cd,
0x000600a9,0x00000007,0x000007d0,0x000007cf,0x000007ca,0x000007c1,0x000200f9,0x000007be,
0x000200f8,0x000007be,0x000700f5,0x00000007,0x000011ee,0x00001020,0x0000074c,0x000007d0,
0x000007bd,0x0005008e,0x00000007,0x000007d3,0x000011ee,0x00000798,0x00050051,0x00000006,
0x000007d5,0x000007d3,0x00000000,0x00050051,0x00000006,0x000007d6,0x000007d3,0x00000001,
0x00050051,0x00000006,0x000007d7,0x000007d3,0x00000002,0x00070050,0x00000049,0x000007d8,
0x000007d5,0x000007d6,0x000007d7,0x00000798,0x0003003e,0x000004a6,0x000007d8,0x000200f9,
0x000007dc,0x000200f8,0x000007dc,0x000100fd,0x00010038,
};
inline constexpr uint32_t kWater_SpectralFragSpirvSize = sizeof(kWater_SpectralFragSpirv);

} // namespace ae::rhi::shaders
